rosbagTimestamp,header,seq,stamp,secs,nsecs,frame_id,child_frame_id,pose,pose,position,x,y,z,orientation,x,y,z,w,covariance,twist,twist,linear,x,y,z,angular,x,y,z,covariance
1524751704085350540,,2,,1524751703,648071050,"""odom""",'',,,,0.0196782748215,0.184275605902,0.0,,0.0,0.0,0.0,1.0,"[1.3225, 0.0, 0.0, 0.0, 0.0, 0.0, 0.0, 1.3225, 0.0, 0.0, 0.0, 0.0, 0.0, 0.0, 5.289999999999999, 0.0, 0.0, 0.0, 0.0, 0.0, 0.0, 0.0, 0.0, 0.0, 0.0, 0.0, 0.0, 0.0, 0.0, 0.0, 0.0, 0.0, 0.0, 0.0, 0.0, 0.0]",,,,0.0,0.0,0.0,,0.0,0.0,0.0,"[0.0, 0.0, 0.0, 0.0, 0.0, 0.0, 0.0, 0.0, 0.0, 0.0, 0.0, 0.0, 0.0, 0.0, 0.0, 0.0, 0.0, 0.0, 0.0, 0.0, 0.0, 0.0, 0.0, 0.0, 0.0, 0.0, 0.0, 0.0, 0.0, 0.0, 0.0, 0.0, 0.0, 0.0, 0.0, 0.0]"
1524751705085330339,,3,,1524751704,684551000,"""odom""",'',,,,0.0196782748215,0.184275605902,0.0,,0.0,0.0,0.0,1.0,"[1.3225, 0.0, 0.0, 0.0, 0.0, 0.0, 0.0, 1.3225, 0.0, 0.0, 0.0, 0.0, 0.0, 0.0, 5.289999999999999, 0.0, 0.0, 0.0, 0.0, 0.0, 0.0, 0.0, 0.0, 0.0, 0.0, 0.0, 0.0, 0.0, 0.0, 0.0, 0.0, 0.0, 0.0, 0.0, 0.0, 0.0]",,,,0.0,0.0,0.0,,0.0,0.0,0.0,"[0.0, 0.0, 0.0, 0.0, 0.0, 0.0, 0.0, 0.0, 0.0, 0.0, 0.0, 0.0, 0.0, 0.0, 0.0, 0.0, 0.0, 0.0, 0.0, 0.0, 0.0, 0.0, 0.0, 0.0, 0.0, 0.0, 0.0, 0.0, 0.0, 0.0, 0.0, 0.0, 0.0, 0.0, 0.0, 0.0]"
1524751706085322500,,4,,1524751705,818722963,"""odom""",'',,,,0.0196782748215,0.184275605902,0.0,,0.0,0.0,0.0,1.0,"[1.3225, 0.0, 0.0, 0.0, 0.0, 0.0, 0.0, 1.3225, 0.0, 0.0, 0.0, 0.0, 0.0, 0.0, 5.289999999999999, 0.0, 0.0, 0.0, 0.0, 0.0, 0.0, 0.0, 0.0, 0.0, 0.0, 0.0, 0.0, 0.0, 0.0, 0.0, 0.0, 0.0, 0.0, 0.0, 0.0, 0.0]",,,,0.0,0.0,0.0,,0.0,0.0,0.0,"[0.0, 0.0, 0.0, 0.0, 0.0, 0.0, 0.0, 0.0, 0.0, 0.0, 0.0, 0.0, 0.0, 0.0, 0.0, 0.0, 0.0, 0.0, 0.0, 0.0, 0.0, 0.0, 0.0, 0.0, 0.0, 0.0, 0.0, 0.0, 0.0, 0.0, 0.0, 0.0, 0.0, 0.0, 0.0, 0.0]"
1524751707085270473,,5,,1524751706,651891946,"""odom""",'',,,,0.0196782748215,0.184275605902,0.0,,0.0,0.0,0.0,1.0,"[1.1025, -1.3877787807814457e-17, 0.0, 0.0, 0.0, 0.0, 1.3877787807814457e-17, 1.1025, 0.0, 0.0, 0.0, 0.0, 0.0, 0.0, 4.41, 0.0, 0.0, 0.0, 0.0, 0.0, 0.0, 0.0, 0.0, 0.0, 0.0, 0.0, 0.0, 0.0, 0.0, 0.0, 0.0, 0.0, 0.0, 0.0, 0.0, 0.0]",,,,0.0,0.0,0.0,,0.0,0.0,0.0,"[0.0, 0.0, 0.0, 0.0, 0.0, 0.0, 0.0, 0.0, 0.0, 0.0, 0.0, 0.0, 0.0, 0.0, 0.0, 0.0, 0.0, 0.0, 0.0, 0.0, 0.0, 0.0, 0.0, 0.0, 0.0, 0.0, 0.0, 0.0, 0.0, 0.0, 0.0, 0.0, 0.0, 0.0, 0.0, 0.0]"
1524751708085092350,,6,,1524751707,624655961,"""odom""",'',,,,0.0196782748215,0.184275605902,0.0,,0.0,0.0,0.0,1.0,"[2.5281000000000002, -2.7755575615628914e-17, 0.0, 0.0, 0.0, 0.0, 2.7755575615628914e-17, 2.5281000000000002, 0.0, 0.0, 0.0, 0.0, 0.0, 0.0, 10.112400000000001, 0.0, 0.0, 0.0, 0.0, 0.0, 0.0, 0.0, 0.0, 0.0, 0.0, 0.0, 0.0, 0.0, 0.0, 0.0, 0.0, 0.0, 0.0, 0.0, 0.0, 0.0]",,,,0.0,0.0,0.0,,0.0,0.0,0.0,"[0.0, 0.0, 0.0, 0.0, 0.0, 0.0, 0.0, 0.0, 0.0, 0.0, 0.0, 0.0, 0.0, 0.0, 0.0, 0.0, 0.0, 0.0, 0.0, 0.0, 0.0, 0.0, 0.0, 0.0, 0.0, 0.0, 0.0, 0.0, 0.0, 0.0, 0.0, 0.0, 0.0, 0.0, 0.0, 0.0]"
1524751709085169129,,7,,1524751708,646245002,"""odom""",'',,,,0.0196782748215,0.184275605902,0.0,,0.0,0.0,0.0,1.0,"[2.5281000000000002, -2.7755575615628914e-17, 0.0, 0.0, 0.0, 0.0, 2.7755575615628914e-17, 2.5281000000000002, 0.0, 0.0, 0.0, 0.0, 0.0, 0.0, 10.112400000000001, 0.0, 0.0, 0.0, 0.0, 0.0, 0.0, 0.0, 0.0, 0.0, 0.0, 0.0, 0.0, 0.0, 0.0, 0.0, 0.0, 0.0, 0.0, 0.0, 0.0, 0.0]",,,,0.0,0.0,0.0,,0.0,0.0,0.0,"[0.0, 0.0, 0.0, 0.0, 0.0, 0.0, 0.0, 0.0, 0.0, 0.0, 0.0, 0.0, 0.0, 0.0, 0.0, 0.0, 0.0, 0.0, 0.0, 0.0, 0.0, 0.0, 0.0, 0.0, 0.0, 0.0, 0.0, 0.0, 0.0, 0.0, 0.0, 0.0, 0.0, 0.0, 0.0, 0.0]"
1524751710085339906,,8,,1524751709,682866096,"""odom""",'',,,,0.0196782748215,0.184275605902,0.0,,0.0,0.0,0.0,1.0,"[2.5281000000000002, -2.7755575615628914e-17, 0.0, 0.0, 0.0, 0.0, 2.7755575615628914e-17, 2.5281000000000002, 0.0, 0.0, 0.0, 0.0, 0.0, 0.0, 10.112400000000001, 0.0, 0.0, 0.0, 0.0, 0.0, 0.0, 0.0, 0.0, 0.0, 0.0, 0.0, 0.0, 0.0, 0.0, 0.0, 0.0, 0.0, 0.0, 0.0, 0.0, 0.0]",,,,0.0,0.0,0.0,,0.0,0.0,0.0,"[0.0, 0.0, 0.0, 0.0, 0.0, 0.0, 0.0, 0.0, 0.0, 0.0, 0.0, 0.0, 0.0, 0.0, 0.0, 0.0, 0.0, 0.0, 0.0, 0.0, 0.0, 0.0, 0.0, 0.0, 0.0, 0.0, 0.0, 0.0, 0.0, 0.0, 0.0, 0.0, 0.0, 0.0, 0.0, 0.0]"
1524751711085256839,,9,,1524751710,822376966,"""odom""",'',,,,0.0196782748215,0.184275605902,0.0,,0.0,0.0,0.0,1.0,"[2.5281000000000002, -2.7755575615628914e-17, 0.0, 0.0, 0.0, 0.0, 2.7755575615628914e-17, 2.5281000000000002, 0.0, 0.0, 0.0, 0.0, 0.0, 0.0, 10.112400000000001, 0.0, 0.0, 0.0, 0.0, 0.0, 0.0, 0.0, 0.0, 0.0, 0.0, 0.0, 0.0, 0.0, 0.0, 0.0, 0.0, 0.0, 0.0, 0.0, 0.0, 0.0]",,,,0.0,0.0,0.0,,0.0,0.0,0.0,"[0.0, 0.0, 0.0, 0.0, 0.0, 0.0, 0.0, 0.0, 0.0, 0.0, 0.0, 0.0, 0.0, 0.0, 0.0, 0.0, 0.0, 0.0, 0.0, 0.0, 0.0, 0.0, 0.0, 0.0, 0.0, 0.0, 0.0, 0.0, 0.0, 0.0, 0.0, 0.0, 0.0, 0.0, 0.0, 0.0]"
1524751712085280523,,10,,1524751711,676439046,"""odom""",'',,,,0.0196782748215,0.184275605902,0.0,,0.0,0.0,0.0,1.0,"[3.2400000000000007, 0.0, 0.0, 0.0, 0.0, 0.0, 0.0, 3.2400000000000007, 0.0, 0.0, 0.0, 0.0, 0.0, 0.0, 12.96, 0.0, 0.0, 0.0, 0.0, 0.0, 0.0, 0.0, 0.0, 0.0, 0.0, 0.0, 0.0, 0.0, 0.0, 0.0, 0.0, 0.0, 0.0, 0.0, 0.0, 0.0]",,,,0.0,0.0,0.0,,0.0,0.0,0.0,"[0.0, 0.0, 0.0, 0.0, 0.0, 0.0, 0.0, 0.0, 0.0, 0.0, 0.0, 0.0, 0.0, 0.0, 0.0, 0.0, 0.0, 0.0, 0.0, 0.0, 0.0, 0.0, 0.0, 0.0, 0.0, 0.0, 0.0, 0.0, 0.0, 0.0, 0.0, 0.0, 0.0, 0.0, 0.0, 0.0]"
1524751713085363454,,11,,1524751712,644248962,"""odom""",'',,,,0.0196782831245,0.184275611437,0.0,,0.0,0.0,0.0,1.0,"[1.5876000000000001, -2.7755575615628914e-17, 0.0, 0.0, 0.0, 0.0, 2.7755575615628914e-17, 1.5876000000000001, 0.0, 0.0, 0.0, 0.0, 0.0, 0.0, 6.3504000000000005, 0.0, 0.0, 0.0, 0.0, 0.0, 0.0, 0.0, 0.0, 0.0, 0.0, 0.0, 0.0, 0.0, 0.0, 0.0, 0.0, 0.0, 0.0, 0.0, 0.0, 0.0]",,,,0.0,0.0,0.0,,0.0,0.0,0.0,"[0.0, 0.0, 0.0, 0.0, 0.0, 0.0, 0.0, 0.0, 0.0, 0.0, 0.0, 0.0, 0.0, 0.0, 0.0, 0.0, 0.0, 0.0, 0.0, 0.0, 0.0, 0.0, 0.0, 0.0, 0.0, 0.0, 0.0, 0.0, 0.0, 0.0, 0.0, 0.0, 0.0, 0.0, 0.0, 0.0]"
1524751714085332924,,12,,1524751713,649347066,"""odom""",'',,,,0.138297082275,0.171608645299,0.0,,0.0,0.0,0.0,1.0,"[1.2995999999999999, 1.3877787807814457e-17, 0.0, 0.0, 0.0, 0.0, -1.3877787807814457e-17, 1.2995999999999999, 0.0, 0.0, 0.0, 0.0, 0.0, 0.0, 5.1983999999999995, 0.0, 0.0, 0.0, 0.0, 0.0, 0.0, 0.0, 0.0, 0.0, 0.0, 0.0, 0.0, 0.0, 0.0, 0.0, 0.0, 0.0, 0.0, 0.0, 0.0, 0.0]",,,,0.0,0.0,0.0,,0.0,0.0,0.0,"[0.0, 0.0, 0.0, 0.0, 0.0, 0.0, 0.0, 0.0, 0.0, 0.0, 0.0, 0.0, 0.0, 0.0, 0.0, 0.0, 0.0, 0.0, 0.0, 0.0, 0.0, 0.0, 0.0, 0.0, 0.0, 0.0, 0.0, 0.0, 0.0, 0.0, 0.0, 0.0, 0.0, 0.0, 0.0, 0.0]"
1524751715085248796,,13,,1524751714,661180019,"""odom""",'',,,,0.414891209193,0.51482593645,0.0,,0.0,0.0,0.0,1.0,"[3.8415999999999997, -5.551115123125783e-17, 0.0, 0.0, 0.0, 0.0, 5.551115123125783e-17, 3.8415999999999997, 0.0, 0.0, 0.0, 0.0, 0.0, 0.0, 15.366399999999999, 0.0, 0.0, 0.0, 0.0, 0.0, 0.0, 0.0, 0.0, 0.0, 0.0, 0.0, 0.0, 0.0, 0.0, 0.0, 0.0, 0.0, 0.0, 0.0, 0.0, 0.0]",,,,0.0,0.0,0.0,,0.0,0.0,0.0,"[0.0, 0.0, 0.0, 0.0, 0.0, 0.0, 0.0, 0.0, 0.0, 0.0, 0.0, 0.0, 0.0, 0.0, 0.0, 0.0, 0.0, 0.0, 0.0, 0.0, 0.0, 0.0, 0.0, 0.0, 0.0, 0.0, 0.0, 0.0, 0.0, 0.0, 0.0, 0.0, 0.0, 0.0, 0.0, 0.0]"
1524751716085260794,,14,,1524751715,798389911,"""odom""",'',,,,0.533509995684,0.502158975144,0.0,,0.0,0.0,0.0,1.0,"[3.2041, 5.551115123125783e-17, 0.0, 0.0, 0.0, 0.0, -5.551115123125783e-17, 3.2041, 0.0, 0.0, 0.0, 0.0, 0.0, 0.0, 12.8164, 0.0, 0.0, 0.0, 0.0, 0.0, 0.0, 0.0, 0.0, 0.0, 0.0, 0.0, 0.0, 0.0, 0.0, 0.0, 0.0, 0.0, 0.0, 0.0, 0.0, 0.0]",,,,0.0,0.0,0.0,,0.0,0.0,0.0,"[0.0, 0.0, 0.0, 0.0, 0.0, 0.0, 0.0, 0.0, 0.0, 0.0, 0.0, 0.0, 0.0, 0.0, 0.0, 0.0, 0.0, 0.0, 0.0, 0.0, 0.0, 0.0, 0.0, 0.0, 0.0, 0.0, 0.0, 0.0, 0.0, 0.0, 0.0, 0.0, 0.0, 0.0, 0.0, 0.0]"
1524751717085081086,,15,,1524751716,636748075,"""odom""",'',,,,0.671807053674,0.673767638882,0.0,,0.0,0.0,0.0,1.0,"[3.2041, 5.551115123125783e-17, 0.0, 0.0, 0.0, 0.0, -5.551115123125783e-17, 3.2041, 0.0, 0.0, 0.0, 0.0, 0.0, 0.0, 12.8164, 0.0, 0.0, 0.0, 0.0, 0.0, 0.0, 0.0, 0.0, 0.0, 0.0, 0.0, 0.0, 0.0, 0.0, 0.0, 0.0, 0.0, 0.0, 0.0, 0.0, 0.0]",,,,0.0,0.0,0.0,,0.0,0.0,0.0,"[0.0, 0.0, 0.0, 0.0, 0.0, 0.0, 0.0, 0.0, 0.0, 0.0, 0.0, 0.0, 0.0, 0.0, 0.0, 0.0, 0.0, 0.0, 0.0, 0.0, 0.0, 0.0, 0.0, 0.0, 0.0, 0.0, 0.0, 0.0, 0.0, 0.0, 0.0, 0.0, 0.0, 0.0, 0.0, 0.0]"
1524751718085239448,,16,,1524751717,638930082,"""odom""",'',,,,0.928722846366,0.832709323629,0.0,,0.0,0.0,0.0,1.0,"[3.6864, -5.551115123125783e-17, 0.0, 0.0, 0.0, 0.0, 5.551115123125783e-17, 3.6864, 0.0, 0.0, 0.0, 0.0, 0.0, 0.0, 14.7456, 0.0, 0.0, 0.0, 0.0, 0.0, 0.0, 0.0, 0.0, 0.0, 0.0, 0.0, 0.0, 0.0, 0.0, 0.0, 0.0, 0.0, 0.0, 0.0, 0.0, 0.0]",,,,0.0,0.0,0.0,,0.0,0.0,0.0,"[0.0, 0.0, 0.0, 0.0, 0.0, 0.0, 0.0, 0.0, 0.0, 0.0, 0.0, 0.0, 0.0, 0.0, 0.0, 0.0, 0.0, 0.0, 0.0, 0.0, 0.0, 0.0, 0.0, 0.0, 0.0, 0.0, 0.0, 0.0, 0.0, 0.0, 0.0, 0.0, 0.0, 0.0, 0.0, 0.0]"
1524751719085237949,,17,,1524751718,639581918,"""odom""",'',,,,1.77873254818,0.92831635656,0.0,,0.0,0.0,0.0,1.0,"[3.2041, 5.551115123125783e-17, 0.0, 0.0, 0.0, 0.0, -5.551115123125783e-17, 3.2041, 0.0, 0.0, 0.0, 0.0, 0.0, 0.0, 12.8164, 0.0, 0.0, 0.0, 0.0, 0.0, 0.0, 0.0, 0.0, 0.0, 0.0, 0.0, 0.0, 0.0, 0.0, 0.0, 0.0, 0.0, 0.0, 0.0, 0.0, 0.0]",,,,0.0,0.0,0.0,,0.0,0.0,0.0,"[0.0, 0.0, 0.0, 0.0, 0.0, 0.0, 0.0, 0.0, 0.0, 0.0, 0.0, 0.0, 0.0, 0.0, 0.0, 0.0, 0.0, 0.0, 0.0, 0.0, 0.0, 0.0, 0.0, 0.0, 0.0, 0.0, 0.0, 0.0, 0.0, 0.0, 0.0, 0.0, 0.0, 0.0, 0.0, 0.0]"
1524751720085191294,,18,,1524751719,670227050,"""odom""",'',,,,2.45053925405,1.60208420713,0.0,,0.0,0.0,0.0,1.0,"[3.1684, -5.551115123125783e-17, 0.0, 0.0, 0.0, 0.0, 5.551115123125783e-17, 3.1684, 0.0, 0.0, 0.0, 0.0, 0.0, 0.0, 12.6736, 0.0, 0.0, 0.0, 0.0, 0.0, 0.0, 0.0, 0.0, 0.0, 0.0, 0.0, 0.0, 0.0, 0.0, 0.0, 0.0, 0.0, 0.0, 0.0, 0.0, 0.0]",,,,0.0,0.0,0.0,,0.0,0.0,0.0,"[0.0, 0.0, 0.0, 0.0, 0.0, 0.0, 0.0, 0.0, 0.0, 0.0, 0.0, 0.0, 0.0, 0.0, 0.0, 0.0, 0.0, 0.0, 0.0, 0.0, 0.0, 0.0, 0.0, 0.0, 0.0, 0.0, 0.0, 0.0, 0.0, 0.0, 0.0, 0.0, 0.0, 0.0, 0.0, 0.0]"
1524751721085159029,,19,,1524751720,794709920,"""odom""",'',,,,3.00372702145,2.28851901936,0.0,,0.0,0.0,0.0,1.0,"[3.1329000000000002, 0.0, 0.0, 0.0, 0.0, 0.0, 0.0, 3.1329000000000002, 0.0, 0.0, 0.0, 0.0, 0.0, 0.0, 12.531600000000001, 0.0, 0.0, 0.0, 0.0, 0.0, 0.0, 0.0, 0.0, 0.0, 0.0, 0.0, 0.0, 0.0, 0.0, 0.0, 0.0, 0.0, 0.0, 0.0, 0.0, 0.0]",,,,0.0,0.0,0.0,,0.0,0.0,0.0,"[0.0, 0.0, 0.0, 0.0, 0.0, 0.0, 0.0, 0.0, 0.0, 0.0, 0.0, 0.0, 0.0, 0.0, 0.0, 0.0, 0.0, 0.0, 0.0, 0.0, 0.0, 0.0, 0.0, 0.0, 0.0, 0.0, 0.0, 0.0, 0.0, 0.0, 0.0, 0.0, 0.0, 0.0, 0.0, 0.0]"
1524751722085105922,,20,,1524751721,646902084,"""odom""",'',,,,4.03138938816,2.92428620128,0.0,,0.0,0.0,0.0,1.0,"[1.3688999999999998, 0.0, 0.0, 0.0, 0.0, 0.0, 0.0, 1.3688999999999998, 0.0, 0.0, 0.0, 0.0, 0.0, 0.0, 5.475599999999999, 0.0, 0.0, 0.0, 0.0, 0.0, 0.0, 0.0, 0.0, 0.0, 0.0, 0.0, 0.0, 0.0, 0.0, 0.0, 0.0, 0.0, 0.0, 0.0, 0.0, 0.0]",,,,0.0,0.0,0.0,,0.0,0.0,0.0,"[0.0, 0.0, 0.0, 0.0, 0.0, 0.0, 0.0, 0.0, 0.0, 0.0, 0.0, 0.0, 0.0, 0.0, 0.0, 0.0, 0.0, 0.0, 0.0, 0.0, 0.0, 0.0, 0.0, 0.0, 0.0, 0.0, 0.0, 0.0, 0.0, 0.0, 0.0, 0.0, 0.0, 0.0, 0.0, 0.0]"
1524751723085083590,,21,,1524751722,659842014,"""odom""",'',,,,4.8808480351,4.13821389913,0.0,,0.0,0.0,0.0,1.0,"[1.4884000000000002, 0.0, 0.0, 0.0, 0.0, 0.0, 0.0, 1.4884000000000002, 0.0, 0.0, 0.0, 0.0, 0.0, 0.0, 5.9536, 0.0, 0.0, 0.0, 0.0, 0.0, 0.0, 0.0, 0.0, 0.0, 0.0, 0.0, 0.0, 0.0, 0.0, 0.0, 0.0, 0.0, 0.0, 0.0, 0.0, 0.0]",,,,0.0,0.0,0.0,,0.0,0.0,0.0,"[0.0, 0.0, 0.0, 0.0, 0.0, 0.0, 0.0, 0.0, 0.0, 0.0, 0.0, 0.0, 0.0, 0.0, 0.0, 0.0, 0.0, 0.0, 0.0, 0.0, 0.0, 0.0, 0.0, 0.0, 0.0, 0.0, 0.0, 0.0, 0.0, 0.0, 0.0, 0.0, 0.0, 0.0, 0.0, 0.0]"
1524751724085134112,,22,,1524751723,654743909,"""odom""",'',,,,5.41380678996,5.75869368453,0.0,,0.0,0.0,0.0,1.0,"[1.4884000000000002, 0.0, 0.0, 0.0, 0.0, 0.0, 0.0, 1.4884000000000002, 0.0, 0.0, 0.0, 0.0, 0.0, 0.0, 5.9536, 0.0, 0.0, 0.0, 0.0, 0.0, 0.0, 0.0, 0.0, 0.0, 0.0, 0.0, 0.0, 0.0, 0.0, 0.0, 0.0, 0.0, 0.0, 0.0, 0.0, 0.0]",,,,0.0,0.0,0.0,,0.0,0.0,0.0,"[0.0, 0.0, 0.0, 0.0, 0.0, 0.0, 0.0, 0.0, 0.0, 0.0, 0.0, 0.0, 0.0, 0.0, 0.0, 0.0, 0.0, 0.0, 0.0, 0.0, 0.0, 0.0, 0.0, 0.0, 0.0, 0.0, 0.0, 0.0, 0.0, 0.0, 0.0, 0.0, 0.0, 0.0, 0.0, 0.0]"
1524751725085092566,,23,,1524751724,674886941,"""odom""",'',,,,5.57123146533,7.23289852782,0.0,,0.0,0.0,0.0,1.0,"[1.4884000000000002, 0.0, 0.0, 0.0, 0.0, 0.0, 0.0, 1.4884000000000002, 0.0, 0.0, 0.0, 0.0, 0.0, 0.0, 5.9536, 0.0, 0.0, 0.0, 0.0, 0.0, 0.0, 0.0, 0.0, 0.0, 0.0, 0.0, 0.0, 0.0, 0.0, 0.0, 0.0, 0.0, 0.0, 0.0, 0.0, 0.0]",,,,0.0,0.0,0.0,,0.0,0.0,0.0,"[0.0, 0.0, 0.0, 0.0, 0.0, 0.0, 0.0, 0.0, 0.0, 0.0, 0.0, 0.0, 0.0, 0.0, 0.0, 0.0, 0.0, 0.0, 0.0, 0.0, 0.0, 0.0, 0.0, 0.0, 0.0, 0.0, 0.0, 0.0, 0.0, 0.0, 0.0, 0.0, 0.0, 0.0, 0.0, 0.0]"
1524751726084992161,,24,,1524751725,812937021,"""odom""",'',,,,6.04515703881,8.30055245388,0.0,,0.0,0.0,0.0,1.0,"[1.4884000000000002, 0.0, 0.0, 0.0, 0.0, 0.0, 0.0, 1.4884000000000002, 0.0, 0.0, 0.0, 0.0, 0.0, 0.0, 5.9536, 0.0, 0.0, 0.0, 0.0, 0.0, 0.0, 0.0, 0.0, 0.0, 0.0, 0.0, 0.0, 0.0, 0.0, 0.0, 0.0, 0.0, 0.0, 0.0, 0.0, 0.0]",,,,0.0,0.0,0.0,,0.0,0.0,0.0,"[0.0, 0.0, 0.0, 0.0, 0.0, 0.0, 0.0, 0.0, 0.0, 0.0, 0.0, 0.0, 0.0, 0.0, 0.0, 0.0, 0.0, 0.0, 0.0, 0.0, 0.0, 0.0, 0.0, 0.0, 0.0, 0.0, 0.0, 0.0, 0.0, 0.0, 0.0, 0.0, 0.0, 0.0, 0.0, 0.0]"
1524751727085025955,,25,,1524751726,631470918,"""odom""",'',,,,6.95364688839,10.0673060254,0.0,,0.0,0.0,0.0,1.0,"[2.7889, 5.551115123125783e-17, 0.0, 0.0, 0.0, 0.0, -5.551115123125783e-17, 2.7889, 0.0, 0.0, 0.0, 0.0, 0.0, 0.0, 11.1556, 0.0, 0.0, 0.0, 0.0, 0.0, 0.0, 0.0, 0.0, 0.0, 0.0, 0.0, 0.0, 0.0, 0.0, 0.0, 0.0, 0.0, 0.0, 0.0, 0.0, 0.0]",,,,0.0,0.0,0.0,,0.0,0.0,0.0,"[0.0, 0.0, 0.0, 0.0, 0.0, 0.0, 0.0, 0.0, 0.0, 0.0, 0.0, 0.0, 0.0, 0.0, 0.0, 0.0, 0.0, 0.0, 0.0, 0.0, 0.0, 0.0, 0.0, 0.0, 0.0, 0.0, 0.0, 0.0, 0.0, 0.0, 0.0, 0.0, 0.0, 0.0, 0.0, 0.0]"
1524751728085022403,,26,,1524751727,645454883,"""odom""",'',,,,6.77434569922,12.8821088584,0.0,,0.0,0.0,0.0,1.0,"[2.7889, 5.551115123125783e-17, 0.0, 0.0, 0.0, 0.0, -5.551115123125783e-17, 2.7889, 0.0, 0.0, 0.0, 0.0, 0.0, 0.0, 11.1556, 0.0, 0.0, 0.0, 0.0, 0.0, 0.0, 0.0, 0.0, 0.0, 0.0, 0.0, 0.0, 0.0, 0.0, 0.0, 0.0, 0.0, 0.0, 0.0, 0.0, 0.0]",,,,0.0,0.0,0.0,,0.0,0.0,0.0,"[0.0, 0.0, 0.0, 0.0, 0.0, 0.0, 0.0, 0.0, 0.0, 0.0, 0.0, 0.0, 0.0, 0.0, 0.0, 0.0, 0.0, 0.0, 0.0, 0.0, 0.0, 0.0, 0.0, 0.0, 0.0, 0.0, 0.0, 0.0, 0.0, 0.0, 0.0, 0.0, 0.0, 0.0, 0.0, 0.0]"
1524751729085102230,,27,,1524751728,647180080,"""odom""",'',,,,7.14987894996,13.0283837886,0.0,,0.0,0.0,0.0,1.0,"[1.9320999999999997, 0.0, 0.0, 0.0, 0.0, 0.0, 0.0, 1.9320999999999997, 0.0, 0.0, 0.0, 0.0, 0.0, 0.0, 7.728399999999999, 0.0, 0.0, 0.0, 0.0, 0.0, 0.0, 0.0, 0.0, 0.0, 0.0, 0.0, 0.0, 0.0, 0.0, 0.0, 0.0, 0.0, 0.0, 0.0, 0.0, 0.0]",,,,0.0,0.0,0.0,,0.0,0.0,0.0,"[0.0, 0.0, 0.0, 0.0, 0.0, 0.0, 0.0, 0.0, 0.0, 0.0, 0.0, 0.0, 0.0, 0.0, 0.0, 0.0, 0.0, 0.0, 0.0, 0.0, 0.0, 0.0, 0.0, 0.0, 0.0, 0.0, 0.0, 0.0, 0.0, 0.0, 0.0, 0.0, 0.0, 0.0, 0.0, 0.0]"
1524751730085134829,,28,,1524751729,704241991,"""odom""",'',,,,7.28762561412,14.3183132487,0.0,,0.0,0.0,0.0,1.0,"[1.2321000000000002, 0.0, 0.0, 0.0, 0.0, 0.0, 0.0, 1.2321000000000002, 0.0, 0.0, 0.0, 0.0, 0.0, 0.0, 4.928400000000001, 0.0, 0.0, 0.0, 0.0, 0.0, 0.0, 0.0, 0.0, 0.0, 0.0, 0.0, 0.0, 0.0, 0.0, 0.0, 0.0, 0.0, 0.0, 0.0, 0.0, 0.0]",,,,0.0,0.0,0.0,,0.0,0.0,0.0,"[0.0, 0.0, 0.0, 0.0, 0.0, 0.0, 0.0, 0.0, 0.0, 0.0, 0.0, 0.0, 0.0, 0.0, 0.0, 0.0, 0.0, 0.0, 0.0, 0.0, 0.0, 0.0, 0.0, 0.0, 0.0, 0.0, 0.0, 0.0, 0.0, 0.0, 0.0, 0.0, 0.0, 0.0, 0.0, 0.0]"
1524751731085106294,,29,,1524751730,718250036,"""odom""",'',,,,7.89984512711,15.5575748632,0.0,,0.0,0.0,0.0,1.0,"[1.9320999999999997, 0.0, 0.0, 0.0, 0.0, 0.0, 0.0, 1.9320999999999997, 0.0, 0.0, 0.0, 0.0, 0.0, 0.0, 7.728399999999999, 0.0, 0.0, 0.0, 0.0, 0.0, 0.0, 0.0, 0.0, 0.0, 0.0, 0.0, 0.0, 0.0, 0.0, 0.0, 0.0, 0.0, 0.0, 0.0, 0.0, 0.0]",,,,0.0,0.0,0.0,,0.0,0.0,0.0,"[0.0, 0.0, 0.0, 0.0, 0.0, 0.0, 0.0, 0.0, 0.0, 0.0, 0.0, 0.0, 0.0, 0.0, 0.0, 0.0, 0.0, 0.0, 0.0, 0.0, 0.0, 0.0, 0.0, 0.0, 0.0, 0.0, 0.0, 0.0, 0.0, 0.0, 0.0, 0.0, 0.0, 0.0, 0.0, 0.0]"
1524751732085122882,,30,,1524751731,660696029,"""odom""",'',,,,7.93810102977,18.1627671257,0.0,,0.0,0.0,0.0,1.0,"[1.2321000000000002, 0.0, 0.0, 0.0, 0.0, 0.0, 0.0, 1.2321000000000002, 0.0, 0.0, 0.0, 0.0, 0.0, 0.0, 4.928400000000001, 0.0, 0.0, 0.0, 0.0, 0.0, 0.0, 0.0, 0.0, 0.0, 0.0, 0.0, 0.0, 0.0, 0.0, 0.0, 0.0, 0.0, 0.0, 0.0, 0.0, 0.0]",,,,0.0,0.0,0.0,,0.0,0.0,0.0,"[0.0, 0.0, 0.0, 0.0, 0.0, 0.0, 0.0, 0.0, 0.0, 0.0, 0.0, 0.0, 0.0, 0.0, 0.0, 0.0, 0.0, 0.0, 0.0, 0.0, 0.0, 0.0, 0.0, 0.0, 0.0, 0.0, 0.0, 0.0, 0.0, 0.0, 0.0, 0.0, 0.0, 0.0, 0.0, 0.0]"
1524751733085104390,,31,,1524751732,654539108,"""odom""",'',,,,8.19446333606,19.4400280244,0.0,,0.0,0.0,0.0,1.0,"[1.6900000000000002, 0.0, 0.0, 0.0, 0.0, 0.0, 0.0, 1.6900000000000002, 0.0, 0.0, 0.0, 0.0, 0.0, 0.0, 6.760000000000001, 0.0, 0.0, 0.0, 0.0, 0.0, 0.0, 0.0, 0.0, 0.0, 0.0, 0.0, 0.0, 0.0, 0.0, 0.0, 0.0, 0.0, 0.0, 0.0, 0.0, 0.0]",,,,0.0,0.0,0.0,,0.0,0.0,0.0,"[0.0, 0.0, 0.0, 0.0, 0.0, 0.0, 0.0, 0.0, 0.0, 0.0, 0.0, 0.0, 0.0, 0.0, 0.0, 0.0, 0.0, 0.0, 0.0, 0.0, 0.0, 0.0, 0.0, 0.0, 0.0, 0.0, 0.0, 0.0, 0.0, 0.0, 0.0, 0.0, 0.0, 0.0, 0.0, 0.0]"
1524751734085431155,,32,,1524751733,642247915,"""odom""",'',,,,8.43115062369,20.5330153692,0.0,,0.0,0.0,0.0,1.0,"[3.0625, 0.0, 0.0, 0.0, 0.0, 0.0, 0.0, 3.0625, 0.0, 0.0, 0.0, 0.0, 0.0, 0.0, 12.25, 0.0, 0.0, 0.0, 0.0, 0.0, 0.0, 0.0, 0.0, 0.0, 0.0, 0.0, 0.0, 0.0, 0.0, 0.0, 0.0, 0.0, 0.0, 0.0, 0.0, 0.0]",,,,0.0,0.0,0.0,,0.0,0.0,0.0,"[0.0, 0.0, 0.0, 0.0, 0.0, 0.0, 0.0, 0.0, 0.0, 0.0, 0.0, 0.0, 0.0, 0.0, 0.0, 0.0, 0.0, 0.0, 0.0, 0.0, 0.0, 0.0, 0.0, 0.0, 0.0, 0.0, 0.0, 0.0, 0.0, 0.0, 0.0, 0.0, 0.0, 0.0, 0.0, 0.0]"
1524751735085018448,,33,,1524751734,669153928,"""odom""",'',,,,8.92475509476,21.7849464905,0.0,,0.0,0.0,0.0,1.0,"[2.3104, -2.7755575615628914e-17, 0.0, 0.0, 0.0, 0.0, 2.7755575615628914e-17, 2.3104, 0.0, 0.0, 0.0, 0.0, 0.0, 0.0, 9.2416, 0.0, 0.0, 0.0, 0.0, 0.0, 0.0, 0.0, 0.0, 0.0, 0.0, 0.0, 0.0, 0.0, 0.0, 0.0, 0.0, 0.0, 0.0, 0.0, 0.0, 0.0]",,,,0.0,0.0,0.0,,0.0,0.0,0.0,"[0.0, 0.0, 0.0, 0.0, 0.0, 0.0, 0.0, 0.0, 0.0, 0.0, 0.0, 0.0, 0.0, 0.0, 0.0, 0.0, 0.0, 0.0, 0.0, 0.0, 0.0, 0.0, 0.0, 0.0, 0.0, 0.0, 0.0, 0.0, 0.0, 0.0, 0.0, 0.0, 0.0, 0.0, 0.0, 0.0]"
1524751736085611923,,34,,1524751735,794699907,"""odom""",'',,,,9.18112093093,23.0622099254,0.0,,0.0,0.0,0.0,1.0,"[3.0625, 0.0, 0.0, 0.0, 0.0, 0.0, 0.0, 3.0625, 0.0, 0.0, 0.0, 0.0, 0.0, 0.0, 12.25, 0.0, 0.0, 0.0, 0.0, 0.0, 0.0, 0.0, 0.0, 0.0, 0.0, 0.0, 0.0, 0.0, 0.0, 0.0, 0.0, 0.0, 0.0, 0.0, 0.0, 0.0]",,,,0.0,0.0,0.0,,0.0,0.0,0.0,"[0.0, 0.0, 0.0, 0.0, 0.0, 0.0, 0.0, 0.0, 0.0, 0.0, 0.0, 0.0, 0.0, 0.0, 0.0, 0.0, 0.0, 0.0, 0.0, 0.0, 0.0, 0.0, 0.0, 0.0, 0.0, 0.0, 0.0, 0.0, 0.0, 0.0, 0.0, 0.0, 0.0, 0.0, 0.0, 0.0]"
1524751737085481284,,35,,1524751736,625369071,"""odom""",'',,,,9.73430433753,23.7486441574,0.0,,0.0,0.0,0.0,1.0,"[25.2004, 0.0, 0.0, 0.0, 0.0, 0.0, 0.0, 25.2004, 0.0, 0.0, 0.0, 0.0, 0.0, 0.0, 100.80159999999998, 0.0, 0.0, 0.0, 0.0, 0.0, 0.0, 0.0, 0.0, 0.0, 0.0, 0.0, 0.0, 0.0, 0.0, 0.0, 0.0, 0.0, 0.0, 0.0, 0.0, 0.0]",,,,0.0,0.0,0.0,,0.0,0.0,0.0,"[0.0, 0.0, 0.0, 0.0, 0.0, 0.0, 0.0, 0.0, 0.0, 0.0, 0.0, 0.0, 0.0, 0.0, 0.0, 0.0, 0.0, 0.0, 0.0, 0.0, 0.0, 0.0, 0.0, 0.0, 0.0, 0.0, 0.0, 0.0, 0.0, 0.0, 0.0, 0.0, 0.0, 0.0, 0.0, 0.0]"
1524751738085470580,,36,,1524751737,660651922,"""odom""",'',,,,10.5045012629,25.3437934326,0.0,,0.0,0.0,0.0,1.0,"[1.9320999999999997, 0.0, 0.0, 0.0, 0.0, 0.0, 0.0, 1.9320999999999997, 0.0, 0.0, 0.0, 0.0, 0.0, 0.0, 7.728399999999999, 0.0, 0.0, 0.0, 0.0, 0.0, 0.0, 0.0, 0.0, 0.0, 0.0, 0.0, 0.0, 0.0, 0.0, 0.0, 0.0, 0.0, 0.0, 0.0, 0.0, 0.0]",,,,0.0,0.0,0.0,,0.0,0.0,0.0,"[0.0, 0.0, 0.0, 0.0, 0.0, 0.0, 0.0, 0.0, 0.0, 0.0, 0.0, 0.0, 0.0, 0.0, 0.0, 0.0, 0.0, 0.0, 0.0, 0.0, 0.0, 0.0, 0.0, 0.0, 0.0, 0.0, 0.0, 0.0, 0.0, 0.0, 0.0, 0.0, 0.0, 0.0, 0.0, 0.0]"
1524751739085523473,,37,,1524751738,658243894,"""odom""",'',,,,10.8198948073,27.1738798705,0.0,,0.0,0.0,0.0,1.0,"[1.2321000000000002, 0.0, 0.0, 0.0, 0.0, 0.0, 0.0, 1.2321000000000002, 0.0, 0.0, 0.0, 0.0, 0.0, 0.0, 4.928400000000001, 0.0, 0.0, 0.0, 0.0, 0.0, 0.0, 0.0, 0.0, 0.0, 0.0, 0.0, 0.0, 0.0, 0.0, 0.0, 0.0, 0.0, 0.0, 0.0, 0.0, 0.0]",,,,0.0,0.0,0.0,,0.0,0.0,0.0,"[0.0, 0.0, 0.0, 0.0, 0.0, 0.0, 0.0, 0.0, 0.0, 0.0, 0.0, 0.0, 0.0, 0.0, 0.0, 0.0, 0.0, 0.0, 0.0, 0.0, 0.0, 0.0, 0.0, 0.0, 0.0, 0.0, 0.0, 0.0, 0.0, 0.0, 0.0, 0.0, 0.0, 0.0, 0.0, 0.0]"
1524751740085583104,,38,,1524751739,679553985,"""odom""",'',,,,11.5906352985,27.6507046781,0.0,,0.0,0.0,0.0,1.0,"[1.9880999999999998, 2.7755575615628914e-17, 0.0, 0.0, 0.0, 0.0, -2.7755575615628914e-17, 1.9880999999999998, 0.0, 0.0, 0.0, 0.0, 0.0, 0.0, 7.952399999999999, 0.0, 0.0, 0.0, 0.0, 0.0, 0.0, 0.0, 0.0, 0.0, 0.0, 0.0, 0.0, 0.0, 0.0, 0.0, 0.0, 0.0, 0.0, 0.0, 0.0, 0.0]",,,,0.0,0.0,0.0,,0.0,0.0,0.0,"[0.0, 0.0, 0.0, 0.0, 0.0, 0.0, 0.0, 0.0, 0.0, 0.0, 0.0, 0.0, 0.0, 0.0, 0.0, 0.0, 0.0, 0.0, 0.0, 0.0, 0.0, 0.0, 0.0, 0.0, 0.0, 0.0, 0.0, 0.0, 0.0, 0.0, 0.0, 0.0, 0.0, 0.0, 0.0, 0.0]"
1524751741085496541,,39,,1524751740,819855928,"""odom""",'',,,,12.0645634543,28.71836223,0.0,,0.0,0.0,0.0,1.0,"[1.9320999999999997, 0.0, 0.0, 0.0, 0.0, 0.0, 0.0, 1.9320999999999997, 0.0, 0.0, 0.0, 0.0, 0.0, 0.0, 7.728399999999999, 0.0, 0.0, 0.0, 0.0, 0.0, 0.0, 0.0, 0.0, 0.0, 0.0, 0.0, 0.0, 0.0, 0.0, 0.0, 0.0, 0.0, 0.0, 0.0, 0.0, 0.0]",,,,0.0,0.0,0.0,,0.0,0.0,0.0,"[0.0, 0.0, 0.0, 0.0, 0.0, 0.0, 0.0, 0.0, 0.0, 0.0, 0.0, 0.0, 0.0, 0.0, 0.0, 0.0, 0.0, 0.0, 0.0, 0.0, 0.0, 0.0, 0.0, 0.0, 0.0, 0.0, 0.0, 0.0, 0.0, 0.0, 0.0, 0.0, 0.0, 0.0, 0.0, 0.0]"
1524751742085194849,,40,,1524751741,651798963,"""odom""",'',,,,12.9730485603,30.4851162462,0.0,,0.0,0.0,0.0,1.0,"[1.4884000000000002, 0.0, 0.0, 0.0, 0.0, 0.0, 0.0, 1.4884000000000002, 0.0, 0.0, 0.0, 0.0, 0.0, 0.0, 5.9536, 0.0, 0.0, 0.0, 0.0, 0.0, 0.0, 0.0, 0.0, 0.0, 0.0, 0.0, 0.0, 0.0, 0.0, 0.0, 0.0, 0.0, 0.0, 0.0, 0.0, 0.0]",,,,0.0,0.0,0.0,,0.0,0.0,0.0,"[0.0, 0.0, 0.0, 0.0, 0.0, 0.0, 0.0, 0.0, 0.0, 0.0, 0.0, 0.0, 0.0, 0.0, 0.0, 0.0, 0.0, 0.0, 0.0, 0.0, 0.0, 0.0, 0.0, 0.0, 0.0, 0.0, 0.0, 0.0, 0.0, 0.0, 0.0, 0.0, 0.0, 0.0, 0.0, 0.0]"
1524751743085385823,,41,,1524751742,626842021,"""odom""",'',,,,13.4076093546,31.184215238,0.0,,0.0,0.0,0.0,1.0,"[1.8769000000000005, 2.7755575615628914e-17, 0.0, 0.0, 0.0, 0.0, -2.7755575615628914e-17, 1.8769000000000005, 0.0, 0.0, 0.0, 0.0, 0.0, 0.0, 7.507600000000001, 0.0, 0.0, 0.0, 0.0, 0.0, 0.0, 0.0, 0.0, 0.0, 0.0, 0.0, 0.0, 0.0, 0.0, 0.0, 0.0, 0.0, 0.0, 0.0, 0.0, 0.0]",,,,0.0,0.0,0.0,,0.0,0.0,0.0,"[0.0, 0.0, 0.0, 0.0, 0.0, 0.0, 0.0, 0.0, 0.0, 0.0, 0.0, 0.0, 0.0, 0.0, 0.0, 0.0, 0.0, 0.0, 0.0, 0.0, 0.0, 0.0, 0.0, 0.0, 0.0, 0.0, 0.0, 0.0, 0.0, 0.0, 0.0, 0.0, 0.0, 0.0, 0.0, 0.0]"
1524751744085325592,,42,,1524751743,647377014,"""odom""",'',,,,14.0198318046,32.4234811353,0.0,,0.0,0.0,0.0,1.0,"[1.6900000000000002, 0.0, 0.0, 0.0, 0.0, 0.0, 0.0, 1.6900000000000002, 0.0, 0.0, 0.0, 0.0, 0.0, 0.0, 6.760000000000001, 0.0, 0.0, 0.0, 0.0, 0.0, 0.0, 0.0, 0.0, 0.0, 0.0, 0.0, 0.0, 0.0, 0.0, 0.0, 0.0, 0.0, 0.0, 0.0, 0.0, 0.0]",,,,0.0,0.0,0.0,,0.0,0.0,0.0,"[0.0, 0.0, 0.0, 0.0, 0.0, 0.0, 0.0, 0.0, 0.0, 0.0, 0.0, 0.0, 0.0, 0.0, 0.0, 0.0, 0.0, 0.0, 0.0, 0.0, 0.0, 0.0, 0.0, 0.0, 0.0, 0.0, 0.0, 0.0, 0.0, 0.0, 0.0, 0.0, 0.0, 0.0, 0.0, 0.0]"
1524751745085451573,,43,,1524751744,678937911,"""odom""",'',,,,14.4144915973,33.8723532221,0.0,,0.0,0.0,0.0,1.0,"[1.6900000000000002, 0.0, 0.0, 0.0, 0.0, 0.0, 0.0, 1.6900000000000002, 0.0, 0.0, 0.0, 0.0, 0.0, 0.0, 6.760000000000001, 0.0, 0.0, 0.0, 0.0, 0.0, 0.0, 0.0, 0.0, 0.0, 0.0, 0.0, 0.0, 0.0, 0.0, 0.0, 0.0, 0.0, 0.0, 0.0, 0.0, 0.0]",,,,0.0,0.0,0.0,,0.0,0.0,0.0,"[0.0, 0.0, 0.0, 0.0, 0.0, 0.0, 0.0, 0.0, 0.0, 0.0, 0.0, 0.0, 0.0, 0.0, 0.0, 0.0, 0.0, 0.0, 0.0, 0.0, 0.0, 0.0, 0.0, 0.0, 0.0, 0.0, 0.0, 0.0, 0.0, 0.0, 0.0, 0.0, 0.0, 0.0, 0.0, 0.0]"
1524751746085339922,,44,,1524751745,812330007,"""odom""",'',,,,15.0267125617,35.1116185096,0.0,,0.0,0.0,0.0,1.0,"[1.6900000000000002, 0.0, 0.0, 0.0, 0.0, 0.0, 0.0, 1.6900000000000002, 0.0, 0.0, 0.0, 0.0, 0.0, 0.0, 6.760000000000001, 0.0, 0.0, 0.0, 0.0, 0.0, 0.0, 0.0, 0.0, 0.0, 0.0, 0.0, 0.0, 0.0, 0.0, 0.0, 0.0, 0.0, 0.0, 0.0, 0.0, 0.0]",,,,0.0,0.0,0.0,,0.0,0.0,0.0,"[0.0, 0.0, 0.0, 0.0, 0.0, 0.0, 0.0, 0.0, 0.0, 0.0, 0.0, 0.0, 0.0, 0.0, 0.0, 0.0, 0.0, 0.0, 0.0, 0.0, 0.0, 0.0, 0.0, 0.0, 0.0, 0.0, 0.0, 0.0, 0.0, 0.0, 0.0, 0.0, 0.0, 0.0, 0.0, 0.0]"
1524751747085475259,,45,,1524751746,639132022,"""odom""",'',,,,15.6788303843,35.6011083635,0.0,,0.0,0.0,0.0,1.0,"[1.6900000000000002, 0.0, 0.0, 0.0, 0.0, 0.0, 0.0, 1.6900000000000002, 0.0, 0.0, 0.0, 0.0, 0.0, 0.0, 6.760000000000001, 0.0, 0.0, 0.0, 0.0, 0.0, 0.0, 0.0, 0.0, 0.0, 0.0, 0.0, 0.0, 0.0, 0.0, 0.0, 0.0, 0.0, 0.0, 0.0, 0.0, 0.0]",,,,0.0,0.0,0.0,,0.0,0.0,0.0,"[0.0, 0.0, 0.0, 0.0, 0.0, 0.0, 0.0, 0.0, 0.0, 0.0, 0.0, 0.0, 0.0, 0.0, 0.0, 0.0, 0.0, 0.0, 0.0, 0.0, 0.0, 0.0, 0.0, 0.0, 0.0, 0.0, 0.0, 0.0, 0.0, 0.0, 0.0, 0.0, 0.0, 0.0, 0.0, 0.0]"
1524751748085371832,,46,,1524751747,648253917,"""odom""",'',,,,15.895838379,36.5098204175,0.0,,0.0,0.0,0.0,1.0,"[1.6900000000000002, 0.0, 0.0, 0.0, 0.0, 0.0, 0.0, 1.6900000000000002, 0.0, 0.0, 0.0, 0.0, 0.0, 0.0, 6.760000000000001, 0.0, 0.0, 0.0, 0.0, 0.0, 0.0, 0.0, 0.0, 0.0, 0.0, 0.0, 0.0, 0.0, 0.0, 0.0, 0.0, 0.0, 0.0, 0.0, 0.0, 0.0]",,,,0.0,0.0,0.0,,0.0,0.0,0.0,"[0.0, 0.0, 0.0, 0.0, 0.0, 0.0, 0.0, 0.0, 0.0, 0.0, 0.0, 0.0, 0.0, 0.0, 0.0, 0.0, 0.0, 0.0, 0.0, 0.0, 0.0, 0.0, 0.0, 0.0, 0.0, 0.0, 0.0, 0.0, 0.0, 0.0, 0.0, 0.0, 0.0, 0.0, 0.0, 0.0]"
1524751749085387987,,47,,1524751748,636281013,"""odom""",'',,,,16.6069944529,37.5521406203,0.0,,0.0,0.0,0.0,1.0,"[2.2801000000000005, 0.0, 0.0, 0.0, 0.0, 0.0, 0.0, 2.2801000000000005, 0.0, 0.0, 0.0, 0.0, 0.0, 0.0, 9.1204, 0.0, 0.0, 0.0, 0.0, 0.0, 0.0, 0.0, 0.0, 0.0, 0.0, 0.0, 0.0, 0.0, 0.0, 0.0, 0.0, 0.0, 0.0, 0.0, 0.0, 0.0]",,,,0.0,0.0,0.0,,0.0,0.0,0.0,"[0.0, 0.0, 0.0, 0.0, 0.0, 0.0, 0.0, 0.0, 0.0, 0.0, 0.0, 0.0, 0.0, 0.0, 0.0, 0.0, 0.0, 0.0, 0.0, 0.0, 0.0, 0.0, 0.0, 0.0, 0.0, 0.0, 0.0, 0.0, 0.0, 0.0, 0.0, 0.0, 0.0, 0.0, 0.0, 0.0]"
1524751750085250050,,48,,1524751749,688247919,"""odom""",'',,,,17.2984773258,38.4101885044,0.0,,0.0,0.0,0.0,1.0,"[1.2321000000000002, 0.0, 0.0, 0.0, 0.0, 0.0, 0.0, 1.2321000000000002, 0.0, 0.0, 0.0, 0.0, 0.0, 0.0, 4.928400000000001, 0.0, 0.0, 0.0, 0.0, 0.0, 0.0, 0.0, 0.0, 0.0, 0.0, 0.0, 0.0, 0.0, 0.0, 0.0, 0.0, 0.0, 0.0, 0.0, 0.0, 0.0]",,,,0.0,0.0,0.0,,0.0,0.0,0.0,"[0.0, 0.0, 0.0, 0.0, 0.0, 0.0, 0.0, 0.0, 0.0, 0.0, 0.0, 0.0, 0.0, 0.0, 0.0, 0.0, 0.0, 0.0, 0.0, 0.0, 0.0, 0.0, 0.0, 0.0, 0.0, 0.0, 0.0, 0.0, 0.0, 0.0, 0.0, 0.0, 0.0, 0.0, 0.0, 0.0]"
1524751751085470044,,49,,1524751750,691600084,"""odom""",'',,,,17.9702736061,39.0839550954,0.0,,0.0,0.0,0.0,1.0,"[1.2321000000000002, 0.0, 0.0, 0.0, 0.0, 0.0, 0.0, 1.2321000000000002, 0.0, 0.0, 0.0, 0.0, 0.0, 0.0, 4.928400000000001, 0.0, 0.0, 0.0, 0.0, 0.0, 0.0, 0.0, 0.0, 0.0, 0.0, 0.0, 0.0, 0.0, 0.0, 0.0, 0.0, 0.0, 0.0, 0.0, 0.0, 0.0]",,,,0.0,0.0,0.0,,0.0,0.0,0.0,"[0.0, 0.0, 0.0, 0.0, 0.0, 0.0, 0.0, 0.0, 0.0, 0.0, 0.0, 0.0, 0.0, 0.0, 0.0, 0.0, 0.0, 0.0, 0.0, 0.0, 0.0, 0.0, 0.0, 0.0, 0.0, 0.0, 0.0, 0.0, 0.0, 0.0, 0.0, 0.0, 0.0, 0.0, 0.0, 0.0]"
1524751752085508016,,50,,1524751751,654695034,"""odom""",'',,,,18.6027166646,39.3891721249,0.0,,0.0,0.0,0.0,1.0,"[1.4884000000000002, 0.0, 0.0, 0.0, 0.0, 0.0, 0.0, 1.4884000000000002, 0.0, 0.0, 0.0, 0.0, 0.0, 0.0, 5.9536, 0.0, 0.0, 0.0, 0.0, 0.0, 0.0, 0.0, 0.0, 0.0, 0.0, 0.0, 0.0, 0.0, 0.0, 0.0, 0.0, 0.0, 0.0, 0.0, 0.0, 0.0]",,,,0.0,0.0,0.0,,0.0,0.0,0.0,"[0.0, 0.0, 0.0, 0.0, 0.0, 0.0, 0.0, 0.0, 0.0, 0.0, 0.0, 0.0, 0.0, 0.0, 0.0, 0.0, 0.0, 0.0, 0.0, 0.0, 0.0, 0.0, 0.0, 0.0, 0.0, 0.0, 0.0, 0.0, 0.0, 0.0, 0.0, 0.0, 0.0, 0.0, 0.0, 0.0]"
1524751753085466672,,51,,1524751752,654409885,"""odom""",'',,,,19.6500579416,40.209224108,0.0,,0.0,0.0,0.0,1.0,"[1.9320999999999997, 0.0, 0.0, 0.0, 0.0, 0.0, 0.0, 1.9320999999999997, 0.0, 0.0, 0.0, 0.0, 0.0, 0.0, 7.728399999999999, 0.0, 0.0, 0.0, 0.0, 0.0, 0.0, 0.0, 0.0, 0.0, 0.0, 0.0, 0.0, 0.0, 0.0, 0.0, 0.0, 0.0, 0.0, 0.0, 0.0, 0.0]",,,,0.0,0.0,0.0,,0.0,0.0,0.0,"[0.0, 0.0, 0.0, 0.0, 0.0, 0.0, 0.0, 0.0, 0.0, 0.0, 0.0, 0.0, 0.0, 0.0, 0.0, 0.0, 0.0, 0.0, 0.0, 0.0, 0.0, 0.0, 0.0, 0.0, 0.0, 0.0, 0.0, 0.0, 0.0, 0.0, 0.0, 0.0, 0.0, 0.0, 0.0, 0.0]"
1524751754085327911,,52,,1524751753,636490106,"""odom""",'',,,,20.8564687744,39.1485156345,0.0,,0.0,0.0,0.0,1.0,"[3.8809, 5.551115123125783e-17, 0.0, 0.0, 0.0, 0.0, -5.551115123125783e-17, 3.8809, 0.0, 0.0, 0.0, 0.0, 0.0, 0.0, 15.5236, 0.0, 0.0, 0.0, 0.0, 0.0, 0.0, 0.0, 0.0, 0.0, 0.0, 0.0, 0.0, 0.0, 0.0, 0.0, 0.0, 0.0, 0.0, 0.0, 0.0, 0.0]",,,,0.0,0.0,0.0,,0.0,0.0,0.0,"[0.0, 0.0, 0.0, 0.0, 0.0, 0.0, 0.0, 0.0, 0.0, 0.0, 0.0, 0.0, 0.0, 0.0, 0.0, 0.0, 0.0, 0.0, 0.0, 0.0, 0.0, 0.0, 0.0, 0.0, 0.0, 0.0, 0.0, 0.0, 0.0, 0.0, 0.0, 0.0, 0.0, 0.0, 0.0, 0.0]"
1524751755085532192,,53,,1524751754,650285005,"""odom""",'',,,,20.8958242873,39.5170670306,0.0,,0.0,0.0,0.0,1.0,"[3.8809, 5.551115123125783e-17, 0.0, 0.0, 0.0, 0.0, -5.551115123125783e-17, 3.8809, 0.0, 0.0, 0.0, 0.0, 0.0, 0.0, 15.5236, 0.0, 0.0, 0.0, 0.0, 0.0, 0.0, 0.0, 0.0, 0.0, 0.0, 0.0, 0.0, 0.0, 0.0, 0.0, 0.0, 0.0, 0.0, 0.0, 0.0, 0.0]",,,,0.0,0.0,0.0,,0.0,0.0,0.0,"[0.0, 0.0, 0.0, 0.0, 0.0, 0.0, 0.0, 0.0, 0.0, 0.0, 0.0, 0.0, 0.0, 0.0, 0.0, 0.0, 0.0, 0.0, 0.0, 0.0, 0.0, 0.0, 0.0, 0.0, 0.0, 0.0, 0.0, 0.0, 0.0, 0.0, 0.0, 0.0, 0.0, 0.0, 0.0, 0.0]"
1524751756085390506,,54,,1524751755,767533063,"""odom""",'',,,,21.1325082362,40.610054385,0.0,,0.0,0.0,0.0,1.0,"[3.8809, 5.551115123125783e-17, 0.0, 0.0, 0.0, 0.0, -5.551115123125783e-17, 3.8809, 0.0, 0.0, 0.0, 0.0, 0.0, 0.0, 15.5236, 0.0, 0.0, 0.0, 0.0, 0.0, 0.0, 0.0, 0.0, 0.0, 0.0, 0.0, 0.0, 0.0, 0.0, 0.0, 0.0, 0.0, 0.0, 0.0, 0.0, 0.0]",,,,0.0,0.0,0.0,,0.0,0.0,0.0,"[0.0, 0.0, 0.0, 0.0, 0.0, 0.0, 0.0, 0.0, 0.0, 0.0, 0.0, 0.0, 0.0, 0.0, 0.0, 0.0, 0.0, 0.0, 0.0, 0.0, 0.0, 0.0, 0.0, 0.0, 0.0, 0.0, 0.0, 0.0, 0.0, 0.0, 0.0, 0.0, 0.0, 0.0, 0.0, 0.0]"
1524751757085406337,,55,,1524751756,646039962,"""odom""",'',,,,21.744725549,41.8493193352,0.0,,0.0,0.0,0.0,1.0,"[2.7889, 5.551115123125783e-17, 0.0, 0.0, 0.0, 0.0, -5.551115123125783e-17, 2.7889, 0.0, 0.0, 0.0, 0.0, 0.0, 0.0, 11.1556, 0.0, 0.0, 0.0, 0.0, 0.0, 0.0, 0.0, 0.0, 0.0, 0.0, 0.0, 0.0, 0.0, 0.0, 0.0, 0.0, 0.0, 0.0, 0.0, 0.0, 0.0]",,,,0.0,0.0,0.0,,0.0,0.0,0.0,"[0.0, 0.0, 0.0, 0.0, 0.0, 0.0, 0.0, 0.0, 0.0, 0.0, 0.0, 0.0, 0.0, 0.0, 0.0, 0.0, 0.0, 0.0, 0.0, 0.0, 0.0, 0.0, 0.0, 0.0, 0.0, 0.0, 0.0, 0.0, 0.0, 0.0, 0.0, 0.0, 0.0, 0.0, 0.0, 0.0]"
1524751758085289768,,56,,1524751757,656001091,"""odom""",'',,,,21.9415002482,43.6920745558,0.0,,0.0,0.0,0.0,1.0,"[2.7889, 5.551115123125783e-17, 0.0, 0.0, 0.0, 0.0, -5.551115123125783e-17, 2.7889, 0.0, 0.0, 0.0, 0.0, 0.0, 0.0, 11.1556, 0.0, 0.0, 0.0, 0.0, 0.0, 0.0, 0.0, 0.0, 0.0, 0.0, 0.0, 0.0, 0.0, 0.0, 0.0, 0.0, 0.0, 0.0, 0.0, 0.0, 0.0]",,,,0.0,0.0,0.0,,0.0,0.0,0.0,"[0.0, 0.0, 0.0, 0.0, 0.0, 0.0, 0.0, 0.0, 0.0, 0.0, 0.0, 0.0, 0.0, 0.0, 0.0, 0.0, 0.0, 0.0, 0.0, 0.0, 0.0, 0.0, 0.0, 0.0, 0.0, 0.0, 0.0, 0.0, 0.0, 0.0, 0.0, 0.0, 0.0, 0.0, 0.0, 0.0]"
1524751759085408318,,57,,1524751758,645916938,"""odom""",'',,,,22.7330215505,42.1165373276,0.0,,0.0,0.0,0.0,1.0,"[1.9320999999999997, 0.0, 0.0, 0.0, 0.0, 0.0, 0.0, 1.9320999999999997, 0.0, 0.0, 0.0, 0.0, 0.0, 0.0, 7.728399999999999, 0.0, 0.0, 0.0, 0.0, 0.0, 0.0, 0.0, 0.0, 0.0, 0.0, 0.0, 0.0, 0.0, 0.0, 0.0, 0.0, 0.0, 0.0, 0.0, 0.0, 0.0]",,,,0.0,0.0,0.0,,0.0,0.0,0.0,"[0.0, 0.0, 0.0, 0.0, 0.0, 0.0, 0.0, 0.0, 0.0, 0.0, 0.0, 0.0, 0.0, 0.0, 0.0, 0.0, 0.0, 0.0, 0.0, 0.0, 0.0, 0.0, 0.0, 0.0, 0.0, 0.0, 0.0, 0.0, 0.0, 0.0, 0.0, 0.0, 0.0, 0.0, 0.0, 0.0]"
1524751760085296605,,58,,1524751759,686120986,"""odom""",'',,,,23.0686438121,43.0125816214,0.0,,0.0,0.0,0.0,1.0,"[1.4884000000000002, 0.0, 0.0, 0.0, 0.0, 0.0, 0.0, 1.4884000000000002, 0.0, 0.0, 0.0, 0.0, 0.0, 0.0, 5.9536, 0.0, 0.0, 0.0, 0.0, 0.0, 0.0, 0.0, 0.0, 0.0, 0.0, 0.0, 0.0, 0.0, 0.0, 0.0, 0.0, 0.0, 0.0, 0.0, 0.0, 0.0]",,,,0.0,0.0,0.0,,0.0,0.0,0.0,"[0.0, 0.0, 0.0, 0.0, 0.0, 0.0, 0.0, 0.0, 0.0, 0.0, 0.0, 0.0, 0.0, 0.0, 0.0, 0.0, 0.0, 0.0, 0.0, 0.0, 0.0, 0.0, 0.0, 0.0, 0.0, 0.0, 0.0, 0.0, 0.0, 0.0, 0.0, 0.0, 0.0, 0.0, 0.0, 0.0]"
1524751761085363153,,59,,1524751760,700156927,"""odom""",'',,,,23.7994756187,44.2391785351,0.0,,0.0,0.0,0.0,1.0,"[1.4884000000000002, 0.0, 0.0, 0.0, 0.0, 0.0, 0.0, 1.4884000000000002, 0.0, 0.0, 0.0, 0.0, 0.0, 0.0, 5.9536, 0.0, 0.0, 0.0, 0.0, 0.0, 0.0, 0.0, 0.0, 0.0, 0.0, 0.0, 0.0, 0.0, 0.0, 0.0, 0.0, 0.0, 0.0, 0.0, 0.0, 0.0]",,,,0.0,0.0,0.0,,0.0,0.0,0.0,"[0.0, 0.0, 0.0, 0.0, 0.0, 0.0, 0.0, 0.0, 0.0, 0.0, 0.0, 0.0, 0.0, 0.0, 0.0, 0.0, 0.0, 0.0, 0.0, 0.0, 0.0, 0.0, 0.0, 0.0, 0.0, 0.0, 0.0, 0.0, 0.0, 0.0, 0.0, 0.0, 0.0, 0.0, 0.0, 0.0]"
1524751762085359934,,60,,1524751761,661259889,"""odom""",'',,,,24.1154208773,44.9509477833,0.0,,0.0,0.0,0.0,1.0,"[1.9320999999999997, 0.0, 0.0, 0.0, 0.0, 0.0, 0.0, 1.9320999999999997, 0.0, 0.0, 0.0, 0.0, 0.0, 0.0, 7.728399999999999, 0.0, 0.0, 0.0, 0.0, 0.0, 0.0, 0.0, 0.0, 0.0, 0.0, 0.0, 0.0, 0.0, 0.0, 0.0, 0.0, 0.0, 0.0, 0.0, 0.0, 0.0]",,,,0.0,0.0,0.0,,0.0,0.0,0.0,"[0.0, 0.0, 0.0, 0.0, 0.0, 0.0, 0.0, 0.0, 0.0, 0.0, 0.0, 0.0, 0.0, 0.0, 0.0, 0.0, 0.0, 0.0, 0.0, 0.0, 0.0, 0.0, 0.0, 0.0, 0.0, 0.0, 0.0, 0.0, 0.0, 0.0, 0.0, 0.0, 0.0, 0.0, 0.0, 0.0]"
1524751763085233321,,61,,1524751762,628865957,"""odom""",'',,,,24.2334868971,46.0566020351,0.0,,0.0,0.0,0.0,1.0,"[3.0625, 0.0, 0.0, 0.0, 0.0, 0.0, 0.0, 3.0625, 0.0, 0.0, 0.0, 0.0, 0.0, 0.0, 12.25, 0.0, 0.0, 0.0, 0.0, 0.0, 0.0, 0.0, 0.0, 0.0, 0.0, 0.0, 0.0, 0.0, 0.0, 0.0, 0.0, 0.0, 0.0, 0.0, 0.0, 0.0]",,,,0.0,0.0,0.0,,0.0,0.0,0.0,"[0.0, 0.0, 0.0, 0.0, 0.0, 0.0, 0.0, 0.0, 0.0, 0.0, 0.0, 0.0, 0.0, 0.0, 0.0, 0.0, 0.0, 0.0, 0.0, 0.0, 0.0, 0.0, 0.0, 0.0, 0.0, 0.0, 0.0, 0.0, 0.0, 0.0, 0.0, 0.0, 0.0, 0.0, 0.0, 0.0]"
1524751764085307399,,62,,1524751763,631747961,"""odom""",'',,,,24.8457028291,47.2958671252,0.0,,0.0,0.0,0.0,1.0,"[2.3716, 0.0, 0.0, 0.0, 0.0, 0.0, 0.0, 2.3716, 0.0, 0.0, 0.0, 0.0, 0.0, 0.0, 9.4864, 0.0, 0.0, 0.0, 0.0, 0.0, 0.0, 0.0, 0.0, 0.0, 0.0, 0.0, 0.0, 0.0, 0.0, 0.0, 0.0, 0.0, 0.0, 0.0, 0.0, 0.0]",,,,0.0,0.0,0.0,,0.0,0.0,0.0,"[0.0, 0.0, 0.0, 0.0, 0.0, 0.0, 0.0, 0.0, 0.0, 0.0, 0.0, 0.0, 0.0, 0.0, 0.0, 0.0, 0.0, 0.0, 0.0, 0.0, 0.0, 0.0, 0.0, 0.0, 0.0, 0.0, 0.0, 0.0, 0.0, 0.0, 0.0, 0.0, 0.0, 0.0, 0.0, 0.0]"
1524751765085304851,,63,,1524751764,679912090,"""odom""",'',,,,25.5568570639,48.3381891217,0.0,,0.0,0.0,0.0,1.0,"[2.2801000000000005, 0.0, 0.0, 0.0, 0.0, 0.0, 0.0, 2.2801000000000005, 0.0, 0.0, 0.0, 0.0, 0.0, 0.0, 9.1204, 0.0, 0.0, 0.0, 0.0, 0.0, 0.0, 0.0, 0.0, 0.0, 0.0, 0.0, 0.0, 0.0, 0.0, 0.0, 0.0, 0.0, 0.0, 0.0, 0.0, 0.0]",,,,0.0,0.0,0.0,,0.0,0.0,0.0,"[0.0, 0.0, 0.0, 0.0, 0.0, 0.0, 0.0, 0.0, 0.0, 0.0, 0.0, 0.0, 0.0, 0.0, 0.0, 0.0, 0.0, 0.0, 0.0, 0.0, 0.0, 0.0, 0.0, 0.0, 0.0, 0.0, 0.0, 0.0, 0.0, 0.0, 0.0, 0.0, 0.0, 0.0, 0.0, 0.0]"
1524751766085409125,,64,,1524751765,821048974,"""odom""",'',,,,26.0504543552,49.5901204268,0.0,,0.0,0.0,0.0,1.0,"[3.0625, 0.0, 0.0, 0.0, 0.0, 0.0, 0.0, 3.0625, 0.0, 0.0, 0.0, 0.0, 0.0, 0.0, 12.25, 0.0, 0.0, 0.0, 0.0, 0.0, 0.0, 0.0, 0.0, 0.0, 0.0, 0.0, 0.0, 0.0, 0.0, 0.0, 0.0, 0.0, 0.0, 0.0, 0.0, 0.0]",,,,0.0,0.0,0.0,,0.0,0.0,0.0,"[0.0, 0.0, 0.0, 0.0, 0.0, 0.0, 0.0, 0.0, 0.0, 0.0, 0.0, 0.0, 0.0, 0.0, 0.0, 0.0, 0.0, 0.0, 0.0, 0.0, 0.0, 0.0, 0.0, 0.0, 0.0, 0.0, 0.0, 0.0, 0.0, 0.0, 0.0, 0.0, 0.0, 0.0, 0.0, 0.0]"
1524751767085127369,,65,,1524751766,628274917,"""odom""",'',,,,26.8211927146,50.066948842,0.0,,0.0,0.0,0.0,1.0,"[3.2041, 5.551115123125783e-17, 0.0, 0.0, 0.0, 0.0, -5.551115123125783e-17, 3.2041, 0.0, 0.0, 0.0, 0.0, 0.0, 0.0, 12.8164, 0.0, 0.0, 0.0, 0.0, 0.0, 0.0, 0.0, 0.0, 0.0, 0.0, 0.0, 0.0, 0.0, 0.0, 0.0, 0.0, 0.0, 0.0, 0.0, 0.0, 0.0]",,,,0.0,0.0,0.0,,0.0,0.0,0.0,"[0.0, 0.0, 0.0, 0.0, 0.0, 0.0, 0.0, 0.0, 0.0, 0.0, 0.0, 0.0, 0.0, 0.0, 0.0, 0.0, 0.0, 0.0, 0.0, 0.0, 0.0, 0.0, 0.0, 0.0, 0.0, 0.0, 0.0, 0.0, 0.0, 0.0, 0.0, 0.0, 0.0, 0.0, 0.0, 0.0]"
1524751768085116169,,66,,1524751767,625572919,"""odom""",'',,,,27.5717015237,51.4778225782,0.0,,0.0,0.0,0.0,1.0,"[2.9241, 0.0, 0.0, 0.0, 0.0, 0.0, 0.0, 2.9241, 0.0, 0.0, 0.0, 0.0, 0.0, 0.0, 11.696399999999999, 0.0, 0.0, 0.0, 0.0, 0.0, 0.0, 0.0, 0.0, 0.0, 0.0, 0.0, 0.0, 0.0, 0.0, 0.0, 0.0, 0.0, 0.0, 0.0, 0.0, 0.0]",,,,0.0,0.0,0.0,,0.0,0.0,0.0,"[0.0, 0.0, 0.0, 0.0, 0.0, 0.0, 0.0, 0.0, 0.0, 0.0, 0.0, 0.0, 0.0, 0.0, 0.0, 0.0, 0.0, 0.0, 0.0, 0.0, 0.0, 0.0, 0.0, 0.0, 0.0, 0.0, 0.0, 0.0, 0.0, 0.0, 0.0, 0.0, 0.0, 0.0, 0.0, 0.0]"
1524751769085481732,,67,,1524751768,613447904,"""odom""",'',,,,28.5200894954,52.4948118433,0.0,,0.0,0.0,0.0,1.0,"[4.368099999999999, 5.551115123125783e-17, 0.0, 0.0, 0.0, 0.0, -5.551115123125783e-17, 4.368099999999999, 0.0, 0.0, 0.0, 0.0, 0.0, 0.0, 17.472399999999997, 0.0, 0.0, 0.0, 0.0, 0.0, 0.0, 0.0, 0.0, 0.0, 0.0, 0.0, 0.0, 0.0, 0.0, 0.0, 0.0, 0.0, 0.0, 0.0, 0.0, 0.0]",,,,0.0,0.0,0.0,,0.0,0.0,0.0,"[0.0, 0.0, 0.0, 0.0, 0.0, 0.0, 0.0, 0.0, 0.0, 0.0, 0.0, 0.0, 0.0, 0.0, 0.0, 0.0, 0.0, 0.0, 0.0, 0.0, 0.0, 0.0, 0.0, 0.0, 0.0, 0.0, 0.0, 0.0, 0.0, 0.0, 0.0, 0.0, 0.0, 0.0, 0.0, 0.0]"
1524751770085466947,,68,,1524751769,639974117,"""odom""",'',,,,28.7573248858,52.4694792523,0.0,,0.0,0.0,0.0,1.0,"[3.8809, 5.551115123125783e-17, 0.0, 0.0, 0.0, 0.0, -5.551115123125783e-17, 3.8809, 0.0, 0.0, 0.0, 0.0, 0.0, 0.0, 15.5236, 0.0, 0.0, 0.0, 0.0, 0.0, 0.0, 0.0, 0.0, 0.0, 0.0, 0.0, 0.0, 0.0, 0.0, 0.0, 0.0, 0.0, 0.0, 0.0, 0.0, 0.0]",,,,0.0,0.0,0.0,,0.0,0.0,0.0,"[0.0, 0.0, 0.0, 0.0, 0.0, 0.0, 0.0, 0.0, 0.0, 0.0, 0.0, 0.0, 0.0, 0.0, 0.0, 0.0, 0.0, 0.0, 0.0, 0.0, 0.0, 0.0, 0.0, 0.0, 0.0, 0.0, 0.0, 0.0, 0.0, 0.0, 0.0, 0.0, 0.0, 0.0, 0.0, 0.0]"
1524751771085408742,,69,,1524751770,747970104,"""odom""",'',,,,29.1131783196,52.4314806162,0.0,,0.0,0.0,0.0,1.0,"[3.5721, 0.0, 0.0, 0.0, 0.0, 0.0, 0.0, 3.5721, 0.0, 0.0, 0.0, 0.0, 0.0, 0.0, 14.2884, 0.0, 0.0, 0.0, 0.0, 0.0, 0.0, 0.0, 0.0, 0.0, 0.0, 0.0, 0.0, 0.0, 0.0, 0.0, 0.0, 0.0, 0.0, 0.0, 0.0, 0.0]",,,,0.0,0.0,0.0,,0.0,0.0,0.0,"[0.0, 0.0, 0.0, 0.0, 0.0, 0.0, 0.0, 0.0, 0.0, 0.0, 0.0, 0.0, 0.0, 0.0, 0.0, 0.0, 0.0, 0.0, 0.0, 0.0, 0.0, 0.0, 0.0, 0.0, 0.0, 0.0, 0.0, 0.0, 0.0, 0.0, 0.0, 0.0, 0.0, 0.0, 0.0, 0.0]"
1524751772085369254,,70,,1524751771,618782043,"""odom""",'',,,,30.0615647398,53.4484694095,0.0,,0.0,0.0,0.0,1.0,"[3.5721, 0.0, 0.0, 0.0, 0.0, 0.0, 0.0, 3.5721, 0.0, 0.0, 0.0, 0.0, 0.0, 0.0, 14.2884, 0.0, 0.0, 0.0, 0.0, 0.0, 0.0, 0.0, 0.0, 0.0, 0.0, 0.0, 0.0, 0.0, 0.0, 0.0, 0.0, 0.0, 0.0, 0.0, 0.0, 0.0]",,,,0.0,0.0,0.0,,0.0,0.0,0.0,"[0.0, 0.0, 0.0, 0.0, 0.0, 0.0, 0.0, 0.0, 0.0, 0.0, 0.0, 0.0, 0.0, 0.0, 0.0, 0.0, 0.0, 0.0, 0.0, 0.0, 0.0, 0.0, 0.0, 0.0, 0.0, 0.0, 0.0, 0.0, 0.0, 0.0, 0.0, 0.0, 0.0, 0.0, 0.0, 0.0]"
1524751773085336182,,71,,1524751772,646637916,"""odom""",'',,,,31.2482958373,52.2034872157,0.0,,0.0,0.0,0.0,1.0,"[2.4964000000000004, 0.0, 0.0, 0.0, 0.0, 0.0, 0.0, 2.4964000000000004, 0.0, 0.0, 0.0, 0.0, 0.0, 0.0, 9.985600000000002, 0.0, 0.0, 0.0, 0.0, 0.0, 0.0, 0.0, 0.0, 0.0, 0.0, 0.0, 0.0, 0.0, 0.0, 0.0, 0.0, 0.0, 0.0, 0.0, 0.0, 0.0]",,,,0.0,0.0,0.0,,0.0,0.0,0.0,"[0.0, 0.0, 0.0, 0.0, 0.0, 0.0, 0.0, 0.0, 0.0, 0.0, 0.0, 0.0, 0.0, 0.0, 0.0, 0.0, 0.0, 0.0, 0.0, 0.0, 0.0, 0.0, 0.0, 0.0, 0.0, 0.0, 0.0, 0.0, 0.0, 0.0, 0.0, 0.0, 0.0, 0.0, 0.0, 0.0]"
1524751774085317435,,72,,1524751773,639137029,"""odom""",'',,,,31.6631784104,52.7183138073,0.0,,0.0,0.0,0.0,1.0,"[2.4964000000000004, 0.0, 0.0, 0.0, 0.0, 0.0, 0.0, 2.4964000000000004, 0.0, 0.0, 0.0, 0.0, 0.0, 0.0, 9.985600000000002, 0.0, 0.0, 0.0, 0.0, 0.0, 0.0, 0.0, 0.0, 0.0, 0.0, 0.0, 0.0, 0.0, 0.0, 0.0, 0.0, 0.0, 0.0, 0.0, 0.0, 0.0]",,,,0.0,0.0,0.0,,0.0,0.0,0.0,"[0.0, 0.0, 0.0, 0.0, 0.0, 0.0, 0.0, 0.0, 0.0, 0.0, 0.0, 0.0, 0.0, 0.0, 0.0, 0.0, 0.0, 0.0, 0.0, 0.0, 0.0, 0.0, 0.0, 0.0, 0.0, 0.0, 0.0, 0.0, 0.0, 0.0, 0.0, 0.0, 0.0, 0.0, 0.0, 0.0]"
1524751775085416747,,73,,1524751774,703978061,"""odom""",'',,,,32.4738256811,52.4453751094,0.0,,0.0,0.0,0.0,1.0,"[1.7956000000000003, 0.0, 0.0, 0.0, 0.0, 0.0, 0.0, 1.7956000000000003, 0.0, 0.0, 0.0, 0.0, 0.0, 0.0, 7.182400000000001, 0.0, 0.0, 0.0, 0.0, 0.0, 0.0, 0.0, 0.0, 0.0, 0.0, 0.0, 0.0, 0.0, 0.0, 0.0, 0.0, 0.0, 0.0, 0.0, 0.0, 0.0]",,,,0.0,0.0,0.0,,0.0,0.0,0.0,"[0.0, 0.0, 0.0, 0.0, 0.0, 0.0, 0.0, 0.0, 0.0, 0.0, 0.0, 0.0, 0.0, 0.0, 0.0, 0.0, 0.0, 0.0, 0.0, 0.0, 0.0, 0.0, 0.0, 0.0, 0.0, 0.0, 0.0, 0.0, 0.0, 0.0, 0.0, 0.0, 0.0, 0.0, 0.0, 0.0]"
1524751776085400004,,74,,1524751775,711450099,"""odom""",'',,,,33.0860371404,53.6846397177,0.0,,0.0,0.0,0.0,1.0,"[3.5721, 0.0, 0.0, 0.0, 0.0, 0.0, 0.0, 3.5721, 0.0, 0.0, 0.0, 0.0, 0.0, 0.0, 14.2884, 0.0, 0.0, 0.0, 0.0, 0.0, 0.0, 0.0, 0.0, 0.0, 0.0, 0.0, 0.0, 0.0, 0.0, 0.0, 0.0, 0.0, 0.0, 0.0, 0.0, 0.0]",,,,0.0,0.0,0.0,,0.0,0.0,0.0,"[0.0, 0.0, 0.0, 0.0, 0.0, 0.0, 0.0, 0.0, 0.0, 0.0, 0.0, 0.0, 0.0, 0.0, 0.0, 0.0, 0.0, 0.0, 0.0, 0.0, 0.0, 0.0, 0.0, 0.0, 0.0, 0.0, 0.0, 0.0, 0.0, 0.0, 0.0, 0.0, 0.0, 0.0, 0.0, 0.0]"
1524751777085380455,,75,,1524751776,601922035,"""odom""",'',,,,32.8668189764,57.2492091889,0.0,,0.0,0.0,0.0,1.0,"[6.4009, 0.0, 0.0, 0.0, 0.0, 0.0, 0.0, 6.4009, 0.0, 0.0, 0.0, 0.0, 0.0, 0.0, 25.603599999999997, 0.0, 0.0, 0.0, 0.0, 0.0, 0.0, 0.0, 0.0, 0.0, 0.0, 0.0, 0.0, 0.0, 0.0, 0.0, 0.0, 0.0, 0.0, 0.0, 0.0, 0.0]",,,,0.0,0.0,0.0,,0.0,0.0,0.0,"[0.0, 0.0, 0.0, 0.0, 0.0, 0.0, 0.0, 0.0, 0.0, 0.0, 0.0, 0.0, 0.0, 0.0, 0.0, 0.0, 0.0, 0.0, 0.0, 0.0, 0.0, 0.0, 0.0, 0.0, 0.0, 0.0, 0.0, 0.0, 0.0, 0.0, 0.0, 0.0, 0.0, 0.0, 0.0, 0.0]"
1524751778085488214,,76,,1524751777,618920087,"""odom""",'',,,,34.1311527241,58.9779719568,0.0,,0.0,0.0,0.0,1.0,"[3.8809, 5.551115123125783e-17, 0.0, 0.0, 0.0, 0.0, -5.551115123125783e-17, 3.8809, 0.0, 0.0, 0.0, 0.0, 0.0, 0.0, 15.5236, 0.0, 0.0, 0.0, 0.0, 0.0, 0.0, 0.0, 0.0, 0.0, 0.0, 0.0, 0.0, 0.0, 0.0, 0.0, 0.0, 0.0, 0.0, 0.0, 0.0, 0.0]",,,,0.0,0.0,0.0,,0.0,0.0,0.0,"[0.0, 0.0, 0.0, 0.0, 0.0, 0.0, 0.0, 0.0, 0.0, 0.0, 0.0, 0.0, 0.0, 0.0, 0.0, 0.0, 0.0, 0.0, 0.0, 0.0, 0.0, 0.0, 0.0, 0.0, 0.0, 0.0, 0.0, 0.0, 0.0, 0.0, 0.0, 0.0, 0.0, 0.0, 0.0, 0.0]"
1524751779085457659,,77,,1524751778,626283884,"""odom""",'',,,,35.5950223801,56.9578864509,0.0,,0.0,0.0,0.0,1.0,"[4.0804, 0.0, 0.0, 0.0, 0.0, 0.0, 0.0, 4.0804, 0.0, 0.0, 0.0, 0.0, 0.0, 0.0, 16.3216, 0.0, 0.0, 0.0, 0.0, 0.0, 0.0, 0.0, 0.0, 0.0, 0.0, 0.0, 0.0, 0.0, 0.0, 0.0, 0.0, 0.0, 0.0, 0.0, 0.0, 0.0]",,,,0.0,0.0,0.0,,0.0,0.0,0.0,"[0.0, 0.0, 0.0, 0.0, 0.0, 0.0, 0.0, 0.0, 0.0, 0.0, 0.0, 0.0, 0.0, 0.0, 0.0, 0.0, 0.0, 0.0, 0.0, 0.0, 0.0, 0.0, 0.0, 0.0, 0.0, 0.0, 0.0, 0.0, 0.0, 0.0, 0.0, 0.0, 0.0, 0.0, 0.0, 0.0]"
1524751780085418020,,78,,1524751779,684045076,"""odom""",'',,,,35.4550676486,60.1412392425,0.0,,0.0,0.0,0.0,1.0,"[1.8769000000000005, 2.7755575615628914e-17, 0.0, 0.0, 0.0, 0.0, -2.7755575615628914e-17, 1.8769000000000005, 0.0, 0.0, 0.0, 0.0, 0.0, 0.0, 7.507600000000001, 0.0, 0.0, 0.0, 0.0, 0.0, 0.0, 0.0, 0.0, 0.0, 0.0, 0.0, 0.0, 0.0, 0.0, 0.0, 0.0, 0.0, 0.0, 0.0, 0.0, 0.0]",,,,0.0,0.0,0.0,,0.0,0.0,0.0,"[0.0, 0.0, 0.0, 0.0, 0.0, 0.0, 0.0, 0.0, 0.0, 0.0, 0.0, 0.0, 0.0, 0.0, 0.0, 0.0, 0.0, 0.0, 0.0, 0.0, 0.0, 0.0, 0.0, 0.0, 0.0, 0.0, 0.0, 0.0, 0.0, 0.0, 0.0, 0.0, 0.0, 0.0, 0.0, 0.0]"
1524751781085546178,,79,,1524751780,807069063,"""odom""",'',,,,35.9087527083,62.1429397145,0.0,,0.0,0.0,0.0,1.0,"[2.4964000000000004, 0.0, 0.0, 0.0, 0.0, 0.0, 0.0, 2.4964000000000004, 0.0, 0.0, 0.0, 0.0, 0.0, 0.0, 9.985600000000002, 0.0, 0.0, 0.0, 0.0, 0.0, 0.0, 0.0, 0.0, 0.0, 0.0, 0.0, 0.0, 0.0, 0.0, 0.0, 0.0, 0.0, 0.0, 0.0, 0.0, 0.0]",,,,0.0,0.0,0.0,,0.0,0.0,0.0,"[0.0, 0.0, 0.0, 0.0, 0.0, 0.0, 0.0, 0.0, 0.0, 0.0, 0.0, 0.0, 0.0, 0.0, 0.0, 0.0, 0.0, 0.0, 0.0, 0.0, 0.0, 0.0, 0.0, 0.0, 0.0, 0.0, 0.0, 0.0, 0.0, 0.0, 0.0, 0.0, 0.0, 0.0, 0.0, 0.0]"
1524751782085322454,,80,,1524751781,635617971,"""odom""",'',,,,36.718839461,62.9883185763,0.0,,0.0,0.0,0.0,1.0,"[3.8809, 5.551115123125783e-17, 0.0, 0.0, 0.0, 0.0, -5.551115123125783e-17, 3.8809, 0.0, 0.0, 0.0, 0.0, 0.0, 0.0, 15.5236, 0.0, 0.0, 0.0, 0.0, 0.0, 0.0, 0.0, 0.0, 0.0, 0.0, 0.0, 0.0, 0.0, 0.0, 0.0, 0.0, 0.0, 0.0, 0.0, 0.0, 0.0]",,,,0.0,0.0,0.0,,0.0,0.0,0.0,"[0.0, 0.0, 0.0, 0.0, 0.0, 0.0, 0.0, 0.0, 0.0, 0.0, 0.0, 0.0, 0.0, 0.0, 0.0, 0.0, 0.0, 0.0, 0.0, 0.0, 0.0, 0.0, 0.0, 0.0, 0.0, 0.0, 0.0, 0.0, 0.0, 0.0, 0.0, 0.0, 0.0, 0.0, 0.0, 0.0]"
1524751783085431819,,81,,1524751782,621679067,"""odom""",'',,,,37.5087016765,64.7677468726,0.0,,0.0,0.0,0.0,1.0,"[3.8809, 5.551115123125783e-17, 0.0, 0.0, 0.0, 0.0, -5.551115123125783e-17, 3.8809, 0.0, 0.0, 0.0, 0.0, 0.0, 0.0, 15.5236, 0.0, 0.0, 0.0, 0.0, 0.0, 0.0, 0.0, 0.0, 0.0, 0.0, 0.0, 0.0, 0.0, 0.0, 0.0, 0.0, 0.0, 0.0, 0.0, 0.0, 0.0]",,,,0.0,0.0,0.0,,0.0,0.0,0.0,"[0.0, 0.0, 0.0, 0.0, 0.0, 0.0, 0.0, 0.0, 0.0, 0.0, 0.0, 0.0, 0.0, 0.0, 0.0, 0.0, 0.0, 0.0, 0.0, 0.0, 0.0, 0.0, 0.0, 0.0, 0.0, 0.0, 0.0, 0.0, 0.0, 0.0, 0.0, 0.0, 0.0, 0.0, 0.0, 0.0]"
1524751784085422174,,82,,1524751783,620280981,"""odom""",'',,,,38.0618796993,65.4541849998,0.0,,0.0,0.0,0.0,1.0,"[3.8809, 5.551115123125783e-17, 0.0, 0.0, 0.0, 0.0, -5.551115123125783e-17, 3.8809, 0.0, 0.0, 0.0, 0.0, 0.0, 0.0, 15.5236, 0.0, 0.0, 0.0, 0.0, 0.0, 0.0, 0.0, 0.0, 0.0, 0.0, 0.0, 0.0, 0.0, 0.0, 0.0, 0.0, 0.0, 0.0, 0.0, 0.0, 0.0]",,,,0.0,0.0,0.0,,0.0,0.0,0.0,"[0.0, 0.0, 0.0, 0.0, 0.0, 0.0, 0.0, 0.0, 0.0, 0.0, 0.0, 0.0, 0.0, 0.0, 0.0, 0.0, 0.0, 0.0, 0.0, 0.0, 0.0, 0.0, 0.0, 0.0, 0.0, 0.0, 0.0, 0.0, 0.0, 0.0, 0.0, 0.0, 0.0, 0.0, 0.0, 0.0]"
1524751785085493613,,83,,1524751784,665978908,"""odom""",'',,,,36.3979173699,72.3414346689,0.0,,0.0,0.0,0.0,1.0,"[2.7889, 5.551115123125783e-17, 0.0, 0.0, 0.0, 0.0, -5.551115123125783e-17, 2.7889, 0.0, 0.0, 0.0, 0.0, 0.0, 0.0, 11.1556, 0.0, 0.0, 0.0, 0.0, 0.0, 0.0, 0.0, 0.0, 0.0, 0.0, 0.0, 0.0, 0.0, 0.0, 0.0, 0.0, 0.0, 0.0, 0.0, 0.0, 0.0]",,,,0.0,0.0,0.0,,0.0,0.0,0.0,"[0.0, 0.0, 0.0, 0.0, 0.0, 0.0, 0.0, 0.0, 0.0, 0.0, 0.0, 0.0, 0.0, 0.0, 0.0, 0.0, 0.0, 0.0, 0.0, 0.0, 0.0, 0.0, 0.0, 0.0, 0.0, 0.0, 0.0, 0.0, 0.0, 0.0, 0.0, 0.0, 0.0, 0.0, 0.0, 0.0]"
1524751786085408460,,84,,1524751785,775614023,"""odom""",'',,,,36.7329853463,74.3558016363,0.0,,0.0,0.0,0.0,1.0,"[3.8809, 5.551115123125783e-17, 0.0, 0.0, 0.0, 0.0, -5.551115123125783e-17, 3.8809, 0.0, 0.0, 0.0, 0.0, 0.0, 0.0, 15.5236, 0.0, 0.0, 0.0, 0.0, 0.0, 0.0, 0.0, 0.0, 0.0, 0.0, 0.0, 0.0, 0.0, 0.0, 0.0, 0.0, 0.0, 0.0, 0.0, 0.0, 0.0]",,,,0.0,0.0,0.0,,0.0,0.0,0.0,"[0.0, 0.0, 0.0, 0.0, 0.0, 0.0, 0.0, 0.0, 0.0, 0.0, 0.0, 0.0, 0.0, 0.0, 0.0, 0.0, 0.0, 0.0, 0.0, 0.0, 0.0, 0.0, 0.0, 0.0, 0.0, 0.0, 0.0, 0.0, 0.0, 0.0, 0.0, 0.0, 0.0, 0.0, 0.0, 0.0]"
1524751787085321524,,85,,1524751786,623619079,"""odom""",'',,,,37.8409990286,72.373715304,0.0,,0.0,0.0,0.0,1.0,"[3.8809, 5.551115123125783e-17, 0.0, 0.0, 0.0, 0.0, -5.551115123125783e-17, 3.8809, 0.0, 0.0, 0.0, 0.0, 0.0, 0.0, 15.5236, 0.0, 0.0, 0.0, 0.0, 0.0, 0.0, 0.0, 0.0, 0.0, 0.0, 0.0, 0.0, 0.0, 0.0, 0.0, 0.0, 0.0, 0.0, 0.0, 0.0, 0.0]",,,,0.0,0.0,0.0,,0.0,0.0,0.0,"[0.0, 0.0, 0.0, 0.0, 0.0, 0.0, 0.0, 0.0, 0.0, 0.0, 0.0, 0.0, 0.0, 0.0, 0.0, 0.0, 0.0, 0.0, 0.0, 0.0, 0.0, 0.0, 0.0, 0.0, 0.0, 0.0, 0.0, 0.0, 0.0, 0.0, 0.0, 0.0, 0.0, 0.0, 0.0, 0.0]"
1524751788085263038,,86,,1524751787,629920959,"""odom""",'',,,,37.5829829211,74.4514144821,0.0,,0.0,0.0,0.0,1.0,"[3.9204, 0.0, 0.0, 0.0, 0.0, 0.0, 0.0, 3.9204, 0.0, 0.0, 0.0, 0.0, 0.0, 0.0, 15.6816, 0.0, 0.0, 0.0, 0.0, 0.0, 0.0, 0.0, 0.0, 0.0, 0.0, 0.0, 0.0, 0.0, 0.0, 0.0, 0.0, 0.0, 0.0, 0.0, 0.0, 0.0]",,,,0.0,0.0,0.0,,0.0,0.0,0.0,"[0.0, 0.0, 0.0, 0.0, 0.0, 0.0, 0.0, 0.0, 0.0, 0.0, 0.0, 0.0, 0.0, 0.0, 0.0, 0.0, 0.0, 0.0, 0.0, 0.0, 0.0, 0.0, 0.0, 0.0, 0.0, 0.0, 0.0, 0.0, 0.0, 0.0, 0.0, 0.0, 0.0, 0.0, 0.0, 0.0]"
1524751789085162679,,87,,1524751788,636579990,"""odom""",'',,,,39.0862029566,72.7998815015,0.0,,0.0,0.0,0.0,1.0,"[2.7889, 5.551115123125783e-17, 0.0, 0.0, 0.0, 0.0, -5.551115123125783e-17, 2.7889, 0.0, 0.0, 0.0, 0.0, 0.0, 0.0, 11.1556, 0.0, 0.0, 0.0, 0.0, 0.0, 0.0, 0.0, 0.0, 0.0, 0.0, 0.0, 0.0, 0.0, 0.0, 0.0, 0.0, 0.0, 0.0, 0.0, 0.0, 0.0]",,,,0.0,0.0,0.0,,0.0,0.0,0.0,"[0.0, 0.0, 0.0, 0.0, 0.0, 0.0, 0.0, 0.0, 0.0, 0.0, 0.0, 0.0, 0.0, 0.0, 0.0, 0.0, 0.0, 0.0, 0.0, 0.0, 0.0, 0.0, 0.0, 0.0, 0.0, 0.0, 0.0, 0.0, 0.0, 0.0, 0.0, 0.0, 0.0, 0.0, 0.0, 0.0]"
1524751790085302264,,88,,1524751789,684340953,"""odom""",'',,,,39.4021459267,73.5116520284,0.0,,0.0,0.0,0.0,1.0,"[1.9320999999999997, 0.0, 0.0, 0.0, 0.0, 0.0, 0.0, 1.9320999999999997, 0.0, 0.0, 0.0, 0.0, 0.0, 0.0, 7.728399999999999, 0.0, 0.0, 0.0, 0.0, 0.0, 0.0, 0.0, 0.0, 0.0, 0.0, 0.0, 0.0, 0.0, 0.0, 0.0, 0.0, 0.0, 0.0, 0.0, 0.0, 0.0]",,,,0.0,0.0,0.0,,0.0,0.0,0.0,"[0.0, 0.0, 0.0, 0.0, 0.0, 0.0, 0.0, 0.0, 0.0, 0.0, 0.0, 0.0, 0.0, 0.0, 0.0, 0.0, 0.0, 0.0, 0.0, 0.0, 0.0, 0.0, 0.0, 0.0, 0.0, 0.0, 0.0, 0.0, 0.0, 0.0, 0.0, 0.0, 0.0, 0.0, 0.0, 0.0]"
1524751791085248394,,89,,1524751790,785754919,"""odom""",'',,,,39.0850961187,75.0365229019,0.0,,0.0,0.0,0.0,1.0,"[3.9204, 0.0, 0.0, 0.0, 0.0, 0.0, 0.0, 3.9204, 0.0, 0.0, 0.0, 0.0, 0.0, 0.0, 15.6816, 0.0, 0.0, 0.0, 0.0, 0.0, 0.0, 0.0, 0.0, 0.0, 0.0, 0.0, 0.0, 0.0, 0.0, 0.0, 0.0, 0.0, 0.0, 0.0, 0.0, 0.0]",,,,0.0,0.0,0.0,,0.0,0.0,0.0,"[0.0, 0.0, 0.0, 0.0, 0.0, 0.0, 0.0, 0.0, 0.0, 0.0, 0.0, 0.0, 0.0, 0.0, 0.0, 0.0, 0.0, 0.0, 0.0, 0.0, 0.0, 0.0, 0.0, 0.0, 0.0, 0.0, 0.0, 0.0, 0.0, 0.0, 0.0, 0.0, 0.0, 0.0, 0.0, 0.0]"
1524751792085426142,,90,,1524751791,640752077,"""odom""",'',,,,39.5393318273,75.9199020339,0.0,,0.0,0.0,0.0,1.0,"[1.5876000000000001, -2.7755575615628914e-17, 0.0, 0.0, 0.0, 0.0, 2.7755575615628914e-17, 1.5876000000000001, 0.0, 0.0, 0.0, 0.0, 0.0, 0.0, 6.3504000000000005, 0.0, 0.0, 0.0, 0.0, 0.0, 0.0, 0.0, 0.0, 0.0, 0.0, 0.0, 0.0, 0.0, 0.0, 0.0, 0.0, 0.0, 0.0, 0.0, 0.0, 0.0]",,,,0.0,0.0,0.0,,0.0,0.0,0.0,"[0.0, 0.0, 0.0, 0.0, 0.0, 0.0, 0.0, 0.0, 0.0, 0.0, 0.0, 0.0, 0.0, 0.0, 0.0, 0.0, 0.0, 0.0, 0.0, 0.0, 0.0, 0.0, 0.0, 0.0, 0.0, 0.0, 0.0, 0.0, 0.0, 0.0, 0.0, 0.0, 0.0, 0.0, 0.0, 0.0]"
1524751793085509101,,91,,1524751792,654670953,"""odom""",'',,,,40.2307961713,76.7779454118,0.0,,0.0,0.0,0.0,1.0,"[1.4640999999999997, 0.0, 0.0, 0.0, 0.0, 0.0, 0.0, 1.4640999999999997, 0.0, 0.0, 0.0, 0.0, 0.0, 0.0, 5.8564, 0.0, 0.0, 0.0, 0.0, 0.0, 0.0, 0.0, 0.0, 0.0, 0.0, 0.0, 0.0, 0.0, 0.0, 0.0, 0.0, 0.0, 0.0, 0.0, 0.0, 0.0]",,,,0.0,0.0,0.0,,0.0,0.0,0.0,"[0.0, 0.0, 0.0, 0.0, 0.0, 0.0, 0.0, 0.0, 0.0, 0.0, 0.0, 0.0, 0.0, 0.0, 0.0, 0.0, 0.0, 0.0, 0.0, 0.0, 0.0, 0.0, 0.0, 0.0, 0.0, 0.0, 0.0, 0.0, 0.0, 0.0, 0.0, 0.0, 0.0, 0.0, 0.0, 0.0]"
1524751794085444265,,92,,1524751793,635977029,"""odom""",'',,,,40.9818524341,77.0705000029,0.0,,0.0,0.0,0.0,1.0,"[3.9204, 0.0, 0.0, 0.0, 0.0, 0.0, 0.0, 3.9204, 0.0, 0.0, 0.0, 0.0, 0.0, 0.0, 15.6816, 0.0, 0.0, 0.0, 0.0, 0.0, 0.0, 0.0, 0.0, 0.0, 0.0, 0.0, 0.0, 0.0, 0.0, 0.0, 0.0, 0.0, 0.0, 0.0, 0.0, 0.0]",,,,0.0,0.0,0.0,,0.0,0.0,0.0,"[0.0, 0.0, 0.0, 0.0, 0.0, 0.0, 0.0, 0.0, 0.0, 0.0, 0.0, 0.0, 0.0, 0.0, 0.0, 0.0, 0.0, 0.0, 0.0, 0.0, 0.0, 0.0, 0.0, 0.0, 0.0, 0.0, 0.0, 0.0, 0.0, 0.0, 0.0, 0.0, 0.0, 0.0, 0.0, 0.0]"
1524751795085386985,,93,,1524751794,649656057,"""odom""",'',,,,41.4760087742,77.2041187234,0.0,,0.0,0.0,0.0,1.0,"[4.368099999999999, 5.551115123125783e-17, 0.0, 0.0, 0.0, 0.0, -5.551115123125783e-17, 4.368099999999999, 0.0, 0.0, 0.0, 0.0, 0.0, 0.0, 17.472399999999997, 0.0, 0.0, 0.0, 0.0, 0.0, 0.0, 0.0, 0.0, 0.0, 0.0, 0.0, 0.0, 0.0, 0.0, 0.0, 0.0, 0.0, 0.0, 0.0, 0.0, 0.0]",,,,0.0,0.0,0.0,,0.0,0.0,0.0,"[0.0, 0.0, 0.0, 0.0, 0.0, 0.0, 0.0, 0.0, 0.0, 0.0, 0.0, 0.0, 0.0, 0.0, 0.0, 0.0, 0.0, 0.0, 0.0, 0.0, 0.0, 0.0, 0.0, 0.0, 0.0, 0.0, 0.0, 0.0, 0.0, 0.0, 0.0, 0.0, 0.0, 0.0, 0.0, 0.0]"
1524751796085342365,,94,,1524751795,802921056,"""odom""",'',,,,41.3573928125,77.2167855251,0.0,,0.0,0.0,0.0,1.0,"[1.9880999999999998, 2.7755575615628914e-17, 0.0, 0.0, 0.0, 0.0, -2.7755575615628914e-17, 1.9880999999999998, 0.0, 0.0, 0.0, 0.0, 0.0, 0.0, 7.952399999999999, 0.0, 0.0, 0.0, 0.0, 0.0, 0.0, 0.0, 0.0, 0.0, 0.0, 0.0, 0.0, 0.0, 0.0, 0.0, 0.0, 0.0, 0.0, 0.0, 0.0, 0.0]",,,,0.0,0.0,0.0,,0.0,0.0,0.0,"[0.0, 0.0, 0.0, 0.0, 0.0, 0.0, 0.0, 0.0, 0.0, 0.0, 0.0, 0.0, 0.0, 0.0, 0.0, 0.0, 0.0, 0.0, 0.0, 0.0, 0.0, 0.0, 0.0, 0.0, 0.0, 0.0, 0.0, 0.0, 0.0, 0.0, 0.0, 0.0, 0.0, 0.0, 0.0, 0.0]"
1524751797085220385,,95,,1524751796,655128955,"""odom""",'',,,,41.6542125721,76.6259601447,0.0,,0.0,0.0,0.0,1.0,"[1.9043999999999999, 0.0, 0.0, 0.0, 0.0, 0.0, 0.0, 1.9043999999999999, 0.0, 0.0, 0.0, 0.0, 0.0, 0.0, 7.617599999999999, 0.0, 0.0, 0.0, 0.0, 0.0, 0.0, 0.0, 0.0, 0.0, 0.0, 0.0, 0.0, 0.0, 0.0, 0.0, 0.0, 0.0, 0.0, 0.0, 0.0, 0.0]",,,,0.0,0.0,0.0,,0.0,0.0,0.0,"[0.0, 0.0, 0.0, 0.0, 0.0, 0.0, 0.0, 0.0, 0.0, 0.0, 0.0, 0.0, 0.0, 0.0, 0.0, 0.0, 0.0, 0.0, 0.0, 0.0, 0.0, 0.0, 0.0, 0.0, 0.0, 0.0, 0.0, 0.0, 0.0, 0.0, 0.0, 0.0, 0.0, 0.0, 0.0, 0.0]"
1524751798085215031,,96,,1524751797,692188024,"""odom""",'',,,,41.8515381933,77.3503969893,0.0,,0.0,0.0,0.0,1.0,"[1.2100000000000004, -1.3877787807814457e-17, 0.0, 0.0, 0.0, 0.0, 1.3877787807814457e-17, 1.2100000000000004, 0.0, 0.0, 0.0, 0.0, 0.0, 0.0, 4.840000000000001, 0.0, 0.0, 0.0, 0.0, 0.0, 0.0, 0.0, 0.0, 0.0, 0.0, 0.0, 0.0, 0.0, 0.0, 0.0, 0.0, 0.0, 0.0, 0.0, 0.0, 0.0]",,,,0.0,0.0,0.0,,0.0,0.0,0.0,"[0.0, 0.0, 0.0, 0.0, 0.0, 0.0, 0.0, 0.0, 0.0, 0.0, 0.0, 0.0, 0.0, 0.0, 0.0, 0.0, 0.0, 0.0, 0.0, 0.0, 0.0, 0.0, 0.0, 0.0, 0.0, 0.0, 0.0, 0.0, 0.0, 0.0, 0.0, 0.0, 0.0, 0.0, 0.0, 0.0]"
1524751799085344438,,97,,1524751798,644211053,"""odom""",'',,,,41.7520441709,78.6656592462,0.0,,0.0,0.0,0.0,1.0,"[1.4640999999999997, 0.0, 0.0, 0.0, 0.0, 0.0, 0.0, 1.4640999999999997, 0.0, 0.0, 0.0, 0.0, 0.0, 0.0, 5.8564, 0.0, 0.0, 0.0, 0.0, 0.0, 0.0, 0.0, 0.0, 0.0, 0.0, 0.0, 0.0, 0.0, 0.0, 0.0, 0.0, 0.0, 0.0, 0.0, 0.0, 0.0]",,,,0.0,0.0,0.0,,0.0,0.0,0.0,"[0.0, 0.0, 0.0, 0.0, 0.0, 0.0, 0.0, 0.0, 0.0, 0.0, 0.0, 0.0, 0.0, 0.0, 0.0, 0.0, 0.0, 0.0, 0.0, 0.0, 0.0, 0.0, 0.0, 0.0, 0.0, 0.0, 0.0, 0.0, 0.0, 0.0, 0.0, 0.0, 0.0, 0.0, 0.0, 0.0]"
1524751800085306681,,98,,1524751799,670618057,"""odom""",'',,,,41.7520441645,78.6656592419,0.0,,0.0,0.0,0.0,1.0,"[1.8769000000000005, 2.7755575615628914e-17, 0.0, 0.0, 0.0, 0.0, -2.7755575615628914e-17, 1.8769000000000005, 0.0, 0.0, 0.0, 0.0, 0.0, 0.0, 7.507600000000001, 0.0, 0.0, 0.0, 0.0, 0.0, 0.0, 0.0, 0.0, 0.0, 0.0, 0.0, 0.0, 0.0, 0.0, 0.0, 0.0, 0.0, 0.0, 0.0, 0.0, 0.0]",,,,0.0,0.0,0.0,,0.0,0.0,0.0,"[0.0, 0.0, 0.0, 0.0, 0.0, 0.0, 0.0, 0.0, 0.0, 0.0, 0.0, 0.0, 0.0, 0.0, 0.0, 0.0, 0.0, 0.0, 0.0, 0.0, 0.0, 0.0, 0.0, 0.0, 0.0, 0.0, 0.0, 0.0, 0.0, 0.0, 0.0, 0.0, 0.0, 0.0, 0.0, 0.0]"
