rosbagTimestamp,gas,data,steering_wheel,data,break_value,data,wheels_encoder,data,rear_wheel_speed,data,hall_l_data,data,hall_r_data,data,chart_state,data,imu_temp,data,eve_info_reg,data
1522933932316182535,,0,,519,,2005,,504,,0.0,,0,,0,,2,,1,,24
1522933932366223742,,1,,519,,2007,,503,,0.0,,0,,0,,2,,1,,24
1522933932416006201,,0,,519,,2009,,503,,0.0,,0,,0,,2,,1,,24
1522933932466002639,,4,,519,,2007,,503,,0.0,,0,,0,,2,,1,,24
1522933932516009935,,0,,519,,2006,,503,,0.0,,0,,0,,2,,1,,24
1522933932566364272,,0,,519,,2009,,503,,0.0,,0,,0,,2,,1,,24
1522933932616199766,,0,,519,,2005,,503,,0.0,,0,,0,,2,,1,,24
1522933932666370396,,0,,519,,2014,,503,,0.0,,0,,0,,2,,1,,24
1522933932716241432,,0,,519,,2004,,503,,0.0,,0,,0,,2,,1,,24
1522933932766345361,,0,,519,,2005,,503,,0.0,,0,,0,,2,,1,,24
1522933932816017089,,2,,519,,2010,,503,,0.0,,0,,0,,2,,1,,24
1522933932866140254,,0,,519,,2006,,503,,0.0,,0,,0,,2,,1,,24
1522933932916113223,,4,,519,,2004,,503,,0.0,,0,,0,,2,,1,,24
1522933932965975906,,2,,519,,2005,,504,,0.0,,0,,0,,2,,1,,24
1522933933016004512,,1,,519,,2007,,503,,0.0,,0,,0,,2,,1,,24
1522933933066043187,,0,,519,,2012,,503,,0.0,,0,,0,,2,,1,,24
1522933933115943165,,0,,519,,2011,,503,,0.0,,0,,0,,2,,1,,24
1522933933166020495,,5,,519,,2009,,503,,0.0,,0,,0,,2,,1,,24
1522933933216208763,,0,,519,,1999,,503,,0.0,,0,,0,,2,,1,,24
1522933933266051818,,0,,519,,2013,,503,,0.0,,0,,0,,2,,1,,24
1522933933316221379,,0,,519,,2006,,503,,0.0,,0,,0,,2,,1,,24
1522933933366075520,,0,,519,,2006,,503,,0.0,,0,,0,,2,,1,,24
1522933933416205908,,0,,519,,2011,,503,,0.0,,0,,0,,2,,1,,24
1522933933465981219,,1,,519,,2005,,503,,0.0,,0,,0,,2,,1,,24
1522933933516025402,,2,,519,,2010,,503,,0.0,,0,,0,,2,,1,,24
1522933933566240661,,5,,519,,2010,,503,,0.0,,0,,0,,2,,1,,24
1522933933616212464,,0,,519,,2009,,503,,0.0,,0,,0,,2,,1,,24
1522933933666179963,,0,,519,,2010,,503,,0.0,,0,,0,,2,,1,,24
1522933933716022907,,3,,519,,2015,,503,,0.0,,0,,0,,2,,1,,24
1522933933766125885,,4,,519,,2010,,504,,0.0,,0,,0,,2,,1,,24
1522933933815947137,,4,,519,,2007,,503,,0.0,,0,,0,,2,,1,,24
1522933933866193891,,0,,519,,2011,,503,,0.0,,0,,0,,2,,1,,24
1522933933916270219,,0,,519,,2007,,503,,0.0,,0,,0,,2,,1,,24
1522933933966134047,,0,,519,,2008,,503,,0.0,,0,,0,,2,,1,,24
1522933934016075739,,1,,519,,2013,,503,,0.0,,0,,0,,2,,1,,24
1522933934066278438,,0,,519,,2005,,503,,0.0,,0,,0,,2,,1,,24
1522933934116031267,,0,,519,,2010,,503,,0.0,,0,,0,,2,,1,,24
1522933934166484373,,1,,519,,2007,,504,,0.0,,0,,0,,2,,1,,24
1522933934216142372,,0,,519,,2010,,503,,0.0,,0,,0,,2,,1,,24
1522933934266136608,,0,,519,,2011,,503,,0.0,,0,,0,,2,,1,,24
1522933934316100559,,0,,519,,2008,,503,,0.0,,0,,0,,2,,1,,24
1522933934365953687,,0,,519,,2003,,503,,0.0,,0,,0,,2,,1,,24
1522933934416225894,,2,,519,,2002,,503,,0.0,,0,,0,,2,,1,,24
1522933934465787331,,0,,519,,2010,,503,,0.0,,0,,0,,2,,1,,24
1522933934515935050,,0,,519,,2007,,503,,0.0,,0,,0,,2,,1,,24
1522933934566073290,,3,,519,,2007,,503,,0.0,,0,,0,,2,,1,,24
1522933934615995233,,0,,519,,2009,,503,,0.0,,0,,0,,2,,1,,24
1522933934666093528,,0,,519,,2007,,503,,0.0,,0,,0,,2,,1,,24
1522933934715980925,,0,,519,,2012,,504,,0.0,,0,,0,,2,,1,,24
1522933934766108153,,4,,519,,2007,,503,,0.0,,0,,0,,2,,1,,24
1522933934815988222,,0,,519,,2001,,503,,0.0,,0,,0,,2,,1,,24
1522933934866102204,,0,,519,,2008,,504,,0.0,,0,,0,,2,,1,,24
1522933934916061849,,0,,519,,2010,,504,,0.0,,0,,0,,2,,1,,24
1522933934966119551,,1,,519,,2006,,503,,0.0,,0,,0,,2,,1,,24
1522933935016272392,,1,,519,,2010,,503,,0.0,,0,,0,,2,,1,,24
1522933935066443830,,0,,519,,2011,,504,,0.0,,0,,0,,2,,1,,24
1522933935116046355,,5,,519,,2007,,503,,0.0,,0,,0,,2,,1,,24
1522933935166066333,,0,,519,,2005,,503,,0.0,,0,,0,,2,,1,,24
1522933935215905227,,4,,519,,2007,,503,,0.0,,0,,0,,2,,1,,24
1522933935266209554,,0,,519,,2004,,503,,0.0,,0,,0,,2,,1,,24
1522933935316106967,,0,,519,,2002,,503,,0.0,,0,,0,,2,,1,,24
1522933935366162810,,0,,519,,2011,,503,,0.0,,0,,0,,2,,1,,24
1522933935416201079,,0,,519,,2009,,503,,0.0,,0,,0,,2,,1,,24
1522933935466273237,,0,,519,,2008,,503,,0.0,,0,,0,,2,,1,,24
1522933935516072398,,0,,519,,2012,,503,,0.0,,0,,0,,2,,1,,24
1522933935566060030,,6,,519,,2006,,503,,0.0,,0,,0,,2,,1,,24
1522933935616090014,,0,,519,,2003,,503,,0.0,,0,,0,,2,,1,,24
1522933935666104844,,0,,519,,2000,,503,,0.0,,0,,0,,2,,1,,24
1522933935716286855,,0,,519,,2011,,503,,0.0,,0,,0,,2,,1,,24
1522933935766243868,,0,,519,,2005,,503,,0.0,,0,,0,,2,,1,,24
1522933935816254298,,4,,519,,2009,,504,,0.0,,0,,0,,2,,1,,24
1522933935866040412,,0,,519,,2012,,503,,0.0,,0,,0,,2,,1,,24
1522933935916413463,,0,,519,,2011,,503,,0.0,,0,,0,,2,,1,,24
1522933935966111693,,0,,519,,2010,,503,,0.0,,0,,0,,2,,1,,24
1522933936016080795,,3,,519,,2004,,503,,0.0,,0,,0,,2,,1,,24
1522933936066388194,,4,,519,,2005,,503,,0.0,,0,,0,,2,,1,,24
1522933936116177320,,0,,519,,2010,,503,,0.0,,0,,0,,2,,1,,24
1522933936166289607,,0,,519,,2003,,503,,0.0,,0,,0,,2,,1,,24
1522933936216076465,,6,,519,,2009,,503,,0.0,,0,,0,,2,,1,,24
1522933936266260244,,1,,519,,2006,,503,,0.0,,0,,0,,2,,1,,24
1522933936316074042,,0,,519,,2013,,504,,0.0,,0,,0,,2,,3,,24
1522933936366258737,,0,,519,,2007,,504,,0.0,,0,,0,,2,,5,,24
1522933936416034556,,0,,519,,2008,,503,,0.0,,0,,0,,2,,5,,24
1522933936466303040,,0,,519,,2007,,504,,0.0,,0,,0,,2,,7,,24
1522933936516165449,,0,,519,,2004,,504,,0.0,,0,,0,,2,,11,,24
1522933936566054006,,0,,519,,2006,,503,,0.0,,0,,0,,2,,9,,24
1522933936616059211,,0,,519,,2005,,503,,0.0,,0,,0,,2,,10,,24
1522933936666020494,,8,,519,,2006,,503,,0.0,,0,,0,,2,,11,,24
1522933936716026562,,0,,519,,2008,,503,,0.0,,0,,1,,2,,11,,24
1522933936766128995,,0,,519,,2005,,503,,0.0,,0,,1,,2,,12,,24
1522933936816130358,,3,,519,,2003,,503,,0.0,,0,,1,,2,,12,,24
1522933936866071246,,4,,519,,2007,,503,,0.0,,0,,2,,2,,12,,24
1522933936916059382,,0,,519,,2008,,503,,0.0,,0,,2,,2,,12,,24
1522933936966148554,,0,,519,,2002,,503,,0.0,,0,,2,,2,,10,,24
1522933937016122587,,2,,519,,2013,,503,,0.0,,0,,2,,2,,6,,24
1522933937066243307,,2,,519,,2010,,503,,0.0,,0,,2,,2,,5,,24
1522933937115984568,,0,,519,,2003,,503,,0.0,,0,,2,,2,,6,,24
1522933937166154385,,0,,519,,2010,,503,,0.0,,0,,2,,2,,8,,24
1522933937216090275,,0,,519,,2009,,503,,0.0,,0,,2,,2,,10,,24
1522933937265904192,,0,,519,,2017,,504,,0.0,,0,,2,,2,,11,,24
1522933937315963727,,3,,519,,2007,,503,,0.0,,0,,2,,2,,10,,24
1522933937366005598,,4,,519,,2013,,504,,0.0,,0,,2,,2,,10,,24
1522933937416088287,,0,,519,,2009,,503,,0.0,,0,,2,,2,,10,,24
1522933937466036090,,3,,519,,2006,,503,,0.0,,0,,2,,2,,10,,24
1522933937516229109,,0,,519,,2007,,503,,0.0,,0,,2,,2,,10,,24
1522933937566793181,,0,,519,,2009,,503,,0.0,,0,,2,,2,,10,,24
1522933937616102818,,0,,519,,2012,,503,,0.0,,0,,2,,2,,10,,24
1522933937666029662,,0,,519,,2006,,504,,0.0,,0,,2,,2,,10,,24
1522933937716079626,,2,,519,,2012,,503,,0.0,,0,,2,,2,,10,,24
1522933937765885971,,0,,519,,2003,,503,,0.0,,0,,2,,2,,10,,24
1522933937816019241,,0,,519,,2010,,503,,0.0,,0,,2,,2,,10,,24
1522933937866196276,,0,,519,,2013,,503,,0.0,,0,,2,,2,,10,,24
1522933937916074094,,0,,519,,2004,,503,,0.0,,0,,2,,2,,10,,24
1522933937966011419,,3,,519,,2011,,503,,0.0,,0,,2,,2,,10,,24
1522933938015942529,,1,,519,,2006,,503,,0.0,,0,,2,,2,,10,,24
1522933938066078507,,0,,519,,2010,,503,,0.0,,0,,2,,2,,10,,24
1522933938115997065,,4,,519,,2013,,504,,0.0,,0,,2,,2,,10,,24
1522933938166140840,,3,,519,,2006,,503,,0.0,,0,,2,,2,,10,,24
1522933938216111533,,3,,519,,2008,,503,,0.0,,0,,2,,2,,10,,24
1522933938266109337,,0,,519,,2004,,504,,0.0,,0,,2,,2,,10,,24
1522933938316161530,,24,,519,,2009,,503,,0.0,,0,,2,,2,,10,,24
1522933938366156034,,54,,519,,2006,,503,,0.0,,0,,2,,2,,10,,24
1522933938416080960,,73,,519,,2015,,504,,0.0,,0,,2,,2,,10,,24
1522933938466115881,,77,,519,,2011,,503,,0.0,,0,,2,,2,,10,,24
1522933938516180706,,86,,519,,2011,,503,,0.0,,0,,2,,2,,10,,24
1522933938565854802,,94,,519,,2004,,504,,0.0,,0,,2,,2,,10,,24
1522933938615972816,,90,,519,,2010,,503,,0.0,,0,,2,,2,,10,,24
1522933938665875284,,100,,519,,2009,,503,,0.0,,0,,2,,2,,10,,24
1522933938716023815,,118,,519,,2006,,503,,0.0,,0,,2,,2,,10,,24
1522933938765972058,,141,,519,,2010,,504,,0.0,,0,,2,,2,,10,,24
1522933938816138050,,156,,519,,2006,,503,,0.0,,0,,2,,2,,10,,24
1522933938866171394,,157,,519,,2006,,504,,0.0,,0,,2,,2,,10,,24
1522933938916390652,,139,,519,,2008,,503,,0.0,,0,,2,,2,,10,,24
1522933938966523235,,123,,519,,2007,,503,,0.0,,0,,2,,2,,10,,24
1522933939015982394,,120,,519,,2009,,503,,0.0,,0,,2,,2,,10,,24
1522933939066204559,,113,,519,,2005,,503,,0.0,,0,,2,,2,,10,,24
1522933939116017819,,109,,519,,2011,,503,,0.0,,0,,2,,2,,10,,24
1522933939166427579,,37,,519,,2007,,503,,0.0,,0,,2,,2,,10,,24
1522933939216032263,,2,,519,,2002,,504,,0.0,,0,,2,,2,,10,,24
1522933939266144781,,0,,519,,2006,,503,,0.0,,0,,2,,2,,10,,24
1522933939316096357,,0,,519,,2013,,503,,0.0,,0,,2,,2,,10,,24
1522933939366012003,,0,,519,,2011,,503,,0.0,,0,,2,,2,,10,,24
1522933939416092398,,1,,519,,2009,,504,,0.0,,0,,2,,2,,10,,24
1522933939466119253,,12,,519,,2005,,503,,0.0,,0,,2,,2,,10,,24
1522933939515921519,,92,,519,,2003,,503,,0.0,,0,,2,,2,,10,,24
1522933939566295425,,137,,519,,2005,,503,,0.0,,0,,2,,2,,10,,24
1522933939615871346,,175,,519,,2003,,503,,0.0,,0,,2,,2,,10,,24
1522933939666268243,,200,,519,,2009,,503,,0.0,,0,,2,,2,,10,,24
1522933939716178411,,207,,519,,2011,,503,,0.0,,0,,2,,2,,10,,24
1522933939766204934,,222,,519,,2007,,503,,0.0,,0,,2,,2,,10,,24
1522933939816022410,,226,,519,,2010,,503,,0.0,,0,,2,,2,,10,,24
1522933939866506951,,258,,519,,2011,,503,,0.0,,0,,2,,2,,10,,24
1522933939916051038,,299,,519,,2004,,503,,0.0,,0,,2,,2,,10,,24
1522933939966765233,,326,,519,,2008,,503,,0.0,,0,,2,,2,,10,,24
1522933940016181538,,359,,519,,2008,,504,,0.0,,0,,2,,2,,10,,24
1522933940066184779,,369,,519,,2009,,503,,0.0,,0,,2,,2,,10,,24
1522933940116116006,,394,,519,,2009,,503,,0.0,,0,,2,,2,,10,,24
1522933940166237049,,397,,519,,2003,,503,,0.0,,0,,2,,2,,10,,24
1522933940216209678,,400,,520,,2009,,504,,0.0,,0,,2,,2,,10,,24
1522933940266011247,,402,,520,,2006,,503,,0.0,,0,,2,,2,,10,,24
1522933940316161594,,404,,523,,2006,,503,,0.0,,0,,2,,2,,10,,24
1522933940366183917,,403,,523,,2000,,503,,0.0,,0,,2,,2,,10,,24
1522933940416057952,,388,,523,,2007,,503,,0.0,,0,,2,,2,,10,,24
1522933940466213978,,352,,523,,2008,,503,,0.0,,0,,2,,2,,10,,24
1522933940516233561,,256,,523,,2005,,503,,0.0,,0,,2,,2,,10,,24
1522933940566135631,,172,,523,,2003,,503,,0.0,,0,,2,,2,,10,,24
1522933940616211758,,169,,523,,2004,,503,,0.0,,0,,2,,2,,10,,24
1522933940666045476,,44,,523,,2004,,503,,0.0,,0,,2,,2,,10,,24
1522933940716328204,,3,,523,,2009,,503,,0.0,,0,,2,,2,,10,,24
1522933940766016655,,0,,520,,2007,,503,,0.0,,0,,2,,2,,10,,24
1522933940816056659,,0,,520,,2003,,503,,0.0,,0,,2,,2,,10,,24
1522933940866303466,,10,,520,,2004,,503,,0.0,,0,,2,,2,,10,,24
1522933940916273915,,0,,520,,2008,,503,,0.0,,0,,2,,2,,10,,24
1522933940966243275,,0,,520,,2006,,503,,0.0,,0,,2,,2,,10,,24
1522933941016414289,,0,,520,,2015,,503,,0.0,,0,,2,,2,,10,,24
1522933941066025462,,1,,520,,2004,,503,,0.0,,0,,2,,2,,10,,24
1522933941116455259,,1,,520,,2016,,503,,0.0,,0,,2,,2,,10,,24
1522933941166210445,,0,,520,,2005,,503,,0.0,,0,,2,,2,,10,,24
1522933941216193643,,0,,520,,2011,,503,,0.0,,0,,2,,2,,10,,24
1522933941266161418,,0,,520,,2008,,503,,0.0,,0,,2,,2,,10,,24
1522933941316269072,,0,,520,,2008,,503,,0.0,,0,,2,,2,,10,,24
1522933941366422280,,0,,520,,2006,,503,,0.0,,0,,2,,2,,10,,24
1522933941416301365,,7,,520,,2004,,503,,0.0,,0,,2,,2,,10,,24
1522933941466374041,,0,,520,,2008,,503,,0.0,,0,,2,,2,,10,,24
1522933941515984360,,1,,520,,2008,,503,,0.0,,0,,2,,2,,10,,24
1522933941566032106,,0,,520,,2014,,503,,0.0,,0,,2,,2,,10,,24
1522933941616278655,,0,,520,,2009,,503,,0.0,,0,,2,,2,,10,,24
1522933941666000039,,0,,520,,2013,,503,,0.0,,0,,2,,2,,10,,24
1522933941716141226,,4,,520,,2009,,503,,0.0,,0,,2,,2,,10,,24
1522933941766092410,,0,,520,,2009,,503,,0.0,,0,,2,,2,,10,,24
1522933941816259244,,5,,520,,2007,,503,,0.0,,0,,2,,2,,10,,24
1522933941866321924,,0,,520,,2015,,503,,0.0,,0,,2,,2,,10,,24
1522933946911645961,,141,,520,,2148,,503,,0.0,,0,,0,,0,,0,,0
1522933946961978956,,137,,520,,2004,,503,,0.0,,0,,0,,0,,0,,0
1522933947012059632,,212,,520,,2104,,503,,0.0,,0,,0,,0,,0,,0
1522933947062139056,,122,,520,,2004,,503,,0.0,,1,,0,,0,,77,,23
1522933947111880329,,144,,520,,1896,,503,,0.0140000004321,,1,,1,,0,,93,,23
1522933947161997032,,138,,520,,2008,,503,,0.0140000004321,,1,,1,,0,,94,,23
1522933947211921927,,61,,520,,2090,,503,,0.019999999553,,2,,2,,0,,94,,23
1522933947261873910,,87,,520,,2005,,503,,0.128999993205,,2,,2,,0,,94,,23
1522933947311945191,,141,,520,,1920,,503,,0.128999993205,,2,,2,,0,,93,,23
1522933947362142344,,65,,520,,2007,,503,,0.125,,3,,3,,0,,92,,23
1522933947411944839,,0,,520,,2008,,503,,0.120999999344,,3,,3,,0,,94,,24
1522933947461937741,,3,,520,,2008,,503,,0.120999999344,,3,,3,,0,,93,,24
1522933947512036303,,0,,520,,2004,,503,,0.120999999344,,3,,3,,0,,83,,24
1522933947561862549,,0,,520,,2000,,503,,0.120999999344,,3,,3,,0,,83,,24
1522933947611831775,,0,,520,,2007,,503,,0.119000002742,,4,,4,,0,,82,,24
1522933947661711803,,0,,520,,2015,,503,,0.0630000010133,,4,,4,,0,,81,,24
1522933947712202395,,0,,520,,2000,,503,,0.0579999983311,,4,,4,,0,,81,,24
1522933947761783214,,0,,520,,2005,,503,,0.0579999983311,,4,,4,,0,,81,,24
1522933947812371931,,0,,520,,2005,,503,,0.0579999983311,,4,,4,,0,,82,,24
1522933947862014680,,1,,520,,2005,,503,,0.0659999996424,,5,,5,,0,,83,,24
1522933947912037846,,0,,520,,2006,,503,,0.0710000023246,,5,,5,,0,,84,,24
1522933947962303639,,0,,520,,2009,,503,,0.0710000023246,,5,,5,,0,,87,,24
1522933948012039630,,0,,520,,2012,,503,,0.0710000023246,,5,,5,,0,,88,,24
1522933948062238280,,0,,520,,2001,,503,,0.0710000023246,,5,,5,,0,,88,,24
1522933948112024728,,5,,520,,2008,,503,,0.0710000023246,,5,,5,,0,,90,,24
1522933948162087385,,0,,520,,2096,,503,,0.0710000023246,,5,,5,,0,,100,,24
1522933948212084209,,0,,520,,2004,,503,,0.0710000023246,,5,,5,,0,,102,,24
1522933948262206577,,44,,520,,2055,,503,,0.0710000023246,,5,,5,,0,,102,,24
1522933948311944669,,0,,520,,2002,,503,,0.0710000023246,,5,,5,,0,,102,,24
1522933948361977847,,32,,520,,1935,,503,,0.0710000023246,,5,,5,,0,,104,,24
1522933948411879900,,0,,520,,2009,,503,,0.0710000023246,,5,,5,,0,,105,,24
1522933948461978103,,38,,520,,1991,,503,,0.0710000023246,,5,,5,,0,,105,,24
1522933948511791636,,0,,520,,2011,,503,,0.0710000023246,,5,,5,,0,,103,,24
1522933948561747110,,0,,520,,2012,,503,,0.0710000023246,,5,,5,,0,,103,,24
1522933948612047879,,0,,520,,2011,,503,,0.0610000006855,,6,,6,,0,,102,,24
1522933948661772659,,0,,520,,2009,,503,,0.0219999998808,,6,,6,,0,,101,,24
1522933948711885954,,0,,520,,2009,,503,,0.0209999997169,,6,,6,,0,,101,,24
1522933948761968088,,0,,520,,2008,,503,,0.0209999997169,,6,,6,,0,,103,,24
1522933948811828017,,0,,520,,2014,,503,,0.0209999997169,,6,,6,,0,,105,,24
1522933948861769342,,0,,520,,2012,,503,,0.0209999997169,,6,,6,,0,,105,,24
1522933948911706118,,0,,520,,2007,,503,,0.0209999997169,,6,,6,,0,,105,,24
1522933948961831910,,0,,520,,2008,,503,,0.0209999997169,,6,,6,,0,,108,,24
1522933949011903111,,2,,520,,2010,,503,,0.0209999997169,,7,,6,,0,,108,,24
1522933949061838825,,0,,520,,2012,,503,,0.035000000149,,7,,7,,0,,108,,24
1522933949111965706,,0,,520,,2007,,503,,0.0379999987781,,7,,7,,0,,107,,24
1522933949162386345,,1,,520,,2006,,503,,0.0379999987781,,7,,7,,0,,107,,24
1522933949212016413,,3,,520,,2006,,503,,0.0379999987781,,7,,7,,0,,106,,24
1522933949261912195,,0,,520,,2005,,503,,0.0379999987781,,7,,7,,0,,104,,24
1522933949312062464,,0,,520,,2005,,503,,0.0379999987781,,7,,7,,0,,102,,24
1522933949361762347,,2,,520,,2007,,503,,0.0379999987781,,7,,7,,0,,102,,24
1522933949412106707,,0,,520,,2003,,503,,0.0379999987781,,7,,7,,0,,102,,24
1522933949462047639,,0,,520,,2007,,503,,0.0379999987781,,7,,7,,0,,103,,24
1522933949511966880,,0,,520,,1959,,503,,0.0379999987781,,7,,7,,0,,106,,24
1522933949562021824,,0,,520,,2010,,503,,0.0379999987781,,7,,7,,0,,111,,24
1522933949611848480,,0,,520,,2088,,503,,0.0379999987781,,7,,7,,0,,116,,24
1522933949662054690,,1,,520,,2006,,503,,0.0379999987781,,7,,7,,0,,118,,24
1522933949711698419,,1,,520,,2007,,503,,0.0379999987781,,7,,7,,0,,119,,24
1522933949761854250,,3,,520,,2008,,503,,0.0379999987781,,7,,7,,0,,121,,24
1522933949811845007,,0,,520,,2002,,503,,0.0379999987781,,7,,7,,0,,121,,24
1522933949862046677,,5,,520,,2009,,503,,0.0379999987781,,7,,7,,0,,120,,24
1522933949911985708,,0,,520,,2010,,503,,0.0379999987781,,7,,7,,0,,117,,24
1522933949962331455,,2,,520,,2007,,503,,0.0379999987781,,7,,7,,0,,110,,24
1522933950011911605,,1,,520,,2011,,503,,0.0379999987781,,7,,7,,0,,107,,24
1522933950061984878,,0,,520,,2008,,503,,0.0379999987781,,7,,7,,0,,107,,24
1522933950111929730,,0,,520,,2005,,503,,0.0379999987781,,7,,7,,0,,107,,24
1522933950161954014,,0,,520,,2007,,503,,0.0379999987781,,7,,7,,0,,107,,24
1522933950211607496,,0,,520,,2015,,503,,0.0,,7,,7,,0,,108,,24
1522933950261975830,,0,,520,,2001,,503,,0.0,,7,,7,,0,,109,,24
1522933950311884145,,0,,520,,2007,,503,,0.0,,7,,7,,0,,110,,24
1522933950362416365,,3,,520,,2005,,503,,0.0,,7,,7,,0,,111,,24
1522933950411892963,,0,,520,,2006,,503,,0.0,,7,,7,,0,,112,,24
1522933950462087192,,0,,520,,2007,,503,,0.0,,7,,7,,0,,113,,24
1522933950511909113,,2,,520,,2008,,503,,0.0,,7,,7,,0,,113,,24
1522933950562524692,,0,,520,,2013,,503,,0.0,,7,,7,,0,,113,,24
1522933950611943575,,0,,520,,2007,,503,,0.0,,7,,7,,0,,113,,24
1522933950661883060,,0,,520,,2039,,503,,0.0,,7,,7,,0,,113,,24
1522933950711903850,,2,,520,,2007,,503,,0.0,,7,,7,,0,,113,,24
1522933950762007649,,8,,520,,2128,,503,,0.0,,7,,7,,0,,113,,24
1522933950812092795,,2,,520,,2008,,503,,0.0,,7,,7,,0,,114,,24
1522933950862031447,,0,,520,,2104,,503,,0.0,,7,,7,,0,,114,,24
1522933950912282164,,0,,520,,2001,,503,,0.0,,7,,7,,0,,114,,24
1522933950962196213,,0,,520,,2046,,503,,0.0,,7,,7,,0,,114,,24
1522933951011896050,,0,,520,,2014,,503,,0.0,,7,,7,,0,,114,,24
1522933951061930640,,0,,520,,2007,,503,,0.0,,7,,7,,0,,114,,24
1522933951112001422,,0,,520,,2008,,503,,0.0,,7,,7,,0,,114,,24
1522933951162125511,,0,,520,,2001,,503,,0.0,,7,,7,,0,,114,,24
1522933951212030781,,0,,520,,2013,,503,,0.0,,7,,7,,0,,114,,24
1522933951262160252,,2,,520,,2011,,503,,0.0,,7,,7,,0,,114,,24
1522933951311895318,,3,,520,,2007,,503,,0.0,,7,,7,,0,,114,,24
1522933951362063670,,0,,520,,2007,,503,,0.0,,7,,7,,0,,114,,24
1522933951412013464,,0,,520,,2009,,503,,0.0,,7,,7,,0,,114,,24
1522933951462087732,,0,,520,,2004,,503,,0.0,,7,,7,,0,,114,,24
1522933951512086821,,0,,520,,2009,,503,,0.0,,7,,7,,0,,114,,24
1522933951562152562,,0,,520,,2009,,503,,0.0,,7,,7,,0,,114,,24
1522933951611942056,,0,,520,,2007,,503,,0.0,,7,,7,,0,,114,,24
1522933951662134200,,0,,520,,2005,,503,,0.0,,7,,7,,0,,114,,24
1522933951712457543,,0,,520,,1901,,503,,0.0,,7,,7,,0,,114,,24
1522933951761910997,,5,,520,,2013,,503,,0.0,,7,,7,,0,,114,,24
1522933951812233079,,0,,520,,2105,,503,,0.0,,7,,7,,0,,114,,24
1522933951862047358,,0,,520,,2008,,503,,0.0,,7,,7,,0,,114,,24
1522933951911993597,,0,,520,,1879,,503,,0.0,,7,,7,,0,,114,,24
1522933951962206473,,0,,520,,2009,,503,,0.0,,7,,7,,0,,114,,24
1522933952012035993,,0,,520,,2029,,503,,0.0,,7,,7,,0,,114,,24
1522933952061771809,,1,,520,,2006,,503,,0.0,,7,,7,,0,,114,,24
1522933952112082012,,0,,520,,1944,,503,,0.0,,7,,7,,0,,114,,24
1522933952162029356,,2,,520,,2009,,503,,0.0,,7,,7,,0,,114,,24
1522933952212213140,,0,,520,,2126,,503,,0.0,,7,,7,,0,,114,,24
1522933952261854413,,1,,520,,2008,,503,,0.0,,7,,7,,0,,114,,24
1522933952312256228,,2,,520,,2011,,503,,0.0,,7,,7,,0,,114,,24
1522933952362001347,,1,,520,,2004,,503,,0.0,,7,,7,,0,,114,,24
1522933952412059329,,4,,520,,2008,,503,,0.0,,7,,7,,0,,114,,24
1522933952462208473,,0,,520,,2007,,503,,0.0,,7,,7,,0,,114,,24
1522933952512074223,,0,,520,,2007,,503,,0.0,,7,,7,,0,,114,,24
1522933952562150905,,0,,520,,2010,,503,,0.0,,7,,7,,0,,114,,24
1522933952611920270,,3,,520,,2005,,503,,0.0,,7,,7,,0,,114,,24
1522933952661699965,,0,,520,,2012,,503,,0.0,,7,,7,,0,,114,,24
1522933952711982759,,2,,520,,2002,,503,,0.0,,7,,7,,0,,114,,24
1522933952761946253,,0,,520,,2006,,503,,0.0,,7,,7,,0,,114,,24
1522933952811963895,,0,,520,,2009,,503,,0.0,,7,,7,,0,,114,,24
1522933952862044414,,0,,520,,2002,,503,,0.0,,7,,7,,0,,114,,24
1522933952912244552,,0,,520,,2005,,503,,0.0,,7,,7,,0,,114,,24
1522933952962044721,,2,,520,,1874,,503,,0.0,,7,,7,,0,,114,,24
1522933953012089105,,0,,520,,2002,,503,,0.0,,7,,7,,0,,114,,24
1522933953062213271,,0,,520,,2118,,503,,0.0,,7,,7,,0,,114,,24
1522933953111771382,,0,,520,,1997,,503,,0.0,,7,,7,,0,,114,,24
1522933953161959232,,8,,520,,2131,,503,,0.0,,7,,7,,0,,114,,24
1522933953212341519,,2,,520,,2009,,503,,0.0,,7,,7,,0,,114,,24
1522933953261943310,,26,,520,,1869,,503,,0.0,,7,,7,,0,,114,,24
1522933953312082466,,2,,520,,2010,,503,,0.0,,7,,7,,0,,114,,24
1522933953361923868,,39,,520,,1882,,503,,0.0,,7,,7,,0,,114,,24
1522933953412146419,,0,,520,,2008,,503,,0.0,,7,,7,,0,,114,,24
1522933953462090367,,0,,520,,2004,,503,,0.0,,7,,7,,0,,114,,24
1522933953512054124,,7,,520,,2013,,503,,0.0,,7,,7,,0,,114,,24
1522933953561902862,,0,,520,,2009,,503,,0.0,,7,,7,,0,,114,,24
1522933953612088157,,1,,520,,2008,,503,,0.0,,7,,7,,0,,114,,24
1522933953661864987,,0,,520,,2009,,503,,0.0,,7,,7,,0,,114,,24
1522933953712394899,,0,,520,,2006,,503,,0.0,,7,,7,,0,,114,,24
1522933953761995093,,0,,520,,2006,,503,,0.0,,7,,7,,0,,114,,24
1522933953811969937,,0,,520,,2007,,503,,0.0,,7,,7,,0,,114,,24
1522933953861894577,,0,,520,,2003,,503,,0.0,,7,,7,,0,,114,,24
1522933953912022379,,0,,520,,2008,,503,,0.0,,7,,7,,0,,114,,24
1522933953961994422,,0,,520,,2009,,503,,0.0,,7,,7,,0,,114,,24
1522933954012008166,,0,,520,,2005,,503,,0.0,,7,,7,,0,,114,,24
1522933954061998807,,0,,520,,2004,,503,,0.0,,7,,7,,0,,114,,24
1522933954112177355,,1,,520,,2005,,503,,0.0,,7,,7,,0,,114,,24
1522933954162025600,,0,,520,,2010,,503,,0.0,,7,,7,,0,,114,,24
1522933954212099255,,0,,520,,2108,,503,,0.0,,7,,7,,0,,114,,24
1522933954262005565,,0,,520,,2012,,503,,0.0,,7,,7,,0,,114,,24
1522933954311912704,,0,,520,,1890,,503,,0.0,,7,,7,,0,,114,,24
1522933954361955347,,0,,520,,2003,,503,,0.0,,7,,7,,0,,114,,24
1522933954412078367,,18,,520,,1879,,503,,0.0,,7,,7,,0,,114,,24
1522933954461827960,,0,,520,,2008,,503,,0.0,,7,,7,,0,,114,,24
1522933954512298368,,1,,520,,1942,,503,,0.0,,7,,7,,0,,114,,24
1522933954561851439,,0,,520,,2012,,503,,0.0,,7,,7,,0,,114,,24
1522933954611829780,,1,,520,,2008,,503,,0.0,,7,,7,,0,,114,,24
1522933954661965523,,0,,520,,2011,,503,,0.0,,7,,7,,0,,114,,24
1522933954711959250,,0,,520,,2008,,503,,0.0,,7,,7,,0,,114,,24
1522933954762052763,,5,,520,,2010,,503,,0.0,,7,,7,,0,,114,,24
1522933954811971837,,0,,520,,2005,,503,,0.0,,7,,7,,0,,114,,24
1522933954861966256,,0,,520,,2009,,503,,0.0,,7,,7,,0,,114,,24
1522933954912329305,,0,,520,,2006,,503,,0.0,,7,,7,,0,,114,,24
1522933954962097607,,0,,520,,2005,,503,,0.0,,7,,7,,0,,114,,24
1522933955011836205,,0,,520,,2009,,503,,0.0,,7,,7,,0,,114,,24
1522933955061791997,,0,,520,,2007,,503,,0.0,,7,,7,,0,,114,,24
1522933955111842227,,3,,520,,2006,,503,,0.0,,7,,7,,0,,114,,24
1522933955161942137,,0,,520,,2003,,503,,0.0,,7,,7,,0,,114,,24
1522933955212229521,,1,,520,,2008,,503,,0.0,,7,,7,,0,,114,,24
1522933955261975446,,0,,520,,2011,,503,,0.0,,7,,7,,0,,114,,24
1522933955312215283,,0,,520,,2009,,503,,0.0,,7,,7,,0,,114,,24
1522933955362143556,,1,,520,,2010,,503,,0.0,,7,,7,,0,,114,,24
1522933955411969604,,0,,520,,2005,,503,,0.0,,7,,7,,0,,114,,24
1522933955462146841,,0,,520,,1986,,503,,0.0,,7,,7,,0,,114,,24
1522933955511983853,,0,,520,,2003,,503,,0.0,,7,,7,,0,,114,,24
1522933955562134704,,0,,520,,2099,,503,,0.0,,7,,7,,0,,114,,24
1522933955611990382,,0,,520,,2005,,503,,0.0,,7,,7,,0,,114,,24
1522933955662255671,,0,,520,,2018,,503,,0.0,,7,,7,,0,,114,,24
1522933955712070490,,0,,520,,2012,,503,,0.0,,7,,7,,0,,114,,24
1522933955761830684,,30,,520,,1919,,503,,0.0,,7,,7,,0,,114,,24
1522933955811954046,,3,,520,,2008,,503,,0.0,,7,,7,,0,,114,,24
1522933955861993299,,0,,520,,2008,,503,,0.0,,7,,7,,0,,114,,24
1522933955912190741,,0,,520,,2006,,503,,0.0,,7,,7,,0,,114,,24
1522933955961848930,,0,,520,,2005,,503,,0.0,,7,,7,,0,,114,,24
