rosbagTimestamp,header,seq,stamp,secs,nsecs,frame_id,twist,linear,x,y,z,angular,x,y,z
1524145439690669991,,1,,1524145439,696290969,"""gps_left""",,,0.0,-0.0,0.0,,0.0,0.0,0.0
1524145439720931458,,1,,1524145439,720887899,"""gps_right""",,,0.0,-0.0,0.0,,0.0,0.0,0.0
1524145441264419572,,2,,1524145441,270179033,"""gps_left""",,,0.0,-0.0,0.0,,0.0,0.0,0.0
1524145441284541164,,2,,1524145441,293857097,"""gps_right""",,,0.0,-0.0,0.0,,0.0,0.0,0.0
1524145441869633074,,3,,1524145441,877661943,"""gps_left""",,,0.0,-0.0,0.0,,0.0,0.0,0.0
1524145441910046725,,3,,1524145441,913877010,"""gps_right""",,,0.0,-0.0,0.0,,0.0,0.0,0.0
1524145442707146452,,4,,1524145442,713561058,"""gps_left""",,,0.0,-0.0,0.0,,0.0,0.0,0.0
1524145442747536201,,4,,1524145442,752964973,"""gps_right""",,,0.0,-0.0,0.0,,0.0,0.0,0.0
1524145443695078793,,5,,1524145443,702929973,"""gps_left""",,,0.0,-0.0,0.0,,0.0,0.0,0.0
1524145443725361301,,5,,1524145443,728321075,"""gps_right""",,,0.0,-0.0,0.0,,0.0,0.0,0.0
1524145444704104218,,6,,1524145444,704406023,"""gps_left""",,,0.0,-0.0,0.0,,0.0,0.0,0.0
1524145444704104218,,6,,1524145444,705301046,"""gps_right""",,,0.0,-0.0,0.0,,0.0,0.0,0.0
1524145446248187469,,7,,1524145446,256433010,"""gps_left""",,,0.0,-0.0,0.0,,0.0,0.0,0.0
1524145446268343435,,7,,1524145446,273344039,"""gps_right""",,,0.0,-0.0,0.0,,0.0,0.0,0.0
1524145446843670743,,8,,1524145446,851521968,"""gps_left""",,,0.0,-0.0,0.0,,0.0,0.0,0.0
1524145446863851143,,8,,1524145446,872369050,"""gps_right""",,,0.0,-0.0,0.0,,0.0,0.0,0.0
1524145447710983492,,9,,1524145447,718893051,"""gps_left""",,,0.0,-0.0,0.0,,0.0,0.0,0.0
1524145447731169501,,9,,1524145447,735425949,"""gps_right""",,,0.0,-0.0,0.0,,0.0,0.0,0.0
1524145448699732774,,10,,1524145448,704785108,"""gps_left""",,,0.0,-0.0,0.0,,0.0,0.0,0.0
1524145448719912507,,10,,1524145448,727281093,"""gps_right""",,,0.0,-0.0,0.0,,0.0,0.0,0.0
1524145449698466437,,11,,1524145449,701178073,"""gps_left""",,,0.0,-0.0,0.0,,0.0,0.0,0.0
1524145449708527129,,11,,1524145449,715464115,"""gps_right""",,,0.0,-0.0,0.0,,0.0,0.0,0.0
1524145451272196733,,12,,1524145451,278100013,"""gps_right""",,,0.0,-0.0,0.0,,0.0,0.0,0.0
1524145451272196733,,12,,1524145451,280870914,"""gps_left""",,,0.0,-0.0,0.0,,0.0,0.0,0.0
1524145451857468752,,13,,1524145451,857167005,"""gps_left""",,,0.0,-0.0,0.0,,0.0,0.0,0.0
1524145451867535562,,13,,1524145451,876790046,"""gps_right""",,,0.0,-0.0,0.0,,0.0,0.0,0.0
1524145452704897901,,14,,1524145452,704308986,"""gps_left""",,,0.0,-0.0,0.0,,0.0,0.0,0.0
1524145452735172818,,14,,1524145452,735186100,"""gps_right""",,,0.0,-0.0,0.0,,0.0,0.0,0.0
1524145453703974112,,15,,1524145453,709466934,"""gps_left""",,,0.0,-0.0,0.0,,0.0,0.0,0.0
1524145453714070221,,15,,1524145453,715276956,"""gps_right""",,,0.0,-0.0,0.0,,0.0,0.0,0.0
1524145454692706546,,16,,1524145454,693695068,"""gps_right""",,,0.0,-0.0,0.0,,0.0,0.0,0.0
1524145454712944974,,16,,1524145454,714773893,"""gps_left""",,,0.0,-0.0,0.0,,0.0,0.0,0.0
1524145456256712849,,17,,1524145456,257719039,"""gps_left""",,,0.0,-0.0,0.0,,0.0,0.0,0.0
1524145456256712849,,17,,1524145456,259689092,"""gps_right""",,,0.0,-0.0,0.0,,0.0,0.0,0.0
1524145456841707115,,18,,1524145456,846219062,"""gps_left""",,,0.0,-0.0,0.0,,0.0,0.0,0.0
1524145456861950578,,18,,1524145456,867127895,"""gps_right""",,,0.0,-0.0,0.0,,0.0,0.0,0.0
1524145457688536364,,19,,1524145457,696485996,"""gps_right""",,,0.0,-0.0,0.0,,0.0,0.0,0.0
1524145457698660268,,19,,1524145457,703257083,"""gps_left""",,,0.0,-0.0,0.0,,0.0,0.0,0.0
1524145458687180503,,20,,1524145458,696048021,"""gps_left""",,,0.0,-0.0,0.0,,0.0,0.0,0.0
1524145458707317814,,20,,1524145458,709456920,"""gps_right""",,,0.0,-0.0,0.0,,0.0,0.0,0.0
1524145459705857526,,21,,1524145459,713495016,"""gps_left""",,,0.0,-0.0,0.0,,0.0,0.0,0.0
1524145459726041387,,21,,1524145459,725589990,"""gps_right""",,,0.0,-0.0,0.0,,0.0,0.0,0.0
1524145461239311422,,22,,1524145461,244509935,"""gps_left""",,,-0.559011722116,-1.08352933308,0.0,,0.0,0.0,0.0
1524145461320057753,,22,,1524145461,323458909,"""gps_right""",,,-0.552438866938,-1.25195474222,0.0,,0.0,0.0,0.0
1524145461774075139,,23,,1524145461,773742914,"""gps_right""",,,-0.62780258971,-1.21011991461,0.0,,0.0,0.0,0.0
1524145461824448033,,23,,1524145461,832590103,"""gps_left""",,,-0.62571620729,-1.42204825421,0.0,,0.0,0.0,0.0
1524145462701810863,,24,,1524145462,708127975,"""gps_left""",,,-0.49508749791,-1.43458420944,0.0,,0.0,0.0,0.0
1524145462732067152,,24,,1524145462,732112884,"""gps_right""",,,-0.561093882179,-1.47631383167,0.0,,0.0,0.0,0.0
1524145463700810560,,25,,1524145463,708612918,"""gps_left""",,,-0.564526191792,-1.52447697212,0.0,,0.0,0.0,0.0
1524145463721003695,,25,,1524145463,728562116,"""gps_right""",,,-0.568731092338,-1.58317842721,0.0,,0.0,0.0,0.0
1524145464690122672,,26,,1524145464,697283983,"""gps_left""",,,-0.594067319439,-1.55733948129,0.0,,0.0,0.0,0.0
1524145464740558231,,26,,1524145464,743837118,"""gps_right""",,,-0.597544474644,-1.47304946803,0.0,,0.0,0.0,0.0
1524145466274079245,,27,,1524145466,277869939,"""gps_left""",,,-0.404040143797,-1.08469249661,0.0,,0.0,0.0,0.0
1524145466304357521,,27,,1524145466,307411909,"""gps_right""",,,-0.3819716913,-1.09810734049,0.0,,0.0,0.0,0.0
1524145466748120912,,28,,1524145466,754215955,"""gps_right""",,,-0.44107089592,-1.38205776624,0.0,,0.0,0.0,0.0
1524145466858982168,,28,,1524145466,858499050,"""gps_left""",,,-0.359538810369,-1.18115774629,0.0,,0.0,0.0,0.0
1524145467726894769,,29,,1524145467,727026939,"""gps_right""",,,-0.469673236049,-1.3017155027,0.0,,0.0,0.0,0.0
1524145467726894769,,29,,1524145467,735213041,"""gps_left""",,,-0.406345309097,-1.20395411238,0.0,,0.0,0.0,0.0
1524145468695320799,,30,,1524145468,701247930,"""gps_right""",,,-0.462565673762,-1.32607163654,0.0,,0.0,0.0,0.0
1524145468715514022,,30,,1524145468,722311019,"""gps_left""",,,-0.476825482705,-1.31006724675,0.0,,0.0,0.0,0.0
1524145469693928990,,31,,1524145469,700603008,"""gps_left""",,,-0.743707428167,-1.24560285233,0.0,,0.0,0.0,0.0
1524145469714101633,,31,,1524145469,718210935,"""gps_right""",,,-0.750796376796,-1.22327057129,0.0,,0.0,0.0,0.0
1524145471267934704,,32,,1524145471,274861097,"""gps_left""",,,-0.849914031155,-1.25108015627,0.0,,0.0,0.0,0.0
1524145471288058010,,32,,1524145471,294114112,"""gps_right""",,,-0.859798470806,-1.1812419411,0.0,,0.0,0.0,0.0
1524145471752026355,,33,,1524145471,760076999,"""gps_right""",,,-0.938795528071,-1.05146206212,0.0,,0.0,0.0,0.0
1524145471863046716,,33,,1524145471,872255086,"""gps_left""",,,-0.944959491375,-1.09397385496,0.0,,0.0,0.0,0.0
1524145472700308864,,34,,1524145472,701371908,"""gps_left""",,,-1.05003880954,-0.986052075695,0.0,,0.0,0.0,0.0
1524145472730491879,,34,,1524145472,733515024,"""gps_right""",,,-1.08540978631,-0.977993624524,0.0,,0.0,0.0,0.0
1524145473698711611,,35,,1524145473,705476999,"""gps_left""",,,-1.22167805772,-0.917595299294,0.0,,0.0,0.0,0.0
1524145473728966410,,35,,1524145473,730134963,"""gps_right""",,,-1.17337666508,-0.92136836208,0.0,,0.0,0.0,0.0
1524145474707535923,,36,,1524145474,708436012,"""gps_left""",,,-1.22823525835,-0.80067649184,0.0,,0.0,0.0,0.0
1524145474737781091,,36,,1524145474,739375114,"""gps_right""",,,-1.30687091098,-0.811241936749,0.0,,0.0,0.0,0.0
1524145476271533884,,37,,1524145476,271820068,"""gps_left""",,,-1.29110137032,-0.747522379829,0.0,,0.0,0.0,0.0
1524145476281592527,,37,,1524145476,289654970,"""gps_right""",,,-1.223427661,-0.760332135206,0.0,,0.0,0.0,0.0
1524145476856781916,,38,,1524145476,856414079,"""gps_left""",,,-1.18042063197,-0.712356272882,0.0,,0.0,0.0,0.0
1524145476887047825,,38,,1524145476,894059896,"""gps_right""",,,-1.19421101806,-0.709352552924,0.0,,0.0,0.0,0.0
1524145477704144318,,39,,1524145477,713215112,"""gps_left""",,,-1.10777231207,-0.693019737778,0.0,,0.0,0.0,0.0
1524145477744484801,,39,,1524145477,743953943,"""gps_right""",,,-1.09376554684,-0.676578686235,0.0,,0.0,0.0,0.0
1524145478702814252,,40,,1524145478,707072019,"""gps_left""",,,-1.12749257148,-0.784503594026,0.0,,0.0,0.0,0.0
1524145478723002712,,40,,1524145478,731126070,"""gps_right""",,,-1.10738315912,-0.568873337567,0.0,,0.0,0.0,0.0
1524145479691361390,,41,,1524145479,698718070,"""gps_left""",,,-1.11965300854,-0.693402918672,0.0,,0.0,0.0,0.0
1524145479731782484,,41,,1524145479,735235929,"""gps_right""",,,-1.08620041022,-0.618804233052,0.0,,0.0,0.0,0.0
1524145481265806792,,42,,1524145481,269609928,"""gps_left""",,,-1.17959310381,-0.703736809626,0.0,,0.0,0.0,0.0
1524145481265806792,,42,,1524145481,270941972,"""gps_right""",,,-1.21936833515,-0.654367680948,0.0,,0.0,0.0,0.0
1524145481851135554,,43,,1524145481,852013111,"""gps_left""",,,-1.18119689139,-0.750188841776,0.0,,0.0,0.0,0.0
1524145481871335071,,43,,1524145481,875344038,"""gps_right""",,,-1.26183815975,-0.766606461054,0.0,,0.0,0.0,0.0
1524145482698711652,,44,,1524145482,699246883,"""gps_left""",,,-1.23289669265,-0.724783180228,0.0,,0.0,0.0,0.0
1524145482708782347,,44,,1524145482,709216117,"""gps_right""",,,-1.34764993176,-0.793509687951,0.0,,0.0,0.0,0.0
1524145483707710331,,45,,1524145483,713594913,"""gps_left""",,,-1.33117003354,-0.770721350237,0.0,,0.0,0.0,0.0
1524145483727866054,,45,,1524145483,733366012,"""gps_right""",,,-1.30966591874,-0.786926674654,0.0,,0.0,0.0,0.0
1524145484706385201,,46,,1524145484,707222938,"""gps_left""",,,-1.25610670881,-0.823853149615,0.0,,0.0,0.0,0.0
1524145484736656744,,46,,1524145484,740782976,"""gps_right""",,,-1.28694048684,-0.723674782526,0.0,,0.0,0.0,0.0
1524145486260093243,,47,,1524145486,261739969,"""gps_left""",,,-1.29501744954,-0.730300519294,0.0,,0.0,0.0,0.0
1524145486300446804,,47,,1524145486,305329084,"""gps_right""",,,-1.28128504863,-0.702064497015,0.0,,0.0,0.0,0.0
1524145486724218543,,48,,1524145486,731421947,"""gps_right""",,,-1.28598977536,-0.815484383446,0.0,,0.0,0.0,0.0
1524145486845244381,,48,,1524145486,849891901,"""gps_left""",,,-1.27304742922,-0.684892311703,0.0,,0.0,0.0,0.0
1524145487692706782,,49,,1524145487,697156906,"""gps_left""",,,-1.24767481583,-0.740226153546,0.0,,0.0,0.0,0.0
1524145487712900457,,49,,1524145487,721084117,"""gps_right""",,,-1.22503031887,-0.777127996081,0.0,,0.0,0.0,0.0
1524145488691494365,,50,,1524145488,698358058,"""gps_left""",,,-1.22908485389,-0.73122864757,0.0,,0.0,0.0,0.0
1524145488721708416,,50,,1524145488,729182958,"""gps_right""",,,-1.25819755575,-0.752717480291,0.0,,0.0,0.0,0.0
1524145489730528645,,51,,1524145489,730907917,"""gps_right""",,,-1.26239218495,-0.693719085016,0.0,,0.0,0.0,0.0
1524145489730528645,,51,,1524145489,736701965,"""gps_left""",,,-1.2105917205,-0.681020327343,0.0,,0.0,0.0,0.0
1524145491264171078,,52,,1524145491,269481897,"""gps_left""",,,-1.21574174851,-0.75320443043,0.0,,0.0,0.0,0.0
1524145491284335035,,52,,1524145491,287256956,"""gps_right""",,,-1.24799284981,-0.632869055485,0.0,,0.0,0.0,0.0
1524145491839014584,,53,,1524145491,846796035,"""gps_left""",,,-1.30669273404,-0.751381647636,0.0,,0.0,0.0,0.0
1524145491899449654,,53,,1524145491,900160074,"""gps_right""",,,-1.31808006535,-0.762528309828,0.0,,0.0,0.0,0.0
1524145492706561358,,54,,1524145492,706454038,"""gps_left""",,,-1.26258510743,-0.804355423681,0.0,,0.0,0.0,0.0
1524145492726821670,,54,,1524145492,734178066,"""gps_right""",,,-1.28517691068,-0.854516287754,0.0,,0.0,0.0,0.0
1524145493705532364,,55,,1524145493,707283020,"""gps_left""",,,-1.35217369441,-0.743978546673,0.0,,0.0,0.0,0.0
1524145493715622045,,55,,1524145493,718338012,"""gps_right""",,,-1.2903400776,-0.604714106776,0.0,,0.0,0.0,0.0
1524145494694487470,,56,,1524145494,698770999,"""gps_left""",,,-1.4304693215,-0.44143665612,0.0,,0.0,0.0,0.0
1524145494724721650,,56,,1524145494,727859973,"""gps_right""",,,-1.38637046167,-0.28180828422,0.0,,0.0,0.0,0.0
1524145496277967259,,57,,1524145496,279629945,"""gps_left""",,,-1.46621527844,0.12234844893,0.0,,0.0,0.0,0.0
1524145496298121853,,57,,1524145496,307049989,"""gps_right""",,,-1.29283725198,0.189756929338,0.0,,0.0,0.0,0.0
1524145496751995145,,58,,1524145496,752926111,"""gps_right""",,,-1.2344738939,0.66970679633,0.0,,0.0,0.0,0.0
1524145496873087490,,58,,1524145496,878068923,"""gps_left""",,,-1.3008113964,0.472171483296,0.0,,0.0,0.0,0.0
1524145497700761749,,59,,1524145497,708060979,"""gps_left""",,,-1.18180482334,0.796237418316,0.0,,0.0,0.0,0.0
1524145497731020989,,59,,1524145497,735804080,"""gps_right""",,,-0.993039718466,0.800995917757,0.0,,0.0,0.0,0.0
1524145498699523395,,60,,1524145498,708162069,"""gps_left""",,,-0.859377340777,1.14958978603,0.0,,0.0,0.0,0.0
1524145498719717633,,60,,1524145498,727108955,"""gps_right""",,,-0.778430150201,1.06866911238,0.0,,0.0,0.0,0.0
1524145499699010235,,61,,1524145499,708075046,"""gps_left""",,,-0.727938888888,1.26082714036,0.0,,0.0,0.0,0.0
1524145499709102409,,61,,1524145499,717998981,"""gps_right""",,,-0.723614076539,1.28106949613,0.0,,0.0,0.0,0.0
1524145501262423693,,62,,1524145501,263365030,"""gps_left""",,,-0.840483226859,1.25124267309,0.0,,0.0,0.0,0.0
1524145501292657326,,62,,1524145501,299860954,"""gps_right""",,,-0.767048449253,1.30949614778,0.0,,0.0,0.0,0.0
1524145501847707709,,63,,1524145501,855901956,"""gps_left""",,,-0.766706425373,1.20117356118,0.0,,0.0,0.0,0.0
1524145501908156255,,63,,1524145501,910821914,"""gps_right""",,,-0.746402735637,1.2199294526,0.0,,0.0,0.0,0.0
1524145502704867125,,64,,1524145502,707935094,"""gps_left""",,,-0.719355268784,1.22415250209,0.0,,0.0,0.0,0.0
1524145502735182599,,64,,1524145502,740005970,"""gps_right""",,,-0.800086113327,1.16674812076,0.0,,0.0,0.0,0.0
1524145503693589647,,65,,1524145503,699980974,"""gps_left""",,,-0.796090757735,1.29808473815,0.0,,0.0,0.0,0.0
1524145503723819036,,65,,1524145503,724200963,"""gps_right""",,,-0.849258850642,1.2515249987,0.0,,0.0,0.0,0.0
1524145504682233435,,66,,1524145504,690876007,"""gps_left""",,,-0.816580344285,1.36386607692,0.0,,0.0,0.0,0.0
1524145504722585900,,66,,1524145504,725943088,"""gps_right""",,,-0.840185379992,1.39169263381,0.0,,0.0,0.0,0.0
1524145506266751641,,67,,1524145506,269450902,"""gps_left""",,,-0.854608020002,1.33426015872,0.0,,0.0,0.0,0.0
1524145506286957804,,67,,1524145506,289917945,"""gps_right""",,,-0.853305360424,1.40178680069,0.0,,0.0,0.0,0.0
1524145506730838007,,68,,1524145506,739605903,"""gps_right""",,,-0.893814360471,1.3083198875,0.0,,0.0,0.0,0.0
1524145506861974279,,68,,1524145506,861625909,"""gps_left""",,,-0.970412380899,1.3297922454,0.0,,0.0,0.0,0.0
1524145507709531446,,69,,1524145507,710154056,"""gps_left""",,,-0.940206065354,1.39496291795,0.0,,0.0,0.0,0.0
1524145507719605786,,69,,1524145507,728055953,"""gps_right""",,,-0.957980579731,1.26209280478,0.0,,0.0,0.0,0.0
1524145508698476327,,70,,1524145508,704935073,"""gps_left""",,,-0.943560713654,1.36776911975,0.0,,0.0,0.0,0.0
1524145508708562433,,70,,1524145508,717797994,"""gps_right""",,,-0.90814576739,1.29841299446,0.0,,0.0,0.0,0.0
1524145509677060628,,71,,1524145509,684935092,"""gps_left""",,,-0.870450482168,1.29928207928,0.0,,0.0,0.0,0.0
1524145509717409634,,71,,1524145509,724792003,"""gps_right""",,,-0.859724898697,1.33096887175,0.0,,0.0,0.0,0.0
1524145511241255024,,72,,1524145511,246695995,"""gps_left""",,,-0.838750537328,1.44633874367,0.0,,0.0,0.0,0.0
1524145511281569917,,72,,1524145511,285782098,"""gps_right""",,,-0.752370987957,1.35341099624,0.0,,0.0,0.0,0.0
1524145511846584327,,73,,1524145511,852987051,"""gps_left""",,,-0.655940208398,1.27086087204,0.0,,0.0,0.0,0.0
1524145511886875616,,73,,1524145511,889658927,"""gps_right""",,,-0.742705531442,1.31755224236,0.0,,0.0,0.0,0.0
1524145512673922542,,74,,1524145512,682837009,"""gps_left""",,,-0.851515445392,1.49832930579,0.0,,0.0,0.0,0.0
1524145512704192867,,74,,1524145512,708020925,"""gps_right""",,,-0.698960102347,1.23591105118,0.0,,0.0,0.0,0.0
1524145513682611511,,75,,1524145513,689850091,"""gps_left""",,,-0.767269064857,1.37455586358,0.0,,0.0,0.0,0.0
1524145513722980599,,75,,1524145513,731895923,"""gps_right""",,,-0.761098267054,1.31296340865,0.0,,0.0,0.0,0.0
1524145514691464681,,76,,1524145514,694889068,"""gps_left""",,,-0.75380077464,1.36438187956,0.0,,0.0,0.0,0.0
1524145514731837437,,76,,1524145514,737519025,"""gps_right""",,,-0.753714143611,1.42291771092,0.0,,0.0,0.0,0.0
1524145516255113448,,77,,1524145516,263253927,"""gps_left""",,,-0.800617069006,1.29529795444,0.0,,0.0,0.0,0.0
1524145516275309966,,77,,1524145516,281852960,"""gps_right""",,,-0.888823243806,1.39786347778,0.0,,0.0,0.0,0.0
1524145516850577144,,78,,1524145516,859642028,"""gps_left""",,,-0.836322691175,1.3032067313,0.0,,0.0,0.0,0.0
1524145516880820792,,78,,1524145516,887701034,"""gps_right""",,,-0.78478160423,1.34084295987,0.0,,0.0,0.0,0.0
1524145517707790593,,79,,1524145517,708579063,"""gps_left""",,,-0.782020975382,1.372141417,0.0,,0.0,0.0,0.0
1524145517717876897,,79,,1524145517,726824998,"""gps_right""",,,-0.806949360917,1.34564782366,0.0,,0.0,0.0,0.0
1524145518697242691,,80,,1524145518,702621936,"""gps_left""",,,-0.883787464397,1.38887268052,0.0,,0.0,0.0,0.0
1524145518707301802,,80,,1524145518,716444969,"""gps_right""",,,-0.853689417684,1.32873746554,0.0,,0.0,0.0,0.0
1524145519705791945,,81,,1524145519,711873054,"""gps_left""",,,-0.926264209496,1.29188573359,0.0,,0.0,0.0,0.0
1524145519725913297,,81,,1524145519,735555887,"""gps_right""",,,-0.899285640288,1.25425799377,0.0,,0.0,0.0,0.0
1524145521280045638,,82,,1524145521,280693054,"""gps_left""",,,-0.911920675266,1.25147277649,0.0,,0.0,0.0,0.0
1524145521280045638,,82,,1524145521,282131910,"""gps_right""",,,-0.862433775437,1.31693341631,0.0,,0.0,0.0,0.0
1524145521865266927,,83,,1524145521,868860960,"""gps_left""",,,-0.825109310134,1.29816011502,0.0,,0.0,0.0,0.0
1524145521875388548,,83,,1524145521,879735946,"""gps_right""",,,-0.820202966433,1.27075666893,0.0,,0.0,0.0,0.0
1524145522702789394,,84,,1524145522,711549997,"""gps_right""",,,-0.834960061556,1.16111438226,0.0,,0.0,0.0,0.0
1524145522743112888,,84,,1524145522,747611045,"""gps_left""",,,-0.812350910875,1.189523516,0.0,,0.0,0.0,0.0
1524145523691510166,,85,,1524145523,695494890,"""gps_left""",,,-0.581775030625,1.0125555307,0.0,,0.0,0.0,0.0
1524145523721809758,,85,,1524145523,721600055,"""gps_right""",,,-0.564157462372,0.933371945825,0.0,,0.0,0.0,0.0
1524145524690255361,,86,,1524145524,699426889,"""gps_left""",,,-0.0,0.0,0.0,,0.0,0.0,0.0
1524145524710404573,,86,,1524145524,718417882,"""gps_right""",,,-0.0,0.0,0.0,,0.0,0.0,0.0
1524145526284280085,,87,,1524145526,284651041,"""gps_right""",,,-0.0,0.0,0.0,,0.0,0.0,0.0
1524145526294369419,,87,,1524145526,300929069,"""gps_left""",,,-0.0,0.0,0.0,,0.0,0.0,0.0
1524145526728080266,,88,,1524145526,735344886,"""gps_left""",,,-0.0,0.0,0.0,,0.0,0.0,0.0
1524145526879377747,,88,,1524145526,880899906,"""gps_right""",,,-0.0,0.0,0.0,,0.0,0.0,0.0
1524145527707161303,,89,,1524145527,712883949,"""gps_left""",,,-0.0,0.0,0.0,,0.0,0.0,0.0
1524145527727275627,,89,,1524145527,727350950,"""gps_right""",,,-0.0,0.0,0.0,,0.0,0.0,0.0
1524145528685776502,,90,,1524145528,693396091,"""gps_left""",,,-0.0,0.0,0.0,,0.0,0.0,0.0
1524145528705994948,,90,,1524145528,710386037,"""gps_right""",,,-0.0,0.0,0.0,,0.0,0.0,0.0
1524145529694633646,,91,,1524145529,694533109,"""gps_left""",,,-0.0,0.0,0.0,,0.0,0.0,0.0
1524145529734908024,,91,,1524145529,736237049,"""gps_right""",,,-0.0,0.0,0.0,,0.0,0.0,0.0
1524145531248515079,,92,,1524145531,254208087,"""gps_left""",,,-0.0,0.0,0.0,,0.0,0.0,0.0
1524145531298950019,,92,,1524145531,301297903,"""gps_right""",,,-0.0,0.0,0.0,,0.0,0.0,0.0
1524145531843568531,,93,,1524145531,843339920,"""gps_left""",,,-0.0,0.0,0.0,,0.0,0.0,0.0
1524145531914210391,,93,,1524145531,915357112,"""gps_right""",,,-0.0,0.0,0.0,,0.0,0.0,0.0
1524145532690872510,,94,,1524145532,698473930,"""gps_left""",,,-0.0,0.0,0.0,,0.0,0.0,0.0
1524145532741352959,,94,,1524145532,750773906,"""gps_right""",,,-0.0,0.0,0.0,,0.0,0.0,0.0
1524145533689748694,,95,,1524145533,693062067,"""gps_left""",,,-0.0,0.0,0.0,,0.0,0.0,0.0
1524145533730102643,,95,,1524145533,733706951,"""gps_right""",,,-0.0,0.0,0.0,,0.0,0.0,0.0
1524145534698695916,,96,,1524145534,706934928,"""gps_left""",,,-0.548457517858,0.95456776903,0.0,,0.0,0.0,0.0
1524145534728949000,,96,,1524145534,732459068,"""gps_right""",,,-0.0,0.0,0.0,,0.0,0.0,0.0
1524145536272868303,,97,,1524145536,278527975,"""gps_left""",,,-0.58690080182,1.0214767248,0.0,,0.0,0.0,0.0
1524145536303113200,,97,,1524145536,303488016,"""gps_right""",,,-0.0,0.0,0.0,,0.0,0.0,0.0
1524145536767419717,,98,,1524145536,770457029,"""gps_right""",,,-0.550851861844,0.911358456537,0.0,,0.0,0.0,0.0
1524145536848118878,,98,,1524145536,853780984,"""gps_left""",,,-0.617655428989,1.07500388942,0.0,,0.0,0.0,0.0
1524145537695781642,,99,,1524145537,695365905,"""gps_left""",,,-0.663787369744,1.15529463635,0.0,,0.0,0.0,0.0
1524145537726094164,,99,,1524145537,725637912,"""gps_right""",,,-0.593429783533,0.981801622259,0.0,,0.0,0.0,0.0
1524145538704827401,,100,,1524145538,712656021,"""gps_left""",,,1.09108761292,0.690556826545,0.0,,0.0,0.0,0.0
1524145538714950849,,100,,1524145538,722958087,"""gps_right""",,,-0.622702104693,1.03023129869,0.0,,0.0,0.0,0.0
1524145539713593443,,101,,1524145539,713367938,"""gps_right""",,,-0.697213467648,1.15350683871,0.0,,0.0,0.0,0.0
1524145539743845538,,101,,1524145539,746486902,"""gps_left""",,,1.08094244175,0.779026833058,0.0,,0.0,0.0,0.0
1524145541268001536,,102,,1524145541,269184112,"""gps_right""",,,1.32146346242,0.766950277056,0.0,,0.0,0.0,0.0
1524145541278064962,,102,,1524145541,278250932,"""gps_left""",,,1.20140652144,0.858221054139,0.0,,0.0,0.0,0.0
1524145541853307876,,103,,1524145541,861443042,"""gps_left""",,,0.946501478876,0.510064797132,0.0,,0.0,0.0,0.0
1524145541873479998,,103,,1524145541,874651908,"""gps_right""",,,1.1973411951,0.743830339606,0.0,,0.0,0.0,0.0
1524145542690538512,,104,,1524145542,693392038,"""gps_left""",,,1.28709600096,0.548992967962,0.0,,0.0,0.0,0.0
1524145542720837848,,104,,1524145542,720371007,"""gps_right""",,,1.22015730672,0.685000395205,0.0,,0.0,0.0,0.0
1524145543699515405,,105,,1524145543,707488059,"""gps_left""",,,1.03132660049,0.590407298031,0.0,,0.0,0.0,0.0
1524145543739806572,,105,,1524145543,742101907,"""gps_right""",,,1.14103790206,0.717437908446,0.0,,0.0,0.0,0.0
1524145544718531465,,106,,1524145544,719360113,"""gps_left""",,,0.910649129396,0.779418567903,0.0,,0.0,0.0,0.0
1524145544728613550,,106,,1524145544,730209112,"""gps_right""",,,1.1790121093,0.67413396089,0.0,,0.0,0.0,0.0
1524145546242222192,,107,,1524145546,251626014,"""gps_left""",,,1.12949621448,0.498638224823,0.0,,0.0,0.0,0.0
1524145546272511560,,107,,1524145546,280374050,"""gps_right""",,,1.16386839378,0.509933698536,0.0,,0.0,0.0,0.0
1524145546827407315,,108,,1524145546,829437971,"""gps_left""",,,1.10098359075,0.473930663454,0.0,,0.0,0.0,0.0
1524145546887874123,,108,,1524145546,891639947,"""gps_right""",,,1.21985995206,0.33692182349,0.0,,0.0,0.0,0.0
1524145547715294252,,109,,1524145547,722547054,"""gps_left""",,,1.15689154804,0.248227261264,0.0,,0.0,0.0,0.0
1524145547715294252,,109,,1524145547,724594116,"""gps_right""",,,1.15331754285,0.286485566458,0.0,,0.0,0.0,0.0
1524145548714116841,,110,,1524145548,718514919,"""gps_left""",,,1.2703552158,0.164539438439,0.0,,0.0,0.0,0.0
1524145548734275617,,110,,1524145548,736363887,"""gps_right""",,,1.19044174555,0.085540766809,0.0,,0.0,0.0,0.0
1524145549723171176,,111,,1524145549,727101087,"""gps_left""",,,1.3060654284,-0.0403602411835,0.0,,0.0,0.0,0.0
1524145549723171176,,111,,1524145549,732355117,"""gps_right""",,,1.21692124535,0.17557783902,0.0,,0.0,0.0,0.0
1524145551276867707,,112,,1524145551,279208898,"""gps_left""",,,1.29263108717,-0.0987817415807,0.0,,0.0,0.0,0.0
1524145551296995072,,112,,1524145551,304627895,"""gps_right""",,,1.25551763131,-0.254069042951,0.0,,0.0,0.0,0.0
1524145551750738906,,113,,1524145551,751156091,"""gps_right""",,,1.23713187208,-0.17959604973,0.0,,0.0,0.0,0.0
1524145551861635915,,113,,1524145551,864203929,"""gps_left""",,,1.12986681549,0.065741292378,0.0,,0.0,0.0,0.0
1524145552679254660,,114,,1524145552,685164928,"""gps_left""",,,1.30646527628,-0.0241730058183,0.0,,0.0,0.0,0.0
1524145552719551221,,114,,1524145552,723874092,"""gps_right""",,,1.23724081665,-0.0797919347551,0.0,,0.0,0.0,0.0
1524145553708638016,,115,,1524145553,710345029,"""gps_left""",,,1.43496927961,-0.0308100076054,0.0,,0.0,0.0,0.0
1524145553718732375,,115,,1524145553,726459026,"""gps_right""",,,1.41457378442,-0.0204932786733,0.0,,0.0,0.0,0.0
1524145554697712567,,116,,1524145554,700804948,"""gps_left""",,,1.46022740771,-0.0481855953816,0.0,,0.0,0.0,0.0
1524145554728003561,,116,,1524145554,734252929,"""gps_right""",,,1.43144546916,-0.105118784337,0.0,,0.0,0.0,0.0
1524145556281364393,,117,,1524145556,282861948,"""gps_left""",,,1.55694470729,-0.147448777205,0.0,,0.0,0.0,0.0
1524145556301549841,,117,,1524145556,309501886,"""gps_right""",,,1.4943279036,-0.153369464262,0.0,,0.0,0.0,0.0
1524145556775908401,,118,,1524145556,778639078,"""gps_right""",,,1.37571178225,-0.0908923544021,0.0,,0.0,0.0,0.0
1524145556886925501,,118,,1524145556,886467933,"""gps_left""",,,1.30792996036,-0.15410933114,0.0,,0.0,0.0,0.0
1524145557694064393,,119,,1524145557,698272943,"""gps_left""",,,1.24986541412,0.0242168657784,0.0,,0.0,0.0,0.0
1524145557724378175,,119,,1524145557,728279113,"""gps_right""",,,1.2067152084,-0.0733830741209,0.0,,0.0,0.0,0.0
1524145558703172304,,120,,1524145558,708184957,"""gps_left""",,,1.31650209384,-0.0353935596079,0.0,,0.0,0.0,0.0
1524145558733492427,,120,,1524145558,736298084,"""gps_right""",,,1.39330650656,-0.129253136674,0.0,,0.0,0.0,0.0
1524145559721965547,,121,,1524145559,722310066,"""gps_left""",,,0.0,0.0,0.0,,0.0,0.0,0.0
1524145559721965547,,121,,1524145559,727370023,"""gps_right""",,,0.0,-0.0,0.0,,0.0,0.0,0.0
1524145561265396690,,122,,1524145561,266172885,"""gps_left""",,,0.0,-0.0,0.0,,0.0,0.0,0.0
1524145561295710862,,122,,1524145561,301115989,"""gps_right""",,,1.02831937687,-0.149832282859,0.0,,0.0,0.0,0.0
1524145561749582934,,123,,1524145561,755366086,"""gps_right""",,,1.12970349862,-0.127914598771,0.0,,0.0,0.0,0.0
1524145561850471613,,123,,1524145561,858922004,"""gps_left""",,,1.0907909355,-0.183122983267,0.0,,0.0,0.0,0.0
1524145562708122853,,124,,1524145562,713191986,"""gps_left""",,,1.30376088407,-0.219578522786,0.0,,0.0,0.0,0.0
1524145562728242746,,124,,1524145562,734918117,"""gps_right""",,,1.28446406216,-0.0650681423764,0.0,,0.0,0.0,0.0
1524145563716788687,,125,,1524145563,724543094,"""gps_right""",,,1.38700657533,-0.0743892465215,0.0,,0.0,0.0,0.0
1524145563736955566,,125,,1524145563,739938974,"""gps_left""",,,1.32721200453,0.0120457247939,0.0,,0.0,0.0,0.0
1524145564695618900,,126,,1524145564,695240974,"""gps_left""",,,1.44560294469,-0.121898854621,0.0,,0.0,0.0,0.0
1524145564756131101,,126,,1524145564,762042045,"""gps_right""",,,1.48546241951,-0.138325185691,0.0,,0.0,0.0,0.0
1524145566269639028,,127,,1524145566,269747018,"""gps_left""",,,1.42405406478,0.0522176920591,0.0,,0.0,0.0,0.0
1524145566289838734,,127,,1524145566,294506072,"""gps_right""",,,1.27552824854,0.027386673427,0.0,,0.0,0.0,0.0
1524145566733853561,,128,,1524145566,739018917,"""gps_right""",,,1.08471364006,0.0407225381052,0.0,,0.0,0.0,0.0
1524145566854845639,,128,,1524145566,860856056,"""gps_left""",,,1.1572289358,0.0250487552587,0.0,,0.0,0.0,0.0
1524145567712689778,,129,,1524145567,713046073,"""gps_left""",,,1.34501982084,-0.0872142647368,0.0,,0.0,0.0,0.0
1524145567732850817,,129,,1524145567,736183881,"""gps_right""",,,1.21905133343,-0.0210657914019,0.0,,0.0,0.0,0.0
1524145568721608931,,130,,1524145568,723041057,"""gps_left""",,,1.44017413972,-0.0279042074813,0.0,,0.0,0.0,0.0
1524145568751866919,,130,,1524145568,755875110,"""gps_right""",,,1.34256249325,0.0192156634209,0.0,,0.0,0.0,0.0
1524145569699759301,,131,,1524145569,700750112,"""gps_left""",,,1.51246553789,0.00184782616151,0.0,,0.0,0.0,0.0
1524145569719961465,,131,,1524145569,725270032,"""gps_right""",,,1.42969760262,-0.0361894754646,0.0,,0.0,0.0,0.0
1524145571263745947,,132,,1524145571,268172979,"""gps_left""",,,1.28050997864,0.0342022763321,0.0,,0.0,0.0,0.0
1524145571294025055,,132,,1524145571,302275896,"""gps_right""",,,1.29145149565,-0.161774457956,0.0,,0.0,0.0,0.0
1524145571748059397,,133,,1524145571,753350973,"""gps_right""",,,1.29638955475,-0.0052040691606,0.0,,0.0,0.0,0.0
1524145571858927951,,133,,1524145571,860125064,"""gps_left""",,,1.25387153007,-0.0586924304034,0.0,,0.0,0.0,0.0
1524145572716714800,,134,,1524145572,718806982,"""gps_left""",,,1.36631525474,-0.140953937263,0.0,,0.0,0.0,0.0
1524145572726848063,,134,,1524145572,731827020,"""gps_right""",,,1.43874922611,0.0698631655588,0.0,,0.0,0.0,0.0
1524145573705247037,,135,,1524145573,705720901,"""gps_left""",,,0.0,-0.0,0.0,,0.0,0.0,0.0
1524145573735476992,,135,,1524145573,740339040,"""gps_right""",,,0.0,-0.0,0.0,,0.0,0.0,0.0
1524145574704345443,,136,,1524145574,707838058,"""gps_left""",,,1.3211609851,-0.208778628341,0.0,,0.0,0.0,0.0
1524145574724539392,,136,,1524145574,726824998,"""gps_right""",,,1.24641564556,-0.0959064570613,0.0,,0.0,0.0,0.0
1524145576257983397,,137,,1524145576,267230033,"""gps_left""",,,1.36372237952,-0.113316591342,0.0,,0.0,0.0,0.0
1524145576288270531,,137,,1524145576,295948982,"""gps_right""",,,1.37459213662,-0.106493125837,0.0,,0.0,0.0,0.0
1524145576752571082,,138,,1524145576,752788066,"""gps_right""",,,0.989895740295,-0.162633897004,0.0,,0.0,0.0,0.0
1524145576843438194,,138,,1524145576,850505113,"""gps_left""",,,1.2718512666,-0.190987292139,0.0,,0.0,0.0,0.0
1524145577700945657,,139,,1524145577,706707954,"""gps_left""",,,1.07270071151,-0.344406520415,0.0,,0.0,0.0,0.0
1524145577721066325,,139,,1524145577,728045940,"""gps_right""",,,1.14228349905,-0.288193786002,0.0,,0.0,0.0,0.0
1524145578709960018,,140,,1524145578,714149951,"""gps_left""",,,1.12697500523,-0.437577430114,0.0,,0.0,0.0,0.0
1524145578730121573,,140,,1524145578,730694055,"""gps_right""",,,1.33327097586,-0.258678673323,0.0,,0.0,0.0,0.0
1524145579708996864,,141,,1524145579,708914995,"""gps_left""",,,1.27451893398,-0.0576526636831,0.0,,0.0,0.0,0.0
1524145579739210879,,141,,1524145579,748177051,"""gps_right""",,,1.28996415537,-0.353620336037,0.0,,0.0,0.0,0.0
1524145581272326079,,142,,1524145581,279774904,"""gps_left""",,,1.2708449933,-0.345519131399,0.0,,0.0,0.0,0.0
1524145581322716050,,142,,1524145581,329161882,"""gps_right""",,,1.28671249807,-0.325588316364,0.0,,0.0,0.0,0.0
1524145581766560025,,143,,1524145581,771819114,"""gps_right""",,,1.02987938815,-0.173081916094,0.0,,0.0,0.0,0.0
1524145581857400979,,143,,1524145581,864900112,"""gps_left""",,,1.04888226673,-0.279478078907,0.0,,0.0,0.0,0.0
1524145582694493280,,144,,1524145582,703299999,"""gps_left""",,,1.00847579067,-0.308514465303,0.0,,0.0,0.0,0.0
1524145582714703551,,144,,1524145582,724251031,"""gps_right""",,,1.022972001,-0.276785336857,0.0,,0.0,0.0,0.0
1524145583703725303,,145,,1524145583,710946083,"""gps_left""",,,0.0,-0.0,0.0,,0.0,0.0,0.0
1524145583733950186,,145,,1524145583,733897924,"""gps_right""",,,1.12362959004,-0.255694878345,0.0,,0.0,0.0,0.0
1524145584712140238,,146,,1524145584,720396995,"""gps_left""",,,1.15980647162,-0.174990150673,0.0,,0.0,0.0,0.0
1524145584752452904,,146,,1524145584,755036115,"""gps_right""",,,1.14666932961,-0.27021602287,0.0,,0.0,0.0,0.0
1524145586265685443,,147,,1524145586,275075912,"""gps_left""",,,0.0,-0.0,0.0,,0.0,0.0,0.0
1524145586306301748,,147,,1524145586,314974069,"""gps_right""",,,0.0,-0.0,0.0,,0.0,0.0,0.0
1524145586760380500,,148,,1524145586,763928890,"""gps_right""",,,0.970897753845,-0.324669430512,0.0,,0.0,0.0,0.0
1524145586871318487,,148,,1524145586,878201961,"""gps_left""",,,0.0,-0.0,0.0,,0.0,0.0,0.0
1524145587708982118,,149,,1524145587,710159063,"""gps_left""",,,0.989502339658,-0.494210493398,0.0,,0.0,0.0,0.0
1524145587729170291,,149,,1524145587,733217954,"""gps_right""",,,0.0,-0.0,0.0,,0.0,0.0,0.0
1524145588697637439,,150,,1524145588,702092885,"""gps_left""",,,0.83552651633,-0.778595987415,0.0,,0.0,0.0,0.0
1524145588727848595,,150,,1524145588,735104084,"""gps_right""",,,0.918937709752,-0.462780543317,0.0,,0.0,0.0,0.0
1524145589706936238,,151,,1524145589,709224939,"""gps_left""",,,0.331728595869,-1.17858265785,0.0,,0.0,0.0,0.0
1524145589727078778,,151,,1524145589,728259086,"""gps_right""",,,0.0,-0.0,0.0,,0.0,0.0,0.0
1524145591270993336,,152,,1524145591,274163961,"""gps_right""",,,0.0,-0.0,0.0,,0.0,0.0,0.0
1524145591281077654,,152,,1524145591,282907009,"""gps_left""",,,0.27736970831,-0.985453566862,0.0,,0.0,0.0,0.0
1524145591866353797,,153,,1524145591,869322061,"""gps_left""",,,0.0,-0.0,0.0,,0.0,0.0,0.0
1524145591886532394,,153,,1524145591,890840053,"""gps_right""",,,0.0,-0.0,0.0,,0.0,0.0,0.0
1524145592703755779,,154,,1524145592,706727027,"""gps_left""",,,0.0,-0.0,0.0,,0.0,0.0,0.0
1524145592723905027,,154,,1524145592,732274055,"""gps_right""",,,0.0,-0.0,0.0,,0.0,0.0,0.0
1524145593702376771,,155,,1524145593,703067064,"""gps_left""",,,0.0,-0.0,0.0,,0.0,0.0,0.0
1524145593712461518,,155,,1524145593,719696998,"""gps_right""",,,0.0,-0.0,0.0,,0.0,0.0,0.0
1524145594691024627,,156,,1524145594,694713115,"""gps_left""",,,0.0,-0.0,0.0,,0.0,0.0,0.0
1524145594731415271,,156,,1524145594,740808010,"""gps_right""",,,0.0,-0.0,0.0,,0.0,0.0,0.0
1524145596265685903,,157,,1524145596,273607015,"""gps_left""",,,0.0,-0.0,0.0,,0.0,0.0,0.0
1524145596275781524,,157,,1524145596,283932924,"""gps_right""",,,0.0,-0.0,0.0,,0.0,0.0,0.0
1524145596850922483,,158,,1524145596,852595090,"""gps_left""",,,0.0,-0.0,0.0,,0.0,0.0,0.0
1524145596871108354,,158,,1524145596,875978946,"""gps_right""",,,0.0,-0.0,0.0,,0.0,0.0,0.0
1524145597698426490,,159,,1524145597,700668096,"""gps_left""",,,0.0,-0.0,0.0,,0.0,0.0,0.0
1524145597728660101,,159,,1524145597,736680984,"""gps_right""",,,0.0,-0.0,0.0,,0.0,0.0,0.0
1524145598707393640,,160,,1524145598,708542108,"""gps_left""",,,0.0,-0.0,0.0,,0.0,0.0,0.0
1524145598717509322,,160,,1524145598,726691961,"""gps_right""",,,0.0,-0.0,0.0,,0.0,0.0,0.0
