rosbagTimestamp,gas,data,steering_wheel,data,break_value,data,wheels_encoder,data,rear_wheel_speed,data,hall_l_data,data,hall_r_data,data,chart_state,data,imu_temp,data,eve_info_reg,data
1522933912766023504,,2,,519,,2005,,503,,0.0,,0,,0,,2,,1,,24
1522933912815961875,,2,,519,,2010,,504,,0.0,,0,,0,,2,,1,,24
1522933912866111952,,0,,519,,2010,,503,,0.0,,0,,0,,2,,1,,24
1522933912916133568,,1,,519,,2012,,503,,0.0,,0,,0,,2,,1,,24
1522933912966065285,,0,,519,,2005,,503,,0.0,,0,,0,,2,,1,,24
1522933913015917747,,3,,519,,2013,,503,,0.0,,0,,0,,2,,1,,24
1522933913066005737,,0,,519,,2015,,503,,0.0,,0,,0,,2,,1,,24
1522933913115852025,,0,,519,,2004,,503,,0.0,,0,,0,,2,,1,,24
1522933913165952680,,0,,519,,2002,,503,,0.0,,0,,0,,2,,1,,24
1522933913216180478,,0,,519,,2007,,503,,0.0,,0,,0,,2,,1,,24
1522933913265978494,,0,,519,,2006,,503,,0.0,,0,,0,,2,,1,,24
1522933913315975066,,0,,519,,2010,,503,,0.0,,0,,0,,2,,1,,24
1522933913366120921,,2,,519,,2009,,503,,0.0,,0,,0,,2,,1,,24
1522933913416071022,,4,,519,,2009,,503,,0.0,,0,,0,,2,,1,,24
1522933913466223371,,0,,519,,2009,,504,,0.0,,0,,0,,2,,1,,24
1522933913516089444,,0,,519,,2010,,503,,0.0,,0,,0,,2,,1,,24
1522933913566051692,,4,,519,,2007,,503,,0.0,,0,,0,,2,,1,,24
1522933913616008285,,2,,519,,2012,,504,,0.0,,0,,0,,2,,1,,24
1522933913665971946,,0,,519,,2006,,503,,0.0,,0,,0,,2,,1,,24
1522933913716053611,,0,,519,,2006,,503,,0.0,,0,,0,,2,,1,,24
1522933913765988692,,0,,519,,2006,,504,,0.0,,0,,0,,2,,1,,24
1522933913816514710,,0,,519,,2009,,504,,0.0,,0,,0,,2,,1,,24
1522933913865939949,,0,,519,,2005,,503,,0.0,,0,,0,,2,,1,,24
1522933913916196063,,1,,519,,2006,,504,,0.0,,0,,0,,2,,1,,24
1522933913966077523,,0,,519,,2008,,503,,0.0,,0,,0,,2,,1,,24
1522933914016154274,,1,,519,,2006,,503,,0.0,,0,,0,,2,,1,,24
1522933914066319295,,0,,519,,2008,,503,,0.0,,0,,0,,2,,1,,24
1522933914116401683,,0,,519,,2013,,503,,0.0,,0,,0,,2,,1,,24
1522933914166347546,,3,,519,,2009,,504,,0.0,,0,,0,,2,,1,,24
1522933914216078920,,0,,519,,2011,,503,,0.0,,0,,0,,2,,1,,24
1522933914266151168,,0,,519,,2011,,503,,0.0,,0,,0,,2,,1,,24
1522933914316515101,,0,,519,,2005,,503,,0.0,,0,,0,,2,,1,,24
1522933914366040263,,6,,519,,2011,,503,,0.0,,0,,0,,2,,1,,24
1522933914416401283,,5,,519,,2011,,504,,0.0,,0,,0,,2,,1,,24
1522933914466129759,,0,,519,,2008,,504,,0.0,,0,,0,,2,,1,,24
1522933914516151233,,0,,519,,2005,,503,,0.0,,0,,0,,2,,1,,24
1522933914566102084,,2,,519,,2011,,504,,0.0,,0,,0,,2,,1,,24
1522933914616147702,,3,,519,,2006,,504,,0.0,,0,,0,,2,,1,,24
1522933914666173767,,0,,519,,2007,,503,,0.0,,0,,0,,2,,1,,24
1522933914715770568,,0,,519,,2011,,503,,0.0,,0,,0,,2,,1,,24
1522933914766038000,,0,,519,,2002,,503,,0.0,,0,,0,,2,,1,,24
1522933914815995520,,0,,519,,2007,,504,,0.0,,0,,0,,2,,1,,24
1522933914866215969,,2,,519,,2008,,503,,0.0,,0,,0,,2,,1,,24
1522933914916070193,,0,,519,,2011,,503,,0.0,,0,,0,,2,,1,,24
1522933914965970796,,0,,519,,2004,,503,,0.0,,0,,0,,2,,1,,24
1522933915016119536,,4,,519,,2006,,503,,0.0,,0,,0,,2,,1,,24
1522933915066187484,,3,,519,,2010,,503,,0.0,,0,,0,,2,,1,,24
1522933915116114663,,2,,519,,2007,,503,,0.0,,0,,0,,2,,1,,24
1522933915166006824,,0,,519,,1997,,503,,0.0,,0,,0,,2,,1,,24
1522933915216075701,,0,,519,,2004,,503,,0.0,,0,,0,,2,,1,,24
1522933915266337152,,0,,519,,2005,,503,,0.0,,0,,0,,2,,1,,24
1522933915316074659,,4,,519,,2009,,503,,0.0,,0,,0,,2,,1,,24
1522933915365806942,,0,,519,,2011,,503,,0.0,,0,,0,,2,,1,,24
1522933915416243907,,0,,519,,2007,,503,,0.0,,0,,0,,2,,1,,24
1522933915466038566,,0,,519,,2005,,503,,0.0,,0,,0,,2,,1,,24
1522933915516105022,,4,,519,,2012,,504,,0.0,,0,,0,,2,,1,,24
1522933915566025006,,3,,519,,2010,,504,,0.0,,0,,0,,2,,1,,24
1522933915616295985,,0,,519,,2014,,503,,0.0,,0,,0,,2,,1,,24
1522933915665916326,,0,,519,,2010,,503,,0.0,,0,,0,,2,,1,,24
1522933915716225861,,2,,519,,2013,,503,,0.0,,0,,0,,2,,1,,24
1522933915766017060,,10,,519,,2008,,504,,0.0,,0,,0,,2,,1,,24
1522933915816087540,,3,,519,,2011,,503,,0.0,,0,,0,,2,,1,,24
1522933915865998754,,0,,519,,2011,,503,,0.0,,0,,0,,2,,1,,24
1522933915916179831,,0,,519,,2006,,503,,0.0,,0,,0,,2,,1,,24
1522933915966036012,,2,,519,,2011,,503,,0.0,,0,,0,,2,,1,,24
1522933916016055913,,0,,519,,2008,,504,,0.0,,0,,0,,2,,1,,24
1522933916066003740,,0,,519,,2003,,503,,0.0,,0,,0,,2,,1,,24
1522933916116094632,,0,,519,,2007,,504,,0.0,,0,,0,,2,,1,,24
1522933916165921076,,2,,519,,2009,,503,,0.0,,0,,0,,2,,1,,24
1522933916216178170,,0,,519,,2009,,503,,0.0,,0,,0,,2,,1,,24
1522933916266100435,,5,,519,,2010,,503,,0.0,,0,,0,,2,,1,,24
1522933916316072431,,0,,519,,2007,,504,,0.0,,0,,0,,2,,1,,24
1522933916366285904,,0,,519,,2010,,503,,0.0,,0,,0,,2,,1,,24
1522933916416021243,,0,,519,,2009,,503,,0.0,,0,,0,,2,,1,,24
1522933916465945335,,4,,519,,2004,,504,,0.0,,0,,0,,2,,1,,24
1522933916516056315,,0,,519,,2006,,504,,0.0,,0,,0,,2,,1,,24
1522933916566195205,,0,,519,,2005,,503,,0.0,,0,,0,,2,,1,,24
1522933916616058633,,0,,519,,2013,,503,,0.0,,0,,0,,2,,1,,24
1522933916665859503,,0,,519,,2009,,503,,0.0,,0,,0,,2,,1,,24
1522933916716242267,,3,,519,,2009,,504,,0.0,,0,,0,,2,,1,,24
1522933916766341420,,0,,519,,2010,,504,,0.0,,0,,0,,2,,1,,24
1522933916816184937,,0,,519,,2006,,503,,0.0,,0,,0,,2,,1,,24
1522933916865960361,,0,,519,,2003,,503,,0.0,,0,,0,,2,,1,,24
1522933916916112490,,4,,519,,2009,,503,,0.0,,0,,0,,2,,1,,24
1522933916966124038,,0,,519,,2008,,503,,0.0,,0,,0,,2,,1,,24
1522933917016095937,,0,,519,,2002,,503,,0.0,,0,,0,,2,,1,,24
1522933917066123805,,4,,519,,2005,,504,,0.0,,0,,0,,2,,1,,24
1522933917116169437,,1,,519,,2014,,504,,0.0,,0,,0,,2,,1,,24
1522933917165999894,,0,,519,,2007,,503,,0.0,,0,,0,,2,,1,,24
1522933917216064418,,0,,519,,2007,,504,,0.0,,0,,0,,2,,1,,24
1522933917265969709,,0,,519,,2008,,503,,0.0,,0,,0,,2,,1,,24
1522933917316100394,,4,,519,,2009,,503,,0.0,,0,,0,,2,,1,,24
1522933917366262889,,0,,519,,2010,,503,,0.0,,0,,0,,2,,1,,24
1522933917416307307,,0,,519,,2011,,504,,0.0,,0,,0,,2,,1,,24
1522933917465950311,,0,,519,,2005,,503,,0.0,,0,,0,,2,,1,,24
1522933917516188594,,0,,519,,2011,,504,,0.0,,0,,0,,2,,1,,24
1522933917566177238,,0,,519,,2010,,503,,0.0,,0,,0,,2,,1,,24
1522933917615920280,,0,,519,,2003,,503,,0.0,,0,,0,,2,,1,,24
1522933917666035582,,0,,519,,2007,,503,,0.0,,0,,0,,2,,1,,24
1522933917716023470,,2,,519,,2009,,504,,0.0,,0,,0,,2,,1,,24
1522933917766100047,,0,,519,,2011,,504,,0.0,,0,,0,,2,,1,,24
1522933917816057090,,2,,519,,2009,,503,,0.0,,0,,0,,2,,1,,24
1522933917865998367,,0,,519,,2008,,504,,0.0,,0,,0,,2,,1,,24
1522933917916003697,,0,,519,,2010,,503,,0.0,,0,,0,,2,,1,,24
1522933917966009993,,1,,519,,2009,,503,,0.0,,0,,0,,2,,1,,24
1522933918016059639,,0,,519,,2009,,504,,0.0,,0,,0,,2,,1,,24
1522933918066072958,,0,,519,,2011,,504,,0.0,,0,,0,,2,,1,,24
1522933918116314991,,0,,519,,2012,,503,,0.0,,0,,0,,2,,1,,24
1522933918166069629,,0,,519,,2015,,503,,0.0,,0,,0,,2,,1,,24
1522933918216188269,,4,,519,,2009,,503,,0.0,,0,,0,,2,,1,,24
1522933918266110464,,1,,519,,2005,,503,,0.0,,0,,0,,2,,1,,24
1522933918316119092,,1,,519,,2010,,504,,0.0,,0,,0,,2,,1,,24
1522933918366090555,,0,,519,,2006,,503,,0.0,,0,,0,,2,,1,,24
1522933918416178489,,0,,519,,2005,,503,,0.0,,0,,0,,2,,1,,24
1522933918466079973,,0,,519,,2008,,503,,0.0,,0,,0,,2,,1,,24
1522933918515873937,,4,,519,,2007,,503,,0.0,,0,,0,,2,,1,,24
1522933918566110490,,0,,519,,2006,,503,,0.0,,0,,0,,2,,1,,24
1522933918615949698,,0,,519,,2001,,503,,0.0,,0,,0,,2,,1,,24
1522933918665992435,,0,,519,,2008,,503,,0.0,,0,,0,,2,,1,,24
1522933918716260560,,0,,519,,2004,,503,,0.0,,0,,0,,2,,1,,24
1522933918765986975,,0,,519,,2010,,503,,0.0,,0,,0,,2,,1,,24
1522933918816237598,,0,,519,,2009,,503,,0.0,,0,,0,,2,,1,,24
1522933918866042311,,0,,519,,2013,,504,,0.0,,0,,0,,2,,1,,24
1522933918915961580,,0,,519,,2004,,503,,0.0,,0,,0,,2,,1,,24
1522933918965968630,,0,,519,,2011,,503,,0.0,,0,,0,,2,,1,,24
1522933919016082657,,0,,519,,2009,,503,,0.0,,0,,0,,2,,1,,24
1522933919066221280,,0,,519,,2007,,503,,0.0,,0,,0,,2,,1,,24
1522933919116274287,,0,,519,,2007,,504,,0.0,,0,,0,,2,,1,,24
1522933919166071136,,0,,519,,2006,,504,,0.0,,0,,0,,2,,1,,24
1522933919216204850,,0,,519,,2009,,503,,0.0,,0,,0,,2,,1,,24
1522933919266206384,,0,,519,,2004,,503,,0.0,,0,,0,,2,,1,,24
1522933919316201237,,0,,519,,2004,,503,,0.0,,0,,0,,2,,1,,24
1522933919366079456,,0,,519,,2014,,503,,0.0,,0,,0,,2,,1,,24
1522933919416201304,,0,,519,,2011,,503,,0.0,,0,,0,,2,,1,,24
1522933919466397539,,0,,519,,2006,,504,,0.0,,0,,0,,2,,1,,24
1522933919516187508,,0,,519,,2012,,503,,0.0,,0,,0,,2,,1,,24
1522933919566050636,,0,,519,,2011,,504,,0.0,,0,,0,,2,,1,,24
1522933919616004813,,0,,519,,2010,,503,,0.0,,0,,0,,2,,1,,24
1522933919666153634,,0,,519,,2008,,503,,0.0,,0,,0,,2,,1,,24
1522933919716074287,,0,,519,,2009,,503,,0.0,,0,,0,,2,,1,,24
1522933919766038143,,3,,519,,2009,,503,,0.0,,0,,0,,2,,1,,24
1522933919816065549,,1,,519,,2005,,503,,0.0,,0,,0,,2,,1,,24
1522933919866235942,,5,,519,,2010,,503,,0.0,,0,,0,,2,,1,,24
1522933919916032574,,0,,519,,2011,,503,,0.0,,0,,0,,2,,1,,24
1522933919966426170,,0,,519,,2011,,503,,0.0,,0,,0,,2,,1,,24
1522933920016032517,,1,,519,,2011,,504,,0.0,,0,,0,,2,,1,,24
1522933920066259857,,0,,519,,2005,,503,,0.0,,0,,0,,2,,1,,24
1522933920116331089,,0,,519,,2010,,503,,0.0,,0,,0,,2,,1,,24
1522933920166157772,,0,,519,,2006,,503,,0.0,,0,,0,,2,,1,,24
1522933920216294106,,3,,519,,2006,,503,,0.0,,0,,0,,2,,1,,24
1522933920266128445,,4,,519,,2002,,503,,0.0,,0,,0,,2,,1,,24
1522933920316285370,,0,,519,,2007,,503,,0.0,,0,,0,,2,,1,,24
1522933920366107202,,1,,519,,2010,,503,,0.0,,0,,0,,2,,1,,24
1522933920416088352,,0,,519,,2009,,503,,0.0,,0,,0,,2,,1,,24
1522933920466010993,,0,,519,,2011,,504,,0.0,,0,,0,,2,,1,,24
1522933920516203776,,0,,519,,2011,,504,,0.0,,0,,0,,2,,1,,24
1522933920566210491,,0,,519,,2004,,503,,0.0,,0,,0,,2,,1,,24
1522933920616245587,,0,,519,,2003,,503,,0.0,,0,,0,,2,,1,,24
1522933920666254821,,2,,519,,2003,,503,,0.0,,0,,0,,2,,1,,24
1522933920716133069,,0,,519,,2008,,503,,0.0,,0,,0,,2,,1,,24
1522933920766110030,,1,,519,,2011,,503,,0.0,,0,,0,,2,,1,,24
1522933920816100266,,4,,519,,2007,,504,,0.0,,0,,0,,2,,1,,24
1522933920866197238,,7,,519,,2007,,503,,0.0,,0,,0,,2,,1,,24
1522933920915749390,,0,,519,,2009,,503,,0.0,,0,,0,,2,,1,,24
1522933920966427116,,0,,519,,2007,,504,,0.0,,0,,0,,2,,1,,24
1522933921016035749,,0,,519,,2005,,503,,0.0,,0,,0,,2,,1,,24
1522933921066375887,,2,,519,,2007,,503,,0.0,,0,,0,,2,,1,,24
1522933921116060669,,0,,519,,2011,,503,,0.0,,0,,0,,2,,1,,24
1522933921166255356,,3,,519,,2007,,503,,0.0,,0,,0,,2,,1,,24
1522933921216087562,,3,,519,,2006,,503,,0.0,,0,,0,,2,,1,,24
1522933921266339796,,0,,519,,2012,,503,,0.0,,0,,0,,2,,1,,24
1522933921316247545,,0,,519,,2002,,503,,0.0,,0,,0,,2,,1,,24
1522933921366280702,,0,,519,,2000,,503,,0.0,,0,,0,,2,,1,,24
1522933921416019005,,0,,519,,2005,,503,,0.0,,0,,0,,2,,1,,24
1522933921466365298,,0,,519,,2006,,504,,0.0,,0,,0,,2,,1,,24
1522933921516086481,,0,,519,,2005,,503,,0.0,,0,,0,,2,,1,,24
1522933921566132391,,1,,519,,2005,,503,,0.0,,0,,0,,2,,1,,24
1522933921616093059,,0,,519,,2005,,503,,0.0,,0,,0,,2,,1,,24
1522933921666118351,,1,,519,,2015,,503,,0.0,,0,,0,,2,,1,,24
1522933921716170137,,0,,519,,2004,,503,,0.0,,0,,0,,2,,1,,24
1522933921766201012,,5,,519,,2009,,504,,0.0,,0,,0,,2,,1,,24
1522933921816066287,,0,,519,,2013,,503,,0.0,,0,,0,,2,,1,,24
1522933921866353509,,1,,519,,2008,,503,,0.0,,0,,0,,2,,1,,24
1522933921915996999,,4,,519,,2004,,503,,0.0,,0,,0,,2,,1,,24
1522933921966223686,,1,,519,,2007,,503,,0.0,,0,,0,,2,,1,,24
1522933922016126326,,1,,519,,2014,,503,,0.0,,0,,0,,2,,1,,24
1522933922066295338,,0,,519,,2015,,504,,0.0,,0,,0,,2,,1,,24
1522933922116201025,,0,,519,,2008,,503,,0.0,,0,,0,,2,,1,,24
1522933922166202527,,0,,519,,2007,,503,,0.0,,0,,0,,2,,1,,24
1522933922216156324,,0,,519,,2011,,503,,0.0,,0,,0,,2,,1,,24
1522933922266223345,,0,,519,,2011,,503,,0.0,,0,,0,,2,,1,,24
1522933922315979525,,4,,519,,2006,,503,,0.0,,0,,0,,2,,1,,24
1522933922366091491,,1,,519,,2007,,504,,0.0,,0,,0,,2,,1,,24
1522933922415964518,,1,,519,,2010,,503,,0.0,,0,,0,,2,,1,,24
1522933922466474181,,4,,519,,2009,,503,,0.0,,0,,0,,2,,1,,24
1522933922516036843,,0,,519,,2007,,503,,0.0,,0,,0,,2,,1,,24
1522933922566026910,,0,,519,,2011,,503,,0.0,,0,,0,,2,,1,,24
1522933922615994032,,3,,519,,2011,,504,,0.0,,0,,0,,2,,1,,24
1522933922666202916,,0,,519,,2007,,503,,0.0,,0,,0,,2,,1,,24
1522933922716057735,,5,,519,,2012,,503,,0.0,,0,,0,,2,,1,,24
1522933922766312928,,1,,519,,2009,,504,,0.0,,0,,0,,2,,1,,24
1522933922816199440,,0,,519,,2002,,503,,0.0,,0,,0,,2,,1,,24
1522933922866228337,,0,,519,,2003,,503,,0.0,,0,,0,,2,,1,,24
1522933922915980492,,0,,519,,2010,,503,,0.0,,0,,0,,2,,1,,24
1522933922966201857,,0,,519,,2018,,503,,0.0,,0,,0,,2,,1,,24
1522933923016038877,,4,,519,,2004,,503,,0.0,,0,,0,,2,,1,,24
1522933923066141779,,2,,519,,2004,,503,,0.0,,0,,0,,2,,1,,24
1522933923116277297,,0,,519,,2007,,503,,0.0,,0,,0,,2,,1,,24
1522933923166312762,,2,,519,,2009,,503,,0.0,,0,,0,,2,,1,,24
1522933923216001984,,0,,519,,2011,,503,,0.0,,0,,0,,2,,1,,24
1522933923266077000,,4,,519,,2007,,503,,0.0,,0,,0,,2,,1,,24
1522933923315987194,,0,,519,,2005,,503,,0.0,,0,,0,,2,,1,,24
1522933923366416977,,0,,519,,2007,,503,,0.0,,0,,0,,2,,1,,24
1522933923416051709,,0,,519,,2008,,503,,0.0,,0,,0,,2,,1,,24
1522933923466140637,,0,,519,,2000,,503,,0.0,,0,,0,,2,,1,,24
1522933923516183488,,0,,519,,2011,,504,,0.0,,0,,0,,2,,1,,24
1522933923565905197,,2,,519,,2010,,503,,0.0,,0,,0,,2,,1,,24
1522933923615994828,,3,,519,,2009,,503,,0.0,,0,,0,,2,,1,,24
1522933923666063983,,0,,519,,2011,,503,,0.0,,0,,0,,2,,1,,24
1522933923716025498,,0,,519,,2011,,503,,0.0,,0,,0,,2,,1,,24
1522933923765911151,,0,,519,,2008,,503,,0.0,,0,,0,,2,,1,,24
1522933923815966737,,0,,519,,2004,,503,,0.0,,0,,0,,2,,1,,24
1522933923865997571,,4,,519,,2009,,503,,0.0,,0,,0,,2,,1,,24
1522933923916498575,,2,,519,,2009,,503,,0.0,,0,,0,,2,,1,,24
1522933923966151679,,2,,519,,2014,,503,,0.0,,0,,0,,2,,1,,24
1522933924015992726,,6,,519,,2005,,503,,0.0,,0,,0,,2,,1,,24
1522933924065890980,,0,,519,,2012,,504,,0.0,,0,,0,,2,,1,,24
1522933924115985601,,0,,519,,2005,,503,,0.0,,0,,0,,2,,1,,24
1522933924166210501,,4,,519,,2003,,503,,0.0,,0,,0,,2,,1,,24
1522933924215957843,,0,,519,,2000,,504,,0.0,,0,,0,,2,,1,,24
1522933924266014208,,0,,519,,2010,,504,,0.0,,0,,0,,2,,1,,24
1522933924315871037,,0,,519,,2007,,503,,0.0,,0,,0,,2,,1,,24
1522933924365986129,,0,,519,,2005,,503,,0.0,,0,,0,,2,,1,,24
1522933924415859997,,0,,519,,2005,,503,,0.0,,0,,0,,2,,1,,24
1522933924466127557,,0,,519,,2005,,503,,0.0,,0,,0,,2,,1,,24
1522933924516036501,,0,,519,,2003,,503,,0.0,,0,,0,,2,,1,,24
1522933924566087327,,0,,519,,2006,,503,,0.0,,0,,0,,2,,1,,24
1522933924615930750,,0,,519,,2011,,504,,0.0,,0,,0,,2,,1,,24
1522933924665919514,,0,,519,,2008,,503,,0.0,,0,,0,,2,,1,,24
1522933924715939042,,0,,519,,2014,,503,,0.0,,0,,0,,2,,1,,24
1522933924765954649,,0,,519,,2008,,503,,0.0,,0,,0,,2,,1,,24
1522933924816041230,,2,,519,,2011,,503,,0.0,,0,,0,,2,,1,,24
1522933924865981524,,0,,519,,2011,,503,,0.0,,0,,0,,2,,1,,24
1522933924916061385,,4,,519,,2011,,504,,0.0,,0,,0,,2,,1,,24
1522933924965977843,,0,,519,,2011,,503,,0.0,,0,,0,,2,,1,,24
1522933925016053758,,1,,519,,2006,,503,,0.0,,0,,0,,2,,1,,24
1522933925065902085,,2,,519,,2009,,503,,0.0,,0,,0,,2,,1,,24
1522933925116100442,,0,,519,,1999,,504,,0.0,,0,,0,,2,,1,,24
1522933925165997634,,0,,519,,2007,,503,,0.0,,0,,0,,2,,1,,24
1522933925216017268,,4,,519,,2013,,504,,0.0,,0,,0,,2,,1,,24
1522933925266193382,,1,,519,,2007,,503,,0.0,,0,,0,,2,,1,,24
1522933925316003911,,2,,519,,2008,,504,,0.0,,0,,0,,2,,1,,24
1522933925366523366,,0,,519,,2010,,503,,0.0,,0,,0,,2,,1,,24
1522933925415803440,,2,,519,,2011,,503,,0.0,,0,,0,,2,,1,,24
1522933925466107674,,0,,519,,2009,,503,,0.0,,0,,0,,2,,1,,24
1522933925515918650,,0,,519,,2012,,503,,0.0,,0,,0,,2,,1,,24
1522933925566225670,,3,,519,,2009,,503,,0.0,,0,,0,,2,,1,,24
1522933925616043160,,0,,519,,2007,,503,,0.0,,0,,0,,2,,1,,24
1522933925666192624,,2,,519,,2006,,504,,0.0,,0,,0,,2,,1,,24
1522933925716046506,,0,,519,,2009,,503,,0.0,,0,,0,,2,,1,,24
1522933925766047371,,3,,519,,2009,,503,,0.0,,0,,0,,2,,1,,24
1522933925816095365,,0,,519,,2003,,504,,0.0,,0,,0,,2,,1,,24
1522933925866012308,,0,,519,,2007,,503,,0.0,,0,,0,,2,,1,,24
1522933925916243949,,0,,519,,2001,,503,,0.0,,0,,0,,2,,1,,24
1522933925966086839,,0,,519,,2007,,504,,0.0,,0,,0,,2,,1,,24
1522933926016346030,,5,,519,,2011,,503,,0.0,,0,,0,,2,,1,,24
1522933926066116465,,0,,519,,2005,,504,,0.0,,0,,0,,2,,1,,24
1522933926116049047,,2,,519,,2011,,503,,0.0,,0,,0,,2,,1,,24
1522933926166264508,,2,,519,,2002,,503,,0.0,,0,,0,,2,,1,,24
1522933926216211520,,0,,519,,2010,,503,,0.0,,0,,0,,2,,1,,24
1522933926266029899,,5,,519,,2009,,503,,0.0,,0,,0,,2,,1,,24
1522933926316115697,,0,,519,,2003,,503,,0.0,,0,,0,,2,,1,,24
1522933926365713615,,3,,519,,2006,,503,,0.0,,0,,0,,2,,1,,24
1522933926416221283,,0,,519,,2004,,504,,0.0,,0,,0,,2,,1,,24
1522933926466239915,,0,,519,,2013,,503,,0.0,,0,,0,,2,,1,,24
1522933926516101251,,1,,519,,2007,,503,,0.0,,0,,0,,2,,1,,24
1522933926566099656,,0,,519,,2004,,503,,0.0,,0,,0,,2,,1,,24
1522933926616097235,,0,,519,,2008,,504,,0.0,,0,,0,,2,,1,,24
1522933926666085821,,0,,519,,2009,,503,,0.0,,0,,0,,2,,1,,24
1522933926716117252,,0,,519,,2010,,503,,0.0,,0,,0,,2,,1,,24
1522933926765783618,,0,,519,,2009,,503,,0.0,,0,,0,,2,,1,,24
1522933926816018387,,3,,519,,2011,,503,,0.0,,0,,0,,2,,1,,24
1522933926866126261,,0,,519,,2007,,503,,0.0,,0,,0,,2,,1,,24
1522933926916138624,,1,,519,,2010,,503,,0.0,,0,,0,,2,,1,,24
1522933926966169802,,0,,519,,2010,,503,,0.0,,0,,0,,2,,1,,24
1522933927016021441,,0,,519,,2011,,504,,0.0,,0,,0,,2,,1,,24
1522933927066036459,,0,,519,,2010,,503,,0.0,,0,,0,,2,,1,,24
1522933927116250228,,0,,519,,2004,,503,,0.0,,0,,0,,2,,1,,24
1522933927166135097,,0,,519,,2008,,503,,0.0,,0,,0,,2,,1,,24
1522933927216214305,,5,,519,,2008,,503,,0.0,,0,,0,,2,,1,,24
1522933927266265716,,0,,519,,2009,,504,,0.0,,0,,0,,2,,1,,24
1522933927316153198,,0,,519,,2021,,503,,0.0,,0,,0,,2,,1,,24
1522933927366054427,,2,,519,,2008,,503,,0.0,,0,,0,,2,,1,,24
1522933927416134375,,0,,519,,2003,,504,,0.0,,0,,0,,2,,1,,24
1522933927465924018,,2,,519,,2004,,503,,0.0,,0,,0,,2,,1,,24
1522933927515778110,,0,,519,,2006,,503,,0.0,,0,,0,,2,,1,,24
1522933927566236533,,0,,519,,2012,,503,,0.0,,0,,0,,2,,1,,24
1522933927616078063,,0,,519,,2003,,504,,0.0,,0,,0,,2,,1,,24
1522933927666117693,,3,,519,,2013,,503,,0.0,,0,,0,,2,,1,,24
1522933927715991170,,2,,519,,2013,,503,,0.0,,0,,0,,2,,1,,24
1522933927765992311,,0,,519,,2005,,504,,0.0,,0,,0,,2,,1,,24
1522933927816199647,,0,,519,,2011,,503,,0.0,,0,,0,,2,,1,,24
1522933927866107831,,2,,519,,2007,,503,,0.0,,0,,0,,2,,1,,24
1522933927916287014,,0,,519,,2007,,503,,0.0,,0,,0,,2,,1,,24
1522933927966110835,,3,,519,,2015,,503,,0.0,,0,,0,,2,,1,,24
1522933928016303616,,2,,519,,2004,,503,,0.0,,0,,0,,2,,1,,24
1522933928066129383,,0,,519,,2013,,503,,0.0,,0,,0,,2,,1,,24
1522933928116239345,,4,,519,,2007,,503,,0.0,,0,,0,,2,,1,,24
1522933928166157766,,0,,519,,2012,,503,,0.0,,0,,0,,2,,1,,24
1522933928216191305,,0,,519,,2018,,503,,0.0,,0,,0,,2,,1,,24
1522933928266000429,,0,,519,,2011,,503,,0.0,,0,,0,,2,,1,,24
1522933928316120909,,0,,519,,2009,,503,,0.0,,0,,0,,2,,1,,24
1522933928366162053,,0,,519,,2003,,503,,0.0,,0,,0,,2,,1,,24
1522933928416272600,,0,,519,,2008,,503,,0.0,,0,,0,,2,,1,,24
1522933928466131486,,0,,519,,2005,,503,,0.0,,0,,0,,2,,1,,24
1522933928516293857,,0,,519,,2010,,504,,0.0,,0,,0,,2,,1,,24
1522933928566021016,,1,,519,,2007,,503,,0.0,,0,,0,,2,,1,,24
1522933928616251773,,0,,519,,2005,,503,,0.0,,0,,0,,2,,1,,24
1522933928666018946,,4,,519,,2007,,503,,0.0,,0,,0,,2,,1,,24
1522933928716160043,,2,,519,,2011,,503,,0.0,,0,,0,,2,,1,,24
1522933928766203167,,3,,519,,2006,,503,,0.0,,0,,0,,2,,1,,24
1522933928816071381,,0,,519,,2009,,504,,0.0,,0,,0,,2,,1,,24
1522933928866105780,,0,,519,,2007,,503,,0.0,,0,,0,,2,,1,,24
1522933928915971503,,0,,519,,1999,,504,,0.0,,0,,0,,2,,1,,24
1522933928966054082,,0,,519,,2007,,503,,0.0,,0,,0,,2,,1,,24
1522933929016085377,,0,,519,,2003,,503,,0.0,,0,,0,,2,,1,,24
1522933929066066991,,0,,519,,2009,,503,,0.0,,0,,0,,2,,1,,24
1522933929116017375,,0,,519,,2005,,503,,0.0,,0,,0,,2,,1,,24
1522933929166167246,,0,,519,,2008,,503,,0.0,,0,,0,,2,,1,,24
1522933929216281575,,0,,519,,2010,,503,,0.0,,0,,0,,2,,1,,24
1522933929266216997,,0,,519,,2008,,504,,0.0,,0,,0,,2,,1,,24
1522933929316049910,,0,,519,,2006,,504,,0.0,,0,,0,,2,,1,,24
1522933929366283005,,0,,519,,2009,,504,,0.0,,0,,0,,2,,1,,24
1522933929416189293,,0,,519,,2013,,503,,0.0,,0,,0,,2,,1,,24
1522933929466002903,,0,,519,,2005,,503,,0.0,,0,,0,,2,,1,,24
1522933929515979218,,0,,519,,2001,,503,,0.0,,0,,0,,2,,1,,24
1522933929566112687,,4,,519,,2006,,503,,0.0,,0,,0,,2,,1,,24
1522933929616186158,,0,,519,,2013,,503,,0.0,,0,,0,,2,,1,,24
1522933929666018610,,0,,519,,2005,,503,,0.0,,0,,0,,2,,1,,24
1522933929716070473,,3,,519,,2010,,504,,0.0,,0,,0,,2,,1,,24
1522933929766101469,,1,,519,,2011,,504,,0.0,,0,,0,,2,,1,,24
1522933929816230883,,2,,519,,2003,,503,,0.0,,0,,0,,2,,1,,24
1522933929866211496,,0,,519,,2013,,504,,0.0,,0,,0,,2,,1,,24
1522933929916005486,,0,,519,,2010,,504,,0.0,,0,,0,,2,,1,,24
1522933929966068169,,0,,519,,2011,,504,,0.0,,0,,0,,2,,1,,24
1522933930015743158,,0,,519,,2010,,503,,0.0,,0,,0,,2,,1,,24
1522933930065939585,,2,,519,,2007,,503,,0.0,,0,,0,,2,,1,,24
1522933930116052388,,0,,519,,2005,,503,,0.0,,0,,0,,2,,1,,24
1522933930166056077,,0,,519,,2003,,503,,0.0,,0,,0,,2,,1,,24
1522933930216010590,,0,,519,,2009,,504,,0.0,,0,,0,,2,,1,,24
1522933930266089385,,0,,519,,2006,,503,,0.0,,0,,0,,2,,1,,24
1522933930316193868,,3,,519,,2005,,503,,0.0,,0,,0,,2,,1,,24
1522933930366042934,,0,,519,,2006,,504,,0.0,,0,,0,,2,,1,,24
1522933930415987033,,0,,519,,2008,,503,,0.0,,0,,0,,2,,1,,24
1522933930466062052,,0,,519,,2010,,503,,0.0,,0,,0,,2,,1,,24
1522933930516258503,,0,,519,,2008,,504,,0.0,,0,,0,,2,,1,,24
1522933930566090960,,3,,519,,2006,,503,,0.0,,0,,0,,2,,1,,24
1522933930616157661,,4,,519,,2008,,503,,0.0,,0,,0,,2,,1,,24
1522933930666146544,,0,,519,,2006,,503,,0.0,,0,,0,,2,,1,,24
1522933930716131242,,0,,519,,2013,,503,,0.0,,0,,0,,2,,1,,24
1522933930766021235,,0,,519,,2006,,503,,0.0,,0,,0,,2,,1,,24
1522933930816047500,,0,,519,,2005,,504,,0.0,,0,,0,,2,,1,,24
1522933930866130398,,5,,519,,2009,,503,,0.0,,0,,0,,2,,1,,24
1522933930916257554,,0,,519,,2011,,503,,0.0,,0,,0,,2,,1,,24
1522933930965981525,,0,,519,,2011,,503,,0.0,,0,,0,,2,,1,,24
1522933931016073724,,0,,519,,2010,,504,,0.0,,0,,0,,2,,1,,24
1522933931066087663,,0,,519,,2007,,503,,0.0,,0,,0,,2,,1,,24
1522933931116132804,,3,,519,,2007,,503,,0.0,,0,,0,,2,,1,,24
1522933931166024156,,0,,519,,2019,,504,,0.0,,0,,0,,2,,1,,24
1522933931216174361,,0,,519,,2002,,504,,0.0,,0,,0,,2,,1,,24
1522933931266064575,,0,,519,,2006,,504,,0.0,,0,,0,,2,,1,,24
1522933931316165891,,1,,519,,2013,,504,,0.0,,0,,0,,2,,1,,24
1522933931365976817,,0,,519,,2006,,504,,0.0,,0,,0,,2,,1,,24
1522933931416099193,,2,,519,,2011,,503,,0.0,,0,,0,,2,,1,,24
1522933931466009951,,1,,519,,2013,,503,,0.0,,0,,0,,2,,1,,24
1522933931515922750,,2,,519,,2006,,503,,0.0,,0,,0,,2,,1,,24
1522933931566016202,,0,,519,,2012,,503,,0.0,,0,,0,,2,,1,,24
1522933931616021947,,0,,519,,2005,,503,,0.0,,0,,0,,2,,1,,24
1522933931666034268,,0,,519,,2008,,503,,0.0,,0,,0,,2,,1,,24
1522933931716079352,,0,,519,,2013,,504,,0.0,,0,,0,,2,,1,,24
1522933931766100116,,6,,519,,2007,,503,,0.0,,0,,0,,2,,1,,24
1522933931816158321,,0,,519,,2009,,503,,0.0,,0,,0,,2,,1,,24
1522933931866123239,,0,,519,,2010,,503,,0.0,,0,,0,,2,,1,,24
1522933931916043639,,3,,519,,2014,,504,,0.0,,0,,0,,2,,1,,24
1522933931965995414,,0,,519,,2008,,504,,0.0,,0,,0,,2,,1,,24
1522933932015810172,,2,,519,,2011,,503,,0.0,,0,,0,,2,,1,,24
1522933932065969255,,3,,519,,2005,,503,,0.0,,0,,0,,2,,1,,24
1522933932116026906,,0,,519,,2011,,504,,0.0,,0,,0,,2,,1,,24
1522933932166022912,,2,,519,,2007,,503,,0.0,,0,,0,,2,,1,,24
1522933932216389350,,0,,519,,2007,,504,,0.0,,0,,0,,2,,1,,24
1522933932266103033,,0,,519,,2010,,503,,0.0,,0,,0,,2,,1,,24
1522933932316236903,,0,,519,,2005,,504,,0.0,,0,,0,,2,,1,,24
1522933932366159378,,1,,519,,2007,,503,,0.0,,0,,0,,2,,1,,24
1522933932416024120,,0,,519,,2009,,503,,0.0,,0,,0,,2,,1,,24
1522933932466035774,,4,,519,,2007,,503,,0.0,,0,,0,,2,,1,,24
1522933932516278811,,0,,519,,2006,,503,,0.0,,0,,0,,2,,1,,24
1522933932566502308,,0,,519,,2009,,503,,0.0,,0,,0,,2,,1,,24
1522933932616462663,,0,,519,,2005,,503,,0.0,,0,,0,,2,,1,,24
1522933932666363959,,0,,519,,2014,,503,,0.0,,0,,0,,2,,1,,24
1522933932716311517,,0,,519,,2004,,503,,0.0,,0,,0,,2,,1,,24
1522933932766252647,,0,,519,,2005,,503,,0.0,,0,,0,,2,,1,,24
1522933932816098979,,2,,519,,2010,,503,,0.0,,0,,0,,2,,1,,24
1522933932866219542,,0,,519,,2006,,503,,0.0,,0,,0,,2,,1,,24
1522933932916005262,,4,,519,,2004,,503,,0.0,,0,,0,,2,,1,,24
1522933932966008301,,2,,519,,2005,,504,,0.0,,0,,0,,2,,1,,24
1522933933016066650,,1,,519,,2007,,503,,0.0,,0,,0,,2,,1,,24
1522933933066017182,,0,,519,,2012,,503,,0.0,,0,,0,,2,,1,,24
1522933933115905530,,0,,519,,2011,,503,,0.0,,0,,0,,2,,1,,24
1522933933166008006,,5,,519,,2009,,503,,0.0,,0,,0,,2,,1,,24
1522933933216146002,,0,,519,,1999,,503,,0.0,,0,,0,,2,,1,,24
1522933933266008426,,0,,519,,2013,,503,,0.0,,0,,0,,2,,1,,24
1522933933316178378,,0,,519,,2006,,503,,0.0,,0,,0,,2,,1,,24
1522933933366110117,,0,,519,,2006,,503,,0.0,,0,,0,,2,,1,,24
1522933933416262950,,0,,519,,2011,,503,,0.0,,0,,0,,2,,1,,24
1522933933465936140,,1,,519,,2005,,503,,0.0,,0,,0,,2,,1,,24
1522933933516171929,,2,,519,,2010,,503,,0.0,,0,,0,,2,,1,,24
1522933933566208590,,5,,519,,2010,,503,,0.0,,0,,0,,2,,1,,24
1522933933616280812,,0,,519,,2009,,503,,0.0,,0,,0,,2,,1,,24
1522933933666051719,,0,,519,,2010,,503,,0.0,,0,,0,,2,,1,,24
1522933933715962922,,3,,519,,2015,,503,,0.0,,0,,0,,2,,1,,24
1522933933766031540,,4,,519,,2010,,504,,0.0,,0,,0,,2,,1,,24
1522933933815963252,,4,,519,,2007,,503,,0.0,,0,,0,,2,,1,,24
1522933933866141657,,0,,519,,2011,,503,,0.0,,0,,0,,2,,1,,24
1522933933916107912,,0,,519,,2007,,503,,0.0,,0,,0,,2,,1,,24
1522933933966147837,,0,,519,,2008,,503,,0.0,,0,,0,,2,,1,,24
1522933934016036052,,1,,519,,2013,,503,,0.0,,0,,0,,2,,1,,24
1522933934066196198,,0,,519,,2005,,503,,0.0,,0,,0,,2,,1,,24
1522933934116029667,,0,,519,,2010,,503,,0.0,,0,,0,,2,,1,,24
1522933934166140673,,1,,519,,2007,,504,,0.0,,0,,0,,2,,1,,24
1522933934216175993,,0,,519,,2010,,503,,0.0,,0,,0,,2,,1,,24
1522933934266188949,,0,,519,,2011,,503,,0.0,,0,,0,,2,,1,,24
1522933934316100565,,0,,519,,2008,,503,,0.0,,0,,0,,2,,1,,24
1522933934365909680,,0,,519,,2003,,503,,0.0,,0,,0,,2,,1,,24
1522933934416201290,,2,,519,,2002,,503,,0.0,,0,,0,,2,,1,,24
1522933934465967139,,0,,519,,2010,,503,,0.0,,0,,0,,2,,1,,24
1522933934516048974,,0,,519,,2007,,503,,0.0,,0,,0,,2,,1,,24
1522933934565991596,,3,,519,,2007,,503,,0.0,,0,,0,,2,,1,,24
1522933934615994358,,0,,519,,2009,,503,,0.0,,0,,0,,2,,1,,24
1522933934666065706,,0,,519,,2007,,503,,0.0,,0,,0,,2,,1,,24
1522933934715981001,,0,,519,,2012,,504,,0.0,,0,,0,,2,,1,,24
1522933934766133889,,4,,519,,2007,,503,,0.0,,0,,0,,2,,1,,24
1522933934816150083,,0,,519,,2001,,503,,0.0,,0,,0,,2,,1,,24
1522933934866247492,,0,,519,,2008,,504,,0.0,,0,,0,,2,,1,,24
1522933934916034716,,0,,519,,2010,,504,,0.0,,0,,0,,2,,1,,24
1522933934966335309,,1,,519,,2006,,503,,0.0,,0,,0,,2,,1,,24
1522933935016109789,,1,,519,,2010,,503,,0.0,,0,,0,,2,,1,,24
1522933935066218783,,0,,519,,2011,,504,,0.0,,0,,0,,2,,1,,24
1522933935116090223,,5,,519,,2007,,503,,0.0,,0,,0,,2,,1,,24
1522933935166031538,,0,,519,,2005,,503,,0.0,,0,,0,,2,,1,,24
1522933935215904943,,4,,519,,2007,,503,,0.0,,0,,0,,2,,1,,24
1522933935266194916,,0,,519,,2004,,503,,0.0,,0,,0,,2,,1,,24
1522933935316134696,,0,,519,,2002,,503,,0.0,,0,,0,,2,,1,,24
1522933935366008654,,0,,519,,2011,,503,,0.0,,0,,0,,2,,1,,24
1522933935416074904,,0,,519,,2009,,503,,0.0,,0,,0,,2,,1,,24
1522933935466057008,,0,,519,,2008,,503,,0.0,,0,,0,,2,,1,,24
1522933935516032120,,0,,519,,2012,,503,,0.0,,0,,0,,2,,1,,24
1522933935566167004,,6,,519,,2006,,503,,0.0,,0,,0,,2,,1,,24
1522933935616102711,,0,,519,,2003,,503,,0.0,,0,,0,,2,,1,,24
1522933935665981191,,0,,519,,2000,,503,,0.0,,0,,0,,2,,1,,24
1522933935716032506,,0,,519,,2011,,503,,0.0,,0,,0,,2,,1,,24
1522933935766170999,,0,,519,,2005,,503,,0.0,,0,,0,,2,,1,,24
1522933935816079653,,4,,519,,2009,,504,,0.0,,0,,0,,2,,1,,24
1522933935865958730,,0,,519,,2012,,503,,0.0,,0,,0,,2,,1,,24
1522933935916250895,,0,,519,,2011,,503,,0.0,,0,,0,,2,,1,,24
1522933935966139121,,0,,519,,2010,,503,,0.0,,0,,0,,2,,1,,24
1522933936016107648,,3,,519,,2004,,503,,0.0,,0,,0,,2,,1,,24
1522933936066119060,,4,,519,,2005,,503,,0.0,,0,,0,,2,,1,,24
1522933936116235059,,0,,519,,2010,,503,,0.0,,0,,0,,2,,1,,24
1522933936166482532,,0,,519,,2003,,503,,0.0,,0,,0,,2,,1,,24
1522933936216038357,,6,,519,,2009,,503,,0.0,,0,,0,,2,,1,,24
1522933936266260415,,1,,519,,2006,,503,,0.0,,0,,0,,2,,1,,24
1522933936316322825,,0,,519,,2013,,504,,0.0,,0,,0,,2,,3,,24
1522933936366144962,,0,,519,,2007,,504,,0.0,,0,,0,,2,,5,,24
1522933936416074673,,0,,519,,2008,,503,,0.0,,0,,0,,2,,5,,24
1522933936466071215,,0,,519,,2007,,504,,0.0,,0,,0,,2,,7,,24
1522933936516124167,,0,,519,,2004,,504,,0.0,,0,,0,,2,,11,,24
1522933936566230975,,0,,519,,2006,,503,,0.0,,0,,0,,2,,9,,24
1522933936616028901,,0,,519,,2005,,503,,0.0,,0,,0,,2,,10,,24
1522933936666166158,,8,,519,,2006,,503,,0.0,,0,,0,,2,,11,,24
1522933936716026460,,0,,519,,2008,,503,,0.0,,0,,1,,2,,11,,24
1522933936766243174,,0,,519,,2005,,503,,0.0,,0,,1,,2,,12,,24
1522933936816058890,,3,,519,,2003,,503,,0.0,,0,,1,,2,,12,,24
1522933936866191678,,4,,519,,2007,,503,,0.0,,0,,2,,2,,12,,24
1522933936916065696,,0,,519,,2008,,503,,0.0,,0,,2,,2,,12,,24
1522933936966326843,,0,,519,,2002,,503,,0.0,,0,,2,,2,,10,,24
1522933937016082097,,2,,519,,2013,,503,,0.0,,0,,2,,2,,6,,24
1522933937066040762,,2,,519,,2010,,503,,0.0,,0,,2,,2,,5,,24
1522933937116075526,,0,,519,,2003,,503,,0.0,,0,,2,,2,,6,,24
1522933937166196280,,0,,519,,2010,,503,,0.0,,0,,2,,2,,8,,24
1522933937216129871,,0,,519,,2009,,503,,0.0,,0,,2,,2,,10,,24
1522933937265830427,,0,,519,,2017,,504,,0.0,,0,,2,,2,,11,,24
1522933937315801287,,3,,519,,2007,,503,,0.0,,0,,2,,2,,10,,24
1522933937366494242,,4,,519,,2013,,504,,0.0,,0,,2,,2,,10,,24
1522933937415997092,,0,,519,,2009,,503,,0.0,,0,,2,,2,,10,,24
1522933937465942938,,3,,519,,2006,,503,,0.0,,0,,2,,2,,10,,24
1522933937515941176,,0,,519,,2007,,503,,0.0,,0,,2,,2,,10,,24
1522933937566200943,,0,,519,,2009,,503,,0.0,,0,,2,,2,,10,,24
1522933937615981329,,0,,519,,2012,,503,,0.0,,0,,2,,2,,10,,24
1522933937666119786,,0,,519,,2006,,504,,0.0,,0,,2,,2,,10,,24
1522933937716191634,,2,,519,,2012,,503,,0.0,,0,,2,,2,,10,,24
1522933937766257736,,0,,519,,2003,,503,,0.0,,0,,2,,2,,10,,24
1522933937816106424,,0,,519,,2010,,503,,0.0,,0,,2,,2,,10,,24
1522933937866091950,,0,,519,,2013,,503,,0.0,,0,,2,,2,,10,,24
1522933937916112517,,0,,519,,2004,,503,,0.0,,0,,2,,2,,10,,24
1522933937965956770,,3,,519,,2011,,503,,0.0,,0,,2,,2,,10,,24
1522933938016063452,,1,,519,,2006,,503,,0.0,,0,,2,,2,,10,,24
1522933938066231305,,0,,519,,2010,,503,,0.0,,0,,2,,2,,10,,24
1522933938115946326,,4,,519,,2013,,504,,0.0,,0,,2,,2,,10,,24
1522933938165876929,,3,,519,,2006,,503,,0.0,,0,,2,,2,,10,,24
1522933938216118943,,3,,519,,2008,,503,,0.0,,0,,2,,2,,10,,24
1522933938266040887,,0,,519,,2004,,504,,0.0,,0,,2,,2,,10,,24
1522933938315969617,,24,,519,,2009,,503,,0.0,,0,,2,,2,,10,,24
1522933938365987433,,54,,519,,2006,,503,,0.0,,0,,2,,2,,10,,24
1522933938415986752,,73,,519,,2015,,504,,0.0,,0,,2,,2,,10,,24
1522933938466019902,,77,,519,,2011,,503,,0.0,,0,,2,,2,,10,,24
1522933938516289668,,86,,519,,2011,,503,,0.0,,0,,2,,2,,10,,24
1522933938565737504,,94,,519,,2004,,504,,0.0,,0,,2,,2,,10,,24
1522933938616009203,,90,,519,,2010,,503,,0.0,,0,,2,,2,,10,,24
1522933938665805986,,100,,519,,2009,,503,,0.0,,0,,2,,2,,10,,24
1522933938715974666,,118,,519,,2006,,503,,0.0,,0,,2,,2,,10,,24
1522933938765920012,,141,,519,,2010,,504,,0.0,,0,,2,,2,,10,,24
1522933938816042314,,156,,519,,2006,,503,,0.0,,0,,2,,2,,10,,24
1522933938866172271,,157,,519,,2006,,504,,0.0,,0,,2,,2,,10,,24
1522933938916294464,,139,,519,,2008,,503,,0.0,,0,,2,,2,,10,,24
1522933938966217025,,123,,519,,2007,,503,,0.0,,0,,2,,2,,10,,24
1522933939015917536,,120,,519,,2009,,503,,0.0,,0,,2,,2,,10,,24
1522933939066002019,,113,,519,,2005,,503,,0.0,,0,,2,,2,,10,,24
1522933939116135093,,109,,519,,2011,,503,,0.0,,0,,2,,2,,10,,24
1522933939166207721,,37,,519,,2007,,503,,0.0,,0,,2,,2,,10,,24
1522933939216177767,,2,,519,,2002,,504,,0.0,,0,,2,,2,,10,,24
1522933939266771325,,0,,519,,2006,,503,,0.0,,0,,2,,2,,10,,24
1522933939316061144,,0,,519,,2013,,503,,0.0,,0,,2,,2,,10,,24
1522933939366062524,,0,,519,,2011,,503,,0.0,,0,,2,,2,,10,,24
1522933939416132353,,1,,519,,2009,,504,,0.0,,0,,2,,2,,10,,24
1522933939466032611,,12,,519,,2005,,503,,0.0,,0,,2,,2,,10,,24
1522933939515934337,,92,,519,,2003,,503,,0.0,,0,,2,,2,,10,,24
1522933939566224438,,137,,519,,2005,,503,,0.0,,0,,2,,2,,10,,24
1522933939615973174,,175,,519,,2003,,503,,0.0,,0,,2,,2,,10,,24
1522933939666296758,,200,,519,,2009,,503,,0.0,,0,,2,,2,,10,,24
1522933939716058937,,207,,519,,2011,,503,,0.0,,0,,2,,2,,10,,24
1522933939766255508,,222,,519,,2007,,503,,0.0,,0,,2,,2,,10,,24
1522933939816037901,,226,,519,,2010,,503,,0.0,,0,,2,,2,,10,,24
1522933939866372754,,258,,519,,2011,,503,,0.0,,0,,2,,2,,10,,24
1522933939916110881,,299,,519,,2004,,503,,0.0,,0,,2,,2,,10,,24
1522933939966147727,,326,,519,,2008,,503,,0.0,,0,,2,,2,,10,,24
1522933940016122940,,359,,519,,2008,,504,,0.0,,0,,2,,2,,10,,24
1522933940066156684,,369,,519,,2009,,503,,0.0,,0,,2,,2,,10,,24
1522933940116005119,,394,,519,,2009,,503,,0.0,,0,,2,,2,,10,,24
1522933940166088299,,397,,519,,2003,,503,,0.0,,0,,2,,2,,10,,24
1522933940216238913,,400,,520,,2009,,504,,0.0,,0,,2,,2,,10,,24
1522933940265984034,,402,,520,,2006,,503,,0.0,,0,,2,,2,,10,,24
1522933940316206645,,404,,523,,2006,,503,,0.0,,0,,2,,2,,10,,24
1522933940366342435,,403,,523,,2000,,503,,0.0,,0,,2,,2,,10,,24
1522933940416205433,,388,,523,,2007,,503,,0.0,,0,,2,,2,,10,,24
1522933940466090266,,352,,523,,2008,,503,,0.0,,0,,2,,2,,10,,24
1522933940516187092,,256,,523,,2005,,503,,0.0,,0,,2,,2,,10,,24
1522933940566053642,,172,,523,,2003,,503,,0.0,,0,,2,,2,,10,,24
1522933940616360514,,169,,523,,2004,,503,,0.0,,0,,2,,2,,10,,24
1522933940666041298,,44,,523,,2004,,503,,0.0,,0,,2,,2,,10,,24
1522933940716539136,,3,,523,,2009,,503,,0.0,,0,,2,,2,,10,,24
1522933940766162492,,0,,520,,2007,,503,,0.0,,0,,2,,2,,10,,24
1522933940816056636,,0,,520,,2003,,503,,0.0,,0,,2,,2,,10,,24
1522933940866137752,,10,,520,,2004,,503,,0.0,,0,,2,,2,,10,,24
1522933940916107315,,0,,520,,2008,,503,,0.0,,0,,2,,2,,10,,24
1522933940966141641,,0,,520,,2006,,503,,0.0,,0,,2,,2,,10,,24
1522933941016036454,,0,,520,,2015,,503,,0.0,,0,,2,,2,,10,,24
1522933941066024254,,1,,520,,2004,,503,,0.0,,0,,2,,2,,10,,24
1522933941116359117,,1,,520,,2016,,503,,0.0,,0,,2,,2,,10,,24
1522933941166220459,,0,,520,,2005,,503,,0.0,,0,,2,,2,,10,,24
1522933941216236903,,0,,520,,2011,,503,,0.0,,0,,2,,2,,10,,24
1522933941266030638,,0,,520,,2008,,503,,0.0,,0,,2,,2,,10,,24
1522933941316446050,,0,,520,,2008,,503,,0.0,,0,,2,,2,,10,,24
1522933941366340854,,0,,520,,2006,,503,,0.0,,0,,2,,2,,10,,24
1522933941416164456,,7,,520,,2004,,503,,0.0,,0,,2,,2,,10,,24
1522933941466229267,,0,,520,,2008,,503,,0.0,,0,,2,,2,,10,,24
1522933941516001803,,1,,520,,2008,,503,,0.0,,0,,2,,2,,10,,24
1522933941566032120,,0,,520,,2014,,503,,0.0,,0,,2,,2,,10,,24
1522933941616248097,,0,,520,,2009,,503,,0.0,,0,,2,,2,,10,,24
1522933941666046219,,0,,520,,2013,,503,,0.0,,0,,2,,2,,10,,24
1522933941716092716,,4,,520,,2009,,503,,0.0,,0,,2,,2,,10,,24
1522933941766100989,,0,,520,,2009,,503,,0.0,,0,,2,,2,,10,,24
1522933941816282675,,5,,520,,2007,,503,,0.0,,0,,2,,2,,10,,24
1522933941866389618,,0,,520,,2015,,503,,0.0,,0,,2,,2,,10,,24
1522933946911772527,,141,,520,,2148,,503,,0.0,,0,,0,,0,,0,,0
1522933946961915855,,137,,520,,2004,,503,,0.0,,0,,0,,0,,0,,0
1522933947011942646,,212,,520,,2104,,503,,0.0,,0,,0,,0,,0,,0
1522933947061832738,,122,,520,,2004,,503,,0.0,,1,,0,,0,,77,,23
1522933947111731029,,144,,520,,1896,,503,,0.0140000004321,,1,,1,,0,,93,,23
1522933947162103549,,138,,520,,2008,,503,,0.0140000004321,,1,,1,,0,,94,,23
1522933947211986062,,61,,520,,2090,,503,,0.019999999553,,2,,2,,0,,94,,23
1522933947261889582,,87,,520,,2005,,503,,0.128999993205,,2,,2,,0,,94,,23
1522933947312051167,,141,,520,,1920,,503,,0.128999993205,,2,,2,,0,,93,,23
1522933947362513514,,65,,520,,2007,,503,,0.125,,3,,3,,0,,92,,23
1522933947411944151,,0,,520,,2008,,503,,0.120999999344,,3,,3,,0,,94,,24
1522933947461953415,,3,,520,,2008,,503,,0.120999999344,,3,,3,,0,,93,,24
1522933947511985856,,0,,520,,2004,,503,,0.120999999344,,3,,3,,0,,83,,24
1522933947561828993,,0,,520,,2000,,503,,0.120999999344,,3,,3,,0,,83,,24
1522933947611883440,,0,,520,,2007,,503,,0.119000002742,,4,,4,,0,,82,,24
1522933947661913372,,0,,520,,2015,,503,,0.0630000010133,,4,,4,,0,,81,,24
1522933947712220196,,0,,520,,2000,,503,,0.0579999983311,,4,,4,,0,,81,,24
1522933947761825049,,0,,520,,2005,,503,,0.0579999983311,,4,,4,,0,,81,,24
1522933947812512602,,0,,520,,2005,,503,,0.0579999983311,,4,,4,,0,,82,,24
1522933947862014190,,1,,520,,2005,,503,,0.0659999996424,,5,,5,,0,,83,,24
1522933947912240500,,0,,520,,2006,,503,,0.0710000023246,,5,,5,,0,,84,,24
1522933947962000441,,0,,520,,2009,,503,,0.0710000023246,,5,,5,,0,,87,,24
1522933948011944811,,0,,520,,2012,,503,,0.0710000023246,,5,,5,,0,,88,,24
1522933948062041044,,0,,520,,2001,,503,,0.0710000023246,,5,,5,,0,,88,,24
1522933948112063136,,5,,520,,2008,,503,,0.0710000023246,,5,,5,,0,,90,,24
1522933948162076134,,0,,520,,2096,,503,,0.0710000023246,,5,,5,,0,,100,,24
1522933948212361748,,0,,520,,2004,,503,,0.0710000023246,,5,,5,,0,,102,,24
1522933948262002648,,44,,520,,2055,,503,,0.0710000023246,,5,,5,,0,,102,,24
1522933948311882930,,0,,520,,2002,,503,,0.0710000023246,,5,,5,,0,,102,,24
1522933948362167387,,32,,520,,1935,,503,,0.0710000023246,,5,,5,,0,,104,,24
1522933948412249031,,0,,520,,2009,,503,,0.0710000023246,,5,,5,,0,,105,,24
1522933948462046348,,38,,520,,1991,,503,,0.0710000023246,,5,,5,,0,,105,,24
1522933948511977111,,0,,520,,2011,,503,,0.0710000023246,,5,,5,,0,,103,,24
1522933948561972177,,0,,520,,2012,,503,,0.0710000023246,,5,,5,,0,,103,,24
1522933948611926465,,0,,520,,2011,,503,,0.0610000006855,,6,,6,,0,,102,,24
1522933948661899881,,0,,520,,2009,,503,,0.0219999998808,,6,,6,,0,,101,,24
1522933948711923849,,0,,520,,2009,,503,,0.0209999997169,,6,,6,,0,,101,,24
1522933948762174337,,0,,520,,2008,,503,,0.0209999997169,,6,,6,,0,,103,,24
1522933948811843723,,0,,520,,2014,,503,,0.0209999997169,,6,,6,,0,,105,,24
1522933948861708793,,0,,520,,2012,,503,,0.0209999997169,,6,,6,,0,,105,,24
1522933948911733373,,0,,520,,2007,,503,,0.0209999997169,,6,,6,,0,,105,,24
1522933948961726942,,0,,520,,2008,,503,,0.0209999997169,,6,,6,,0,,108,,24
1522933949012046507,,2,,520,,2010,,503,,0.0209999997169,,7,,6,,0,,108,,24
1522933949062124723,,0,,520,,2012,,503,,0.035000000149,,7,,7,,0,,108,,24
1522933949112033697,,0,,520,,2007,,503,,0.0379999987781,,7,,7,,0,,107,,24
1522933949162332611,,1,,520,,2006,,503,,0.0379999987781,,7,,7,,0,,107,,24
1522933949211968193,,3,,520,,2006,,503,,0.0379999987781,,7,,7,,0,,106,,24
1522933949261958076,,0,,520,,2005,,503,,0.0379999987781,,7,,7,,0,,104,,24
1522933949312076284,,0,,520,,2005,,503,,0.0379999987781,,7,,7,,0,,102,,24
1522933949361887120,,2,,520,,2007,,503,,0.0379999987781,,7,,7,,0,,102,,24
1522933949411916581,,0,,520,,2003,,503,,0.0379999987781,,7,,7,,0,,102,,24
1522933949462110551,,0,,520,,2007,,503,,0.0379999987781,,7,,7,,0,,103,,24
1522933949512026981,,0,,520,,1959,,503,,0.0379999987781,,7,,7,,0,,106,,24
1522933949562100361,,0,,520,,2010,,503,,0.0379999987781,,7,,7,,0,,111,,24
1522933949611884180,,0,,520,,2088,,503,,0.0379999987781,,7,,7,,0,,116,,24
1522933949662011979,,1,,520,,2006,,503,,0.0379999987781,,7,,7,,0,,118,,24
1522933949711755037,,1,,520,,2007,,503,,0.0379999987781,,7,,7,,0,,119,,24
1522933949761969341,,3,,520,,2008,,503,,0.0379999987781,,7,,7,,0,,121,,24
1522933949811828907,,0,,520,,2002,,503,,0.0379999987781,,7,,7,,0,,121,,24
1522933949862109503,,5,,520,,2009,,503,,0.0379999987781,,7,,7,,0,,120,,24
1522933949911914066,,0,,520,,2010,,503,,0.0379999987781,,7,,7,,0,,117,,24
1522933949962213237,,2,,520,,2007,,503,,0.0379999987781,,7,,7,,0,,110,,24
1522933950011910651,,1,,520,,2011,,503,,0.0379999987781,,7,,7,,0,,107,,24
1522933950062163014,,0,,520,,2008,,503,,0.0379999987781,,7,,7,,0,,107,,24
1522933950111966266,,0,,520,,2005,,503,,0.0379999987781,,7,,7,,0,,107,,24
1522933950161921161,,0,,520,,2007,,503,,0.0379999987781,,7,,7,,0,,107,,24
1522933950211620884,,0,,520,,2015,,503,,0.0,,7,,7,,0,,108,,24
1522933950262376007,,0,,520,,2001,,503,,0.0,,7,,7,,0,,109,,24
1522933950311810144,,0,,520,,2007,,503,,0.0,,7,,7,,0,,110,,24
1522933950362265599,,3,,520,,2005,,503,,0.0,,7,,7,,0,,111,,24
1522933950411918818,,0,,520,,2006,,503,,0.0,,7,,7,,0,,112,,24
1522933950462111983,,0,,520,,2007,,503,,0.0,,7,,7,,0,,113,,24
1522933950511982349,,2,,520,,2008,,503,,0.0,,7,,7,,0,,113,,24
1522933950562041952,,0,,520,,2013,,503,,0.0,,7,,7,,0,,113,,24
1522933950611993611,,0,,520,,2007,,503,,0.0,,7,,7,,0,,113,,24
1522933950661987851,,0,,520,,2039,,503,,0.0,,7,,7,,0,,113,,24
1522933950711946436,,2,,520,,2007,,503,,0.0,,7,,7,,0,,113,,24
1522933950762054858,,8,,520,,2128,,503,,0.0,,7,,7,,0,,113,,24
1522933950812219598,,2,,520,,2008,,503,,0.0,,7,,7,,0,,114,,24
1522933950862233521,,0,,520,,2104,,503,,0.0,,7,,7,,0,,114,,24
1522933950912192376,,0,,520,,2001,,503,,0.0,,7,,7,,0,,114,,24
1522933950962377878,,0,,520,,2046,,503,,0.0,,7,,7,,0,,114,,24
1522933951011912259,,0,,520,,2014,,503,,0.0,,7,,7,,0,,114,,24
1522933951061930626,,0,,520,,2007,,503,,0.0,,7,,7,,0,,114,,24
1522933951112032459,,0,,520,,2008,,503,,0.0,,7,,7,,0,,114,,24
1522933951162159687,,0,,520,,2001,,503,,0.0,,7,,7,,0,,114,,24
1522933951212168410,,0,,520,,2013,,503,,0.0,,7,,7,,0,,114,,24
1522933951262035633,,2,,520,,2011,,503,,0.0,,7,,7,,0,,114,,24
1522933951311905605,,3,,520,,2007,,503,,0.0,,7,,7,,0,,114,,24
1522933951362275119,,0,,520,,2007,,503,,0.0,,7,,7,,0,,114,,24
1522933951412020772,,0,,520,,2009,,503,,0.0,,7,,7,,0,,114,,24
1522933951462248125,,0,,520,,2004,,503,,0.0,,7,,7,,0,,114,,24
1522933951512086831,,0,,520,,2009,,503,,0.0,,7,,7,,0,,114,,24
1522933951562009391,,0,,520,,2009,,503,,0.0,,7,,7,,0,,114,,24
1522933951612046284,,0,,520,,2007,,503,,0.0,,7,,7,,0,,114,,24
1522933951662184651,,0,,520,,2005,,503,,0.0,,7,,7,,0,,114,,24
1522933951712685594,,0,,520,,1901,,503,,0.0,,7,,7,,0,,114,,24
1522933951762036016,,5,,520,,2013,,503,,0.0,,7,,7,,0,,114,,24
1522933951812348991,,0,,520,,2105,,503,,0.0,,7,,7,,0,,114,,24
1522933951862137649,,0,,520,,2008,,503,,0.0,,7,,7,,0,,114,,24
1522933951912091967,,0,,520,,1879,,503,,0.0,,7,,7,,0,,114,,24
1522933951962069745,,0,,520,,2009,,503,,0.0,,7,,7,,0,,114,,24
1522933952012047670,,0,,520,,2029,,503,,0.0,,7,,7,,0,,114,,24
1522933952061800836,,1,,520,,2006,,503,,0.0,,7,,7,,0,,114,,24
1522933952111988337,,0,,520,,1944,,503,,0.0,,7,,7,,0,,114,,24
1522933952161920520,,2,,520,,2009,,503,,0.0,,7,,7,,0,,114,,24
1522933952212348615,,0,,520,,2126,,503,,0.0,,7,,7,,0,,114,,24
1522933952261761290,,1,,520,,2008,,503,,0.0,,7,,7,,0,,114,,24
1522933952312281013,,2,,520,,2011,,503,,0.0,,7,,7,,0,,114,,24
1522933952362001352,,1,,520,,2004,,503,,0.0,,7,,7,,0,,114,,24
1522933952411996340,,4,,520,,2008,,503,,0.0,,7,,7,,0,,114,,24
1522933952462151105,,0,,520,,2007,,503,,0.0,,7,,7,,0,,114,,24
1522933952512219662,,0,,520,,2007,,503,,0.0,,7,,7,,0,,114,,24
1522933952562048192,,0,,520,,2010,,503,,0.0,,7,,7,,0,,114,,24
1522933952612069497,,3,,520,,2005,,503,,0.0,,7,,7,,0,,114,,24
1522933952661760022,,0,,520,,2012,,503,,0.0,,7,,7,,0,,114,,24
1522933952711868091,,2,,520,,2002,,503,,0.0,,7,,7,,0,,114,,24
1522933952761991295,,0,,520,,2006,,503,,0.0,,7,,7,,0,,114,,24
1522933952811959749,,0,,520,,2009,,503,,0.0,,7,,7,,0,,114,,24
1522933952861972860,,0,,520,,2002,,503,,0.0,,7,,7,,0,,114,,24
1522933952912188959,,0,,520,,2005,,503,,0.0,,7,,7,,0,,114,,24
1522933952962213444,,2,,520,,1874,,503,,0.0,,7,,7,,0,,114,,24
1522933953012140615,,0,,520,,2002,,503,,0.0,,7,,7,,0,,114,,24
1522933953062128622,,0,,520,,2118,,503,,0.0,,7,,7,,0,,114,,24
1522933953112286359,,0,,520,,1997,,503,,0.0,,7,,7,,0,,114,,24
1522933953161999754,,8,,520,,2131,,503,,0.0,,7,,7,,0,,114,,24
1522933953212031164,,2,,520,,2009,,503,,0.0,,7,,7,,0,,114,,24
1522933953261959414,,26,,520,,1869,,503,,0.0,,7,,7,,0,,114,,24
1522933953312344047,,2,,520,,2010,,503,,0.0,,7,,7,,0,,114,,24
1522933953362078765,,39,,520,,1882,,503,,0.0,,7,,7,,0,,114,,24
1522933953412077287,,0,,520,,2008,,503,,0.0,,7,,7,,0,,114,,24
1522933953462052221,,0,,520,,2004,,503,,0.0,,7,,7,,0,,114,,24
1522933953512108018,,7,,520,,2013,,503,,0.0,,7,,7,,0,,114,,24
1522933953562096434,,0,,520,,2009,,503,,0.0,,7,,7,,0,,114,,24
1522933953611974274,,1,,520,,2008,,503,,0.0,,7,,7,,0,,114,,24
1522933953661844872,,0,,520,,2009,,503,,0.0,,7,,7,,0,,114,,24
1522933953712177567,,0,,520,,2006,,503,,0.0,,7,,7,,0,,114,,24
1522933953761994885,,0,,520,,2006,,503,,0.0,,7,,7,,0,,114,,24
1522933953811969947,,0,,520,,2007,,503,,0.0,,7,,7,,0,,114,,24
1522933953862106159,,0,,520,,2003,,503,,0.0,,7,,7,,0,,114,,24
1522933953912025717,,0,,520,,2008,,503,,0.0,,7,,7,,0,,114,,24
1522933953961942474,,0,,520,,2009,,503,,0.0,,7,,7,,0,,114,,24
1522933954012314857,,0,,520,,2005,,503,,0.0,,7,,7,,0,,114,,24
1522933954061928682,,0,,520,,2004,,503,,0.0,,7,,7,,0,,114,,24
1522933954111982149,,1,,520,,2005,,503,,0.0,,7,,7,,0,,114,,24
1522933954162059375,,0,,520,,2010,,503,,0.0,,7,,7,,0,,114,,24
1522933954212288840,,0,,520,,2108,,503,,0.0,,7,,7,,0,,114,,24
1522933954262179876,,0,,520,,2012,,503,,0.0,,7,,7,,0,,114,,24
1522933954312102898,,0,,520,,1890,,503,,0.0,,7,,7,,0,,114,,24
1522933954362159825,,0,,520,,2003,,503,,0.0,,7,,7,,0,,114,,24
1522933954411977820,,18,,520,,1879,,503,,0.0,,7,,7,,0,,114,,24
1522933954461860781,,0,,520,,2008,,503,,0.0,,7,,7,,0,,114,,24
1522933954512107257,,1,,520,,1942,,503,,0.0,,7,,7,,0,,114,,24
1522933954561964468,,0,,520,,2012,,503,,0.0,,7,,7,,0,,114,,24
1522933954611792907,,1,,520,,2008,,503,,0.0,,7,,7,,0,,114,,24
1522933954662078244,,0,,520,,2011,,503,,0.0,,7,,7,,0,,114,,24
1522933954712059772,,0,,520,,2008,,503,,0.0,,7,,7,,0,,114,,24
1522933954762276263,,5,,520,,2010,,503,,0.0,,7,,7,,0,,114,,24
1522933954812227553,,0,,520,,2005,,503,,0.0,,7,,7,,0,,114,,24
1522933954861955999,,0,,520,,2009,,503,,0.0,,7,,7,,0,,114,,24
1522933954911956269,,0,,520,,2006,,503,,0.0,,7,,7,,0,,114,,24
1522933954961993279,,0,,520,,2005,,503,,0.0,,7,,7,,0,,114,,24
1522933955011996765,,0,,520,,2009,,503,,0.0,,7,,7,,0,,114,,24
1522933955061849744,,0,,520,,2007,,503,,0.0,,7,,7,,0,,114,,24
1522933955111909821,,3,,520,,2006,,503,,0.0,,7,,7,,0,,114,,24
1522933955162100225,,0,,520,,2003,,503,,0.0,,7,,7,,0,,114,,24
1522933955212008380,,1,,520,,2008,,503,,0.0,,7,,7,,0,,114,,24
1522933955261960430,,0,,520,,2011,,503,,0.0,,7,,7,,0,,114,,24
1522933955312029399,,0,,520,,2009,,503,,0.0,,7,,7,,0,,114,,24
1522933955362015019,,1,,520,,2010,,503,,0.0,,7,,7,,0,,114,,24
1522933955411986470,,0,,520,,2005,,503,,0.0,,7,,7,,0,,114,,24
1522933955462193125,,0,,520,,1986,,503,,0.0,,7,,7,,0,,114,,24
1522933955512146228,,0,,520,,2003,,503,,0.0,,7,,7,,0,,114,,24
1522933955562075723,,0,,520,,2099,,503,,0.0,,7,,7,,0,,114,,24
1522933955612266923,,0,,520,,2005,,503,,0.0,,7,,7,,0,,114,,24
1522933955662095112,,0,,520,,2018,,503,,0.0,,7,,7,,0,,114,,24
1522933955712107751,,0,,520,,2012,,503,,0.0,,7,,7,,0,,114,,24
1522933955761951426,,30,,520,,1919,,503,,0.0,,7,,7,,0,,114,,24
1522933955812169962,,3,,520,,2008,,503,,0.0,,7,,7,,0,,114,,24
1522933955862097961,,0,,520,,2008,,503,,0.0,,7,,7,,0,,114,,24
1522933955912032961,,0,,520,,2006,,503,,0.0,,7,,7,,0,,114,,24
1522933955961814782,,0,,520,,2005,,503,,0.0,,7,,7,,0,,114,,24
