rosbagTimestamp,northing,data,status,data,easting,data
1526387065077766245,,5548284.10284,,1,,7422651.97329
1526387065124401817,,5548284.10378,,1,,7422651.97247
1526387065176804065,,5548284.09637,,1,,7422651.95875
1526387065223917976,,5548284.10145,,1,,7422651.96694
1526387065275808719,,5548284.10013,,1,,7422651.96812
1526387065323068043,,5548284.09901,,1,,7422651.96846
1526387065377420326,,5548284.10334,,1,,7422651.96446
1526387065433388275,,5548284.10403,,1,,7422651.98059
1526387065473805664,,5548284.081,,1,,7422651.95794
1526387065527261444,,5548284.07837,,1,,7422651.96005
1526387065573607176,,5548284.07648,,1,,7422651.96264
1526387065625707929,,5548284.07247,,1,,7422651.94516
1526387065674123410,,5548284.06745,,1,,7422651.94616
1526387065724828154,,5548284.06305,,1,,7422651.94276
1526387065774003382,,5548284.06175,,1,,7422651.94298
1526387065825167923,,5548284.06397,,1,,7422651.94277
1526387065876972429,,5548284.052,,1,,7422651.92434
1526387065924521470,,5548284.04954,,1,,7422651.92812
1526387065976084584,,5548284.05553,,1,,7422651.92439
1526387066023711064,,5548284.0518,,1,,7422651.92553
1526387066077196435,,5548284.05144,,1,,7422651.92517
1526387066123819217,,5548284.05365,,1,,7422651.92568
1526387066176032077,,5548284.0505,,1,,7422651.92599
1526387066223746886,,5548284.02552,,1,,7422651.90928
1526387066277021945,,5548284.02386,,1,,7422651.90913
1526387066323456729,,5548284.0246,,1,,7422651.90891
1526387066386327047,,5548284.02462,,1,,7422651.90783
1526387066424416156,,5548284.02407,,1,,7422651.90735
1526387066475127619,,5548284.05932,,1,,7422651.91824
1526387066523899152,,5548284.05633,,1,,7422651.92011
1526387066575641680,,5548284.06193,,1,,7422651.91768
1526387066623725386,,5548284.06628,,1,,7422651.93708
1526387066675372762,,5548284.06985,,1,,7422651.93355
1526387066728904791,,5548284.06779,,1,,7422651.93555
1526387066774007568,,5548284.06128,,1,,7422651.937
1526387066826584025,,5548284.06424,,1,,7422651.93705
1526387066873258740,,5548284.06351,,1,,7422651.93644
1526387066925670085,,5548284.06298,,1,,7422651.93488
1526387066973520831,,5548284.063,,1,,7422651.93285
1526387067024703110,,5548284.06599,,1,,7422651.93134
1526387067074267655,,5548284.04981,,1,,7422651.93517
1526387067123983951,,5548284.05004,,1,,7422651.93171
1526387067173502875,,5548284.05004,,1,,7422651.93171
1526387067223845205,,5548284.04557,,1,,7422651.93344
1526387067275576579,,5548284.04876,,1,,7422651.9305
1526387067323510626,,5548284.04272,,1,,7422651.91263
1526387067377520368,,5548284.04178,,1,,7422651.91333
1526387067433434299,,5548284.042,,1,,7422651.91083
1526387067473901528,,5548284.03961,,1,,7422651.9096
1526387067527547440,,5548284.0415,,1,,7422651.90724
1526387067583637807,,5548284.03336,,1,,7422651.90617
1526387067625648236,,5548284.03147,,1,,7422651.90841
1526387067673626442,,5548284.03765,,1,,7422651.90372
1526387067724812787,,5548284.03558,,1,,7422651.90632
1526387067773729558,,5548284.03342,,1,,7422651.90187
1526387067824956864,,5548284.02652,,1,,7422651.89139
1526387067877262696,,5548284.01234,,1,,7422651.87185
1526387067933140923,,5548284.01479,,1,,7422651.86974
1526387067975913058,,5548284.01482,,1,,7422651.86723
1526387068028955962,,5548284.0219,,1,,7422651.89049
1526387068075405214,,5548284.03095,,1,,7422651.89289
1526387068127821103,,5548284.02874,,1,,7422651.89226
1526387068174222456,,5548284.02503,,1,,7422651.89244
1526387068227256980,,5548284.02943,,1,,7422651.89537
1526387068273610474,,5548284.01735,,1,,7422651.87216
1526387068330007350,,5548284.01733,,1,,7422651.86047
1526387068379912904,,5548284.01309,,1,,7422651.85897
1526387068427313335,,5548284.01272,,1,,7422651.85885
1526387068483311246,,5548284.01346,,1,,7422651.8585
1526387068526323313,,5548284.02716,,1,,7422651.89856
1526387068573453583,,5548284.01805,,1,,7422651.90058
1526387068625013981,,5548284.0177,,1,,7422651.89902
1526387068687492131,,5548284.02087,,1,,7422651.89799
1526387068733664091,,5548284.01528,,1,,7422651.89946
1526387068773541744,,5548284.01198,,1,,7422651.87173
1526387068825012500,,5548284.0047,,1,,7422651.87484
1526387068878497046,,5548284.00846,,1,,7422651.87144
1526387068923951244,,5548284.00385,,1,,7422651.86958
1526387068973436159,,5548284.01205,,1,,7422651.8666
1526387069029964948,,5548283.99739,,1,,7422651.8165
1526387069076566240,,5548283.9615,,1,,7422651.7982
1526387069123014988,,5548283.96722,,1,,7422651.79959
1526387069174526234,,5548283.96519,,1,,7422651.79945
1526387069227509091,,5548283.96277,,1,,7422651.79977
1526387069273693773,,5548283.96602,,1,,7422651.81855
1526387069326314842,,5548283.96583,,1,,7422651.81879
1526387103383900102,,nan,,-1,,nan
1526387103426957807,,nan,,-1,,nan
1526387103475806637,,nan,,-1,,nan
1526387103529451414,,nan,,-1,,nan
1526387103584920839,,nan,,-1,,nan
1526387103637932880,,5548294.10873,,1,,7422626.18821
1526387103689902446,,5548294.13212,,1,,7422626.13496
1526387103742937048,,5548294.15737,,1,,7422626.02983
1526387103841665513,,5548294.1671,,1,,7422625.92161
1526387103943389134,,5548294.21677,,1,,7422625.81981
1526387104041776268,,5548294.26495,,1,,7422625.71919
1526387104135519951,,5548294.32956,,1,,7422625.62357
1526387104189575765,,5548294.34846,,1,,7422625.57265
1526387104340958157,,5548294.35961,,1,,7422625.51982
1526387104487401150,,5548294.31925,,1,,7422625.46482
1526387104586643477,,5548294.34896,,1,,7422625.35891
1526387104687121597,,5548294.38242,,1,,7422625.2502
1526387104739632099,,5548294.44469,,1,,7422625.14978
1526387104792903078,,5548294.48426,,1,,7422625.1056
1526387104937614413,,5548294.51307,,1,,7422624.99777
1526387104991401357,,5548294.51537,,1,,7422624.83908
1526387105089679152,,5548294.53165,,1,,7422624.79039
1526387105543121829,,5548294.69972,,1,,7422624.25817
1526387105639021340,,5548294.72706,,1,,7422624.14972
1526387105691353985,,5548294.73207,,1,,7422624.08535
1526387105790864561,,5548294.74276,,1,,7422624.02536
1526387105889925327,,5548294.80143,,1,,7422623.8787
1526387105989280861,,5548294.82513,,1,,7422623.76579
1526387106041523898,,5548294.84932,,1,,7422623.70861
1526387106140715669,,5548294.89222,,1,,7422623.61388
1526387106241018839,,5548294.88366,,1,,7422623.53893
1526387106341473093,,5548294.9458,,1,,7422623.39578
1526387106493793496,,5548295.01915,,1,,7422623.24707
1526387106692854679,,5548295.14793,,1,,7422623.08555
1526387106841875966,,5548295.20258,,1,,7422622.93442
1526387106893232375,,5548295.23425,,1,,7422622.89872
1526387106992705842,,5548295.26399,,1,,7422622.85499
1526387107091687628,,5548295.2994,,1,,7422622.75263
1526387107190593844,,5548295.33032,,1,,7422622.64018
1526387107289771718,,5548295.3874,,1,,7422622.48777
1526387107391243286,,5548295.40237,,1,,7422622.44001
1526387107442307673,,5548295.45276,,1,,7422622.37833
1526387107586785816,,5548295.52503,,1,,7422622.22709
1526387107642379203,,5548295.52362,,1,,7422622.14532
1526387107791569612,,5548295.57329,,1,,7422622.05725
1526387107890594286,,5548295.6245,,1,,7422621.9772
1526387107940989602,,5548295.56082,,1,,7422621.84213
1526387108039680166,,5548295.60252,,1,,7422621.75407
1526387108138691032,,5548295.61163,,1,,7422621.63641
1526387108193153855,,5548295.6206,,1,,7422621.5931
1526387108291011751,,5548295.65382,,1,,7422621.50145
1526387108446269896,,5548295.6944,,1,,7422621.36204
1526387108690302648,,5548295.76219,,1,,7422621.18735
1526387108743259722,,5548295.79017,,1,,7422621.09825
1526387108840553418,,5548295.8162,,1,,7422620.99074
1526387108986668179,,5548295.87985,,1,,7422620.84571
1526387109038211123,,5548295.91642,,1,,7422620.83037
1526387109182771666,,5548295.98639,,1,,7422620.73519
1526387109240205331,,5548296.02222,,1,,7422620.64226
1526387109289526003,,5548296.00749,,1,,7422620.55827
1526387109390729748,,5548296.0282,,1,,7422620.47229
1526387109441252552,,5548296.0439,,1,,7422620.42502
1526387109587281050,,5548296.10533,,1,,7422620.36969
1526387109640916347,,5548296.13798,,1,,7422620.27875
1526387109740125261,,5548296.1505,,1,,7422620.1948
1526387109838876624,,5548296.17336,,1,,7422620.10156
1526387109892164144,,5548296.19067,,1,,7422620.05849
1526387109990622675,,5548296.22204,,1,,7422619.96634
1526387110043714403,,5548296.22334,,1,,7422619.90179
1526387110136578268,,5548296.28819,,1,,7422619.81489
1526387110188880188,,5548296.29179,,1,,7422619.77127
1526387110242611580,,5548296.3042,,1,,7422619.72085
1526387110341010219,,5548296.34615,,1,,7422619.62801
1526387110440531333,,5548296.386,,1,,7422619.5386
1526387110493535541,,5548296.41056,,1,,7422619.50685
1526387110592019245,,5548296.44305,,1,,7422619.42736
1526387110690810886,,5548296.4736,,1,,7422619.3272
1526387110788817958,,5548296.49189,,1,,7422619.21684
1526387110842487388,,5548296.50049,,1,,7422619.16051
1526387110941656701,,5548296.61563,,1,,7422619.07028
1526387111040056880,,5548296.69884,,1,,7422618.99618
1526387111093828930,,5548296.66983,,1,,7422618.95101
1526387111185375580,,5548296.72437,,1,,7422618.85907
1526387111238005880,,5548296.7001,,1,,7422618.78055
1526387111337371632,,5548296.73529,,1,,7422618.68093
1526387111436506072,,5548296.80121,,1,,7422618.6098
1526387111488896013,,5548296.84317,,1,,7422618.57962
1526387111542914206,,5548296.88906,,1,,7422618.53481
1526387111641577942,,5548296.9523,,1,,7422618.43107
1526387111788149202,,5548297.19394,,1,,7422618.32405
1526387111840837717,,5548297.20463,,1,,7422618.27778
1526387111940932087,,5548297.25795,,1,,7422618.18045
1526387111992920989,,5548297.28147,,1,,7422618.13043
1526387112139129371,,5548297.34436,,1,,7422617.97417
1526387112190530324,,5548297.36866,,1,,7422617.92225
1526387112843202637,,5548297.69482,,1,,7422617.2534
1526387112992929950,,5548297.73925,,1,,7422617.07861
1526387113044416609,,5548297.76476,,1,,7422617.03244
1526387113242011344,,5548297.85013,,1,,7422616.80895
1526387113343145196,,5548297.87926,,1,,7422616.70435
1526387113538234682,,5548297.92268,,1,,7422616.59936
1526387113591168233,,5548298.10841,,1,,7422616.30811
1526387113690354214,,5548298.18574,,1,,7422616.2171
1526387113788414629,,5548298.2126,,1,,7422616.16736
1526387113841876780,,5548298.26242,,1,,7422616.05555
1526387113940314870,,5548298.31453,,1,,7422615.95259
1526387114038523208,,5548298.35557,,1,,7422615.84518
1526387114137217790,,5548298.41197,,1,,7422615.75279
1526387114190107079,,5548298.39276,,1,,7422615.69678
1526387114288899170,,5548298.46546,,1,,7422615.59257
1526387114344041143,,5548298.48819,,1,,7422615.54683
1526387114495517568,,5548298.54002,,1,,7422615.386
1526387114641591814,,5548298.57246,,1,,7422615.20662
1526387114740384580,,5548298.6129,,1,,7422615.10254
1526387114840245432,,5548298.65821,,1,,7422615.00784
1526387114938566778,,5548298.66825,,1,,7422614.95452
1526387114992121365,,5548298.71012,,1,,7422614.85404
1526387115090979542,,5548298.71513,,1,,7422614.78979
1526387115190429436,,5548298.76203,,1,,7422614.62387
1526387115294378407,,5548298.8164,,1,,7422614.53061
1526387115443152117,,5548298.87065,,1,,7422614.36921
1526387115541945189,,5548298.90697,,1,,7422614.31973
1526387115644698331,,5548298.57969,,1,,7422614.28421
1526387115744962306,,5548298.70988,,1,,7422614.16592
1526387115896155672,,5548298.7652,,1,,7422613.96885
1526387115995664773,,5548298.81523,,1,,7422613.86873
1526387116193480451,,5548298.90528,,1,,7422613.66727
1526387116493530497,,5548298.95175,,1,,7422613.4795
1526387116596477049,,5548299.08535,,1,,7422613.24144
1526387116793921132,,5548299.12854,,1,,7422612.99872
1526387117042694039,,5548299.19705,,1,,7422612.74838
1526387117095869252,,5548299.21751,,1,,7422612.69294
1526387118090985710,,5548299.76202,,1,,7422611.57865
1526387118247465469,,5548299.82087,,1,,7422611.47102
1526387120596842707,,5548301.06126,,1,,7422608.91763
1526387120793384694,,5548301.13243,,1,,7422608.68881
1526387120995197218,,5548301.17303,,1,,7422608.57387
1526387121246851937,,5548301.34849,,1,,7422608.21003
1526387126291902925,,5548303.92568,,1,,7422602.37368
1526387126394656569,,5548304.01497,,1,,7422602.19978
1526387126588127051,,5548303.88595,,1,,7422601.83941
1526387126686159725,,5548303.79334,,1,,7422601.76861
1526387126736848397,,5548303.81624,,1,,7422601.71106
1526387126789935966,,5548303.8463,,1,,7422601.64526
1526387126889302778,,5548303.88,,1,,7422601.52008
1526387126987913190,,5548303.93681,,1,,7422601.39918
1526387127041298157,,5548303.93681,,1,,7422601.39918
1526387127090151910,,5548303.98638,,1,,7422601.27948
1526387127183160563,,5548304.03216,,1,,7422601.15256
1526387127237690931,,5548304.05013,,1,,7422601.08957
1526387127284095630,,5548304.07629,,1,,7422601.02384
1526387127335897098,,5548304.10913,,1,,7422600.97085
1526387127413301164,,5548306.04291,,0,,7422600.95634
1526387127419665569,,5548306.04291,,0,,7422600.95634
1526387127469636789,,5548306.04291,,0,,7422600.95634
1526387127535961847,,5548305.51885,,0,,7422600.96392
1526387127579702151,,5548305.52872,,0,,7422600.88386
1526387127669620015,,5548305.55345,,0,,7422600.82789
1526387127719728276,,5548305.58905,,0,,7422600.77637
1526387127769402244,,5548305.58905,,0,,7422600.77637
1526387127874179058,,5548303.65819,,1,,7422600.48683
1526387127980627312,,5548303.83441,,1,,7422600.40394
1526387128083726131,,5548303.51022,,1,,7422600.02726
1526387128189459524,,5548303.56084,,1,,7422599.91163
1526387128298296965,,5548303.59955,,1,,7422599.78593
1526387128403701060,,5548303.77398,,1,,7422599.82676
1526387128514968537,,5548306.52924,,0,,7422600.76277
1526387128582776619,,5548306.52924,,0,,7422600.76277
1526387128695161307,,5548303.70522,,1,,7422599.40246
1526387129570019497,,5548307.51756,,0,,7422599.85718
1526387129619643703,,5548307.51756,,0,,7422599.85718
1526387129704744492,,5548307.51756,,0,,7422599.85718
1526387129812682120,,5548304.90691,,1,,7422598.19135
1526387129921845356,,5548304.97404,,1,,7422598.075
1526387130028937043,,5548305.01534,,1,,7422597.96282
1526387130136683693,,5548305.06877,,1,,7422597.84533
1526387130253090507,,5548305.09974,,1,,7422597.79303
1526387130362901141,,5548305.17945,,1,,7422597.61469
1526387130474040578,,5548305.11599,,1,,7422597.4646
1526387130577640891,,5548305.16819,,1,,7422597.34219
1526387130686885669,,5548305.20631,,1,,7422597.21946
1526387130791860246,,5548305.26291,,1,,7422597.10046
1526387130857285462,,5548305.28099,,1,,7422597.04237
1526387130963551499,,5548305.22806,,1,,7422596.89493
1526387131071577749,,5548305.2934,,1,,7422596.77462
1526387131179077439,,5548305.34847,,1,,7422596.65894
1526387131285930082,,5548305.38199,,1,,7422596.53305
1526387131392096211,,5548305.42934,,1,,7422596.39983
1526387131511157204,,5548305.45676,,1,,7422596.33745
1526387131621423633,,5548305.46374,,1,,7422596.21404
1526387131731835900,,5548305.53525,,1,,7422596.02508
1526387131837211709,,5548305.59573,,1,,7422595.90745
1526387131949944785,,5548305.64915,,1,,7422595.79067
1526387132067716363,,5548305.68652,,1,,7422595.66781
1526387132131451837,,5548305.70563,,1,,7422595.60293
1526387132247416208,,5548305.75542,,1,,7422595.48084
1526387132363893363,,5548305.79602,,1,,7422595.36567
1526387132470498776,,5548305.83925,,1,,7422595.23514
1526387136727667535,,5548310.73626,,0,,7422591.76514
1526387136768927343,,5548310.73626,,0,,7422591.76514
1526387136819087030,,5548310.73626,,0,,7422591.76514
1526387136869209460,,5548310.73626,,0,,7422591.76514
1526387136918944184,,5548310.73626,,0,,7422591.76514
1526387136968761536,,5548310.73626,,0,,7422591.76514
1526387137046683847,,5548307.66255,,1,,7422589.172
1526387137241720860,,5548309.02644,,1,,7422589.43639
1526387137394526519,,5548309.05568,,1,,7422589.26042
1526387137592995144,,5548309.49492,,1,,7422588.9775
1526387137789823823,,5548309.79569,,1,,7422588.48718
1526387137938693312,,5548309.83857,,1,,7422588.31702
1526387138037661777,,5548309.74018,,1,,7422588.27502
1526387138090396221,,5548309.72237,,1,,7422588.14731
1526387138189447219,,5548309.73161,,1,,7422588.08526
1526387138646582025,,5548309.94774,,1,,7422587.49932
1526387138838971956,,5548310.01619,,1,,7422587.27905
1526387138937787796,,5548310.04179,,1,,7422587.21402
1526387138990790668,,5548310.12407,,1,,7422587.10136
1526387139189162202,,5548310.14163,,1,,7422586.8621
1526387139241461967,,5548310.16004,,1,,7422586.80687
1526387139340857524,,5548310.21257,,1,,7422586.68722
1526387139441955140,,5548310.23615,,1,,7422586.56989
1526387139541413657,,5548310.14084,,1,,7422586.57077
1526387140416826954,,5548310.19578,,1,,7422586.27178
1526387140468848174,,5548312.15935,,0,,7422586.5686
1526387140520225602,,5548312.15935,,0,,7422586.5686
1526387140593717759,,5548310.96469,,1,,7422585.39752
1526387143189712798,,5548310.55609,,1,,7422584.60156
1526387143287978318,,5548311.70539,,1,,7422582.0144
1526387143342426119,,5548311.73005,,1,,7422581.8867
1526387143406604380,,5548317.02377,,0,,7422583.22417
1526387143418015769,,5548317.02377,,0,,7422583.22417
1526387143468704711,,5548317.02377,,0,,7422583.22417
1526387143519110324,,5548317.02377,,0,,7422583.22417
1526387143568839860,,5548317.02377,,0,,7422583.22417
1526387143624222934,,5548317.02377,,0,,7422583.22417
1526387143741915493,,5548311.94147,,1,,7422581.40822
1526387143838864686,,5548311.99776,,1,,7422581.28504
1526387143936685013,,5548312.00858,,1,,7422581.21634
1526387144035445326,,5548312.05927,,1,,7422581.08317
1526387144089139465,,5548312.13099,,1,,7422580.95711
1526387144186577876,,5548312.14548,,1,,7422580.8912
1526387144239844711,,5548312.18838,,1,,7422580.7584
1526387144292902947,,5548312.22049,,1,,7422580.69144
1526387144368244905,,5548312.24613,,1,,7422580.62402
1526387144428719555,,5548312.27654,,1,,7422580.55966
1526387144572338459,,5548312.29901,,1,,7422580.4928
1526387144687802918,,5548312.38635,,1,,7422580.29977
1526387144808788666,,5548312.42703,,1,,7422580.1667
1526387144928867572,,5548312.49655,,1,,7422580.03846
1526387145048933846,,5548312.63865,,1,,7422579.9306
1526387145146643607,,5548312.6938,,1,,7422579.79702
1526387145236375131,,5548312.73458,,1,,7422579.66896
1526387145331182789,,5548312.80229,,1,,7422579.53819
1526387145387387804,,5548312.8293,,1,,7422579.46542
1526387145541477705,,5548312.89827,,1,,7422579.32488
1526387145653726951,,5548312.93542,,1,,7422579.25608
1526387145804856194,,5548313.00655,,1,,7422579.11915
1526387145955651098,,5548313.05635,,1,,7422578.98335
1526387146060686439,,5548312.27896,,1,,7422578.89345
1526387146189464260,,5548312.42966,,1,,7422578.79323
1526387150668687885,,5548316.21604,,0,,7422573.54856
1526387150718170476,,5548316.21604,,0,,7422573.54856
1526387150768289843,,5548316.21604,,0,,7422573.54856
1526387150818203025,,5548316.21604,,0,,7422573.54856
1526387150868335840,,5548316.21604,,0,,7422573.54856
1526387150918145241,,5548316.21604,,0,,7422573.54856
1526387151092969464,,5548314.73712,,1,,7422571.52293
1526387151442595465,,5548314.97673,,1,,7422571.03102
1526387154578148679,,5548318.89663,,0,,7422567.80874
1526387154618220485,,5548318.89663,,0,,7422567.80874
1526387154668107302,,5548318.89663,,0,,7422567.80874
1526387154718213700,,5548318.89663,,0,,7422567.80874
1526387154768758076,,5548318.89663,,0,,7422567.80874
1526387154896260743,,5548316.99338,,1,,7422565.98342
1526387155095018562,,5548317.10312,,1,,7422565.67747
1526387155196397602,,5548317.14799,,1,,7422565.53634
1526387155445312779,,5548317.25467,,1,,7422565.17282
1526387155744170025,,5548317.41044,,1,,7422564.73506
1526387155894230571,,5548317.57029,,1,,7422564.54058
1526387156242711509,,5548317.65988,,1,,7422564.24341
1526387157450693786,,5548319.5041,,0,,7422562.28212
1526387157467396640,,5548319.5041,,0,,7422562.28212
1526387157518062553,,5548319.5041,,0,,7422562.28212
1526387157568229765,,5548319.5041,,0,,7422562.28212
1526387158489648593,,5548320.843,,0,,7422562.40318
1526387158517127653,,5548320.843,,0,,7422562.40318
1526387158567934003,,5548320.843,,0,,7422562.40318
1526387160568707491,,5548320.27807,,0,,7422558.61283
1526387160617898493,,5548320.27807,,0,,7422558.61283
1526387160668053968,,5548320.27807,,0,,7422558.61283
1526387163588903369,,5548321.87779,,0,,7422554.40845
1526387163616988153,,5548321.87779,,0,,7422554.40845
1526387164510650266,,5548323.34176,,0,,7422553.61228
1526387164516879621,,5548323.34176,,0,,7422553.61228
1526387164567543674,,5548323.34176,,0,,7422553.61228
1526387164617698828,,5548323.34176,,0,,7422553.61228
1526387164667849085,,5548323.34176,,0,,7422553.61228
1526387164717345103,,5548323.34176,,0,,7422553.61228
1526387165531090505,,5548322.9187,,0,,7422551.58749
1526387165577515912,,5548322.9187,,0,,7422551.58749
1526387166500526526,,5548323.48152,,0,,7422550.18335
1526387166517418272,,5548323.48152,,0,,7422550.18335
1526387166569923252,,5548323.48152,,0,,7422550.18335
1526387169688417936,,5548324.9779,,0,,7422546.06102
1526387169716372436,,5548324.9779,,0,,7422546.06102
1526387170446066745,,5548325.49091,,0,,7422544.63921
1526387170467028749,,5548325.49091,,0,,7422544.63921
1526387170516947308,,5548325.49091,,0,,7422544.63921
1526387170567257917,,5548325.49091,,0,,7422544.63921
1526387170616790349,,5548325.49091,,0,,7422544.63921
1526387172522998114,,5548326.61189,,0,,7422541.80772
1526387172567014800,,5548326.61189,,0,,7422541.80772
1526387172617368071,,5548326.61189,,0,,7422541.80772
1526387174521792810,,5548327.6949,,0,,7422539.11424
1526387174566810166,,5548327.6949,,0,,7422539.11424
1526387174617011259,,5548327.6949,,0,,7422539.11424
1526387177480136275,,5548330.71315,,0,,7422536.16368
1526387177517125248,,5548330.71315,,0,,7422536.16368
1526387177567099601,,5548330.71315,,0,,7422536.16368
1526387177616547264,,5548330.71315,,0,,7422536.16368
1526387177666542016,,5548330.71315,,0,,7422536.16368
1526387177742007567,,5548328.60657,,1,,7422534.30988
1526387179516890102,,5548331.56071,,0,,7422533.55976
1526387179566277088,,5548331.56071,,0,,7422533.55976
1526387179615963971,,5548331.56071,,0,,7422533.55976
1526387179666710288,,5548331.56071,,0,,7422533.55976
1526387184671788688,,5548333.43355,,0,,7422526.64087
1526387184676493504,,5548333.43355,,0,,7422526.64087
1526387184725561114,,5548333.43355,,0,,7422526.64087
1526387184775829354,,5548333.57243,,0,,7422526.05107
1526387184826064370,,5548333.60754,,0,,7422525.99537
1526387184875794657,,5548333.64763,,0,,7422525.92817
1526387184926075124,,5548333.67577,,0,,7422525.86687
1526387184975708611,,5548333.71867,,0,,7422525.79816
1526387185026223680,,5548333.75266,,0,,7422525.73027
1526387185076764806,,5548331.85843,,0,,7422524.69106
1526387186622021219,,5548332.89803,,0,,7422523.07508
1526387186675848440,,5548332.89803,,0,,7422523.07508
1526387186725869491,,5548332.89803,,0,,7422523.07508
1526387186780693267,,5548332.89803,,0,,7422523.07508
1526387193626119714,,5548340.34379,,0,,7422514.85926
1526387193675109731,,5548340.17763,,0,,7422514.66996
1526387193725462878,,5548340.14387,,0,,7422514.58116
1526387194592649303,,5548340.83735,,0,,7422513.85965
1526387194625720724,,5548340.83735,,0,,7422513.85965
1526387194674919388,,5548340.83735,,0,,7422513.85965
1526387194725118963,,5548340.83735,,0,,7422513.85965
1526387194775046494,,5548340.83735,,0,,7422513.85965
1526387194825005554,,5548340.83735,,0,,7422513.85965
1526387199130662994,,5548341.86793,,0,,7422507.92638
1526387199174707456,,5548341.86793,,0,,7422507.92638
1526387199225053163,,5548341.86793,,0,,7422507.92638
1526387199274836110,,5548341.86793,,0,,7422507.92638
1526387199324918870,,5548341.86793,,0,,7422507.92638
1526387199417973053,,5548342.31346,,0,,7422506.50564
1526387199424705556,,5548342.31346,,0,,7422506.50564
1526387202663665365,,5548342.99187,,0,,7422501.88468
1526387202674113049,,5548342.99187,,0,,7422501.88468
1526387202724798268,,5548342.99187,,0,,7422501.88468
1526387202775047650,,5548342.99187,,0,,7422501.88468
1526387202824698208,,5548342.99187,,0,,7422501.88468
1526387202923325874,,5548342.99187,,0,,7422501.88468
1526387202985663074,,5548341.78682,,1,,7422500.21614
1526387203061109523,,5548341.80585,,1,,7422500.14445
1526387203225173607,,5548341.83534,,1,,7422500.01563
1526387203335504081,,5548341.88379,,1,,7422499.88363
1526387203482979011,,5548341.94496,,1,,7422499.75658
1526387203625610379,,5548341.99175,,1,,7422499.62348
1526387203712315487,,5548341.99887,,1,,7422499.5546
1526387203833148731,,5548342.04282,,1,,7422499.42599
1526387203953642401,,5548342.09261,,1,,7422499.29091
1526387204070298119,,5548342.14228,,1,,7422499.16405
1526387204181670051,,5548342.20237,,1,,7422499.0352
1526387204297742079,,5548342.24032,,1,,7422498.91115
1526387204421743161,,5548342.26084,,1,,7422498.85107
1526387205906061341,,5548345.10435,,0,,7422498.45512
1526387205924119236,,5548345.10435,,0,,7422498.45512
1526387205974696582,,5548345.10435,,0,,7422498.45512
1526387206024325025,,5548345.10435,,0,,7422498.45512
1526387206073921759,,5548345.10435,,0,,7422498.45512
1526387206140479500,,5548343.11962,,1,,7422496.15149
1526387206394547511,,5548343.20949,,1,,7422495.92461
1526387206586386636,,5548343.38957,,1,,7422495.66538
1526387206686829923,,5548343.46539,,1,,7422495.4864
1526387206784765140,,5548343.48267,,1,,7422495.43282
1526387206837474712,,5548343.52903,,1,,7422495.3169
1526387206890136585,,5548343.55055,,1,,7422495.2647
1526387207035051642,,5548343.57813,,1,,7422495.204
1526387207088131492,,5548343.63342,,1,,7422495.03486
1526387207187021038,,5548343.65128,,1,,7422494.97974
1526387207286489855,,5548343.71958,,1,,7422494.82105
1526387207339169508,,5548343.72967,,1,,7422494.76475
1526387207400434838,,5548344.69857,,0,,7422494.43318
1526387207424382737,,5548344.69857,,0,,7422494.43318
1526387207484395047,,5548344.69857,,0,,7422494.43318
1526387207600304672,,5548343.75701,,1,,7422494.5538
1526387207725023601,,5548343.79971,,1,,7422494.44772
1526387207805417774,,5548343.8231,,1,,7422494.39436
1526387207925777782,,5548343.82472,,1,,7422494.34677
1526387208024460539,,5548343.86199,,1,,7422494.2436
1526387208127554533,,5548343.89607,,1,,7422494.14361
1526387208225304126,,5548343.92873,,1,,7422494.03954
1526387208325271168,,5548343.96392,,1,,7422493.9398
1526387208466587169,,5548344.0108,,1,,7422493.83952
1526387208530239044,,5548344.02022,,1,,7422493.79061
1526387208636955309,,5548344.05192,,1,,7422493.68843
1526387208742390404,,5548344.10025,,1,,7422493.58996
1526387208887732026,,5548344.13327,,1,,7422493.48685
1526387208996035771,,5548344.16603,,1,,7422493.38791
1526387209099506953,,5548344.24143,,1,,7422493.23888
1526387209210106782,,5548344.25452,,1,,7422493.19276
1526387209321831029,,5548344.31875,,1,,7422493.05896
1526387209435910345,,5548344.33944,,1,,7422492.96187
1526387209551659153,,5548344.38247,,1,,7422492.87084
1526387209654879178,,5548344.42528,,1,,7422492.78267
1526387209771858437,,5548344.45689,,1,,7422492.68694
1526387209874752783,,5548344.49745,,1,,7422492.60053
1526387209978832120,,5548344.53975,,1,,7422492.50866
1526387210080274419,,5548344.5718,,1,,7422492.40816
1526387210182114086,,5548344.60429,,1,,7422492.31542
1526387210244877766,,5548344.62134,,1,,7422492.27784
1526387210396835569,,5548344.67815,,1,,7422492.13175
1526387210500015955,,5548344.71713,,1,,7422492.03864
1526387210601671255,,5548344.75417,,1,,7422491.9394
1526387210705426982,,5548344.79694,,1,,7422491.84109
1526387210807957570,,5548344.83838,,1,,7422491.7449
1526387210914774036,,5548344.85315,,1,,7422491.6981
1526387211016948865,,5548344.90775,,1,,7422491.55115
1526387211115892369,,5548344.94352,,1,,7422491.46228
1526387211215519072,,5548344.98139,,1,,7422491.36926
1526387211314756875,,5548345.02736,,1,,7422491.28019
1526387211414818032,,5548345.07063,,1,,7422491.18606
1526387211474918864,,5548345.0814,,1,,7422491.13382
1526387211574777026,,5548345.11782,,1,,7422491.05105
1526387214339637146,,5548346.21583,,1,,7422488.27104
1526387214435187726,,5548346.22435,,1,,7422488.23357
1526387214482326038,,5548346.22975,,1,,7422488.21909
1526387214534662297,,5548346.23462,,1,,7422488.20281
1526387214587913111,,5548346.24131,,1,,7422488.18883
1526387214733588632,,5548346.25669,,1,,7422488.16387
1526387214788356534,,5548346.2701,,1,,7422488.13399
1526387214887177182,,5548346.28289,,1,,7422488.10911
1526387214985642191,,5548346.29656,,1,,7422488.08652
1526387215038898108,,5548346.30003,,1,,7422488.07726
1526387215137640721,,5548346.30343,,1,,7422488.06024
1526387215236706132,,5548346.30809,,1,,7422488.04551
1526387215289967725,,5548346.31098,,1,,7422488.03839
1526387215437871515,,5548346.32639,,1,,7422488.0243
1526387215533507706,,5548346.3244,,1,,7422488.02093
1526387215587800774,,5548346.33433,,1,,7422488.01343
1526387215685906933,,5548346.3322,,1,,7422488.00696
1526387215785188787,,5548346.3362,,1,,7422487.9995
1526387215838738005,,5548346.33928,,1,,7422487.99154
1526387215937015650,,5548346.33768,,1,,7422487.98699
1526387216036095737,,5548346.33445,,1,,7422487.97966
1526387216134982666,,5548346.34137,,1,,7422487.97511
1526387216233948467,,5548346.34193,,1,,7422487.97499
1526387216333426042,,5548346.33982,,1,,7422487.97986
1526387216390213420,,5548346.34256,,1,,7422487.98264
1526387216486332978,,5548346.34497,,1,,7422487.98292
1526387216584256613,,5548346.34461,,1,,7422487.98184
1526387216684050297,,5548346.34426,,1,,7422487.98064
1526387216736992606,,5548346.34996,,1,,7422487.98418
1526387216835010724,,5548346.3468,,1,,7422487.98449
1526387216934356521,,5548346.35034,,1,,7422487.98335
1526387216986898374,,5548346.35087,,1,,7422487.98503
1526387217085536889,,5548346.35198,,1,,7422487.98505
1526387217186521371,,5548346.35088,,1,,7422487.98479
1526387217283486230,,5548346.35087,,1,,7422487.98551
1526387217337867271,,5548346.35364,,1,,7422487.98626
1526387217418361733,,5548347.40995,,0,,7422487.66145
1526387217474180996,,5548347.41068,,0,,7422487.6617
1526387217524356822,,5548349.19782,,0,,7422490.78091
1526387217793466642,,5548344.96699,,1,,7422488.70405
