rosbagTimestamp,transforms,-,header,seq,stamp,secs,nsecs,frame_id,child_frame_id,transform,translation,x,y,z,rotation,x,y,z,w
1525094108248288538,,,0,,1525094108,220031023,"""odom""","""base_link""",,,-0.00510858289311,0.0391196808685,0.0,,0.0,0.0,0.0113522165967,0.999935561513
1525094108353033399,,,0,,1525094108,319915056,"""odom""","""base_link""",,,-0.00510858570559,0.0391197023407,0.0,,0.0,0.0,0.0113500621259,0.99993558597
1525094108455284874,,,0,,1525094108,420046091,"""odom""","""base_link""",,,-0.005108588077,0.039119720435,0.0,,0.0,0.0,0.0113309367582,0.999935802875
1525094108556150702,,,0,,1525094108,520694017,"""odom""","""base_link""",,,-0.00510859000236,0.03911973514,0.0,,0.0,0.0,0.0113439407827,0.999935655434
1525094108652056110,,,0,,1525094108,619927883,"""odom""","""base_link""",,,-0.00510859153315,0.0391197468226,0.0,,0.0,0.0,0.0113487764085,0.999935600563
1525094108755194171,,,0,,1525094108,719883919,"""odom""","""base_link""",,,-0.0051085928423,0.0391197568204,0.0,,0.0,0.0,0.0113513504838,0.999935571346
1525094108856008057,,,0,,1525094108,820028067,"""odom""","""base_link""",,,-0.0051085939137,0.039119765008,0.0,,0.0,0.0,0.0113615118316,0.999935455941
1525094108956482713,,,0,,1525094108,920581102,"""odom""","""base_link""",,,-0.00510859479999,0.0391197717797,0.0,,0.0,0.0,0.0113553081303,0.99993552641
1525094109055696012,,,0,,1525094109,20230055,"""odom""","""base_link""",,,-0.00510859550433,0.0391197771586,0.0,,0.0,0.0,0.0113530030552,0.999935552584
1525094109159227231,,,0,,1525094109,120201111,"""odom""","""base_link""",,,0.0203287539784,0.0732396862547,0.0,,0.0,0.0,0.0113521455075,0.99993556232
1525094109257141363,,,0,,1525094109,220020056,"""odom""","""base_link""",,,0.0203288787661,0.0732398619391,0.0,,0.0,0.0,0.0113518269392,0.999935565937
1525094109354844699,,,0,,1525094109,319726944,"""odom""","""base_link""",,,0.0203289824287,0.073240007841,0.0,,0.0,0.0,0.0113517085993,0.99993556728
1525094109457971004,,,0,,1525094109,420265913,"""odom""","""base_link""",,,0.0203290681002,0.0732401284771,0.0,,0.0,0.0,0.0113679781138,0.999935382449
1525094109555529852,,,0,,1525094109,519738913,"""odom""","""base_link""",,,0.0203291362871,0.0732402244187,0.0,,0.0,0.0,0.0113579000529,0.999935496973
1525094109655306323,,,0,,1525094109,620109081,"""odom""","""base_link""",,,0.0203291939551,0.0732403056441,0.0,,0.0,0.0,0.01135396408,0.999935541672
1525094109757980562,,,0,,1525094109,720235109,"""odom""","""base_link""",,,0.0203292401137,0.0732403706332,0.0,,0.0,0.0,0.0113689106775,0.999935371847
1525094109855849235,,,0,,1525094109,820327044,"""odom""","""base_link""",,,0.0203292781005,0.0732404241424,0.0,,0.0,0.0,0.0113582941993,0.999935492496
1525094109955269596,,,0,,1525094109,920607090,"""odom""","""base_link""",,,0.0203293095199,0.0732404684214,0.0,,0.0,0.0,0.0113551753508,0.999935527918
1525094110056758924,,,0,,1525094110,20239115,"""odom""","""base_link""",,,0.0203293350788,0.0732405044017,0.0,,0.0,0.0,0.0113627937452,0.999935441375
1525094110159153328,,,0,,1525094110,120352983,"""odom""","""base_link""",,,0.0373786478411,0.117000540349,0.0,,0.0,0.0,0.0113557886595,0.999935520953
1525094110256769371,,,0,,1525094110,220144033,"""odom""","""base_link""",,,0.0373787831334,0.11700084582,0.0,,0.0,0.0,0.0113531806484,0.999935550568
1525094110356869350,,,0,,1525094110,320791960,"""odom""","""base_link""",,,0.0373788943472,0.117001096916,0.0,,0.0,0.0,0.011352211433,0.999935561572
1525094110458746201,,,0,,1525094110,420610905,"""odom""","""base_link""",,,0.037378979453,0.117001288886,0.0,,0.0,0.0,0.0113518514738,0.999935565658
1525094110555526168,,,0,,1525094110,519685984,"""odom""","""base_link""",,,0.0410771011898,0.117085432755,0.0,,0.0,0.0,0.0113517177348,0.999935567176
1525094110656742031,,,0,,1525094110,620997906,"""odom""","""base_link""",,,0.044988037617,0.117174402013,0.0,,0.0,0.0,0.0113417943199,0.999935679782
1525094110759520130,,,0,,1525094110,720855951,"""odom""","""base_link""",,,0.0509115644067,0.117309332459,0.0,,0.0,0.0,0.0111319446666,0.999938037984
1525094110855593087,,,0,,1525094110,820069075,"""odom""","""base_link""",,,0.0586940606667,0.117478527158,0.0,,0.0,0.0,0.0107123134734,0.999942621524
1525094110958673217,,,0,,1525094110,919856071,"""odom""","""base_link""",,,0.0681419650578,0.117676882341,0.0,,0.0,0.0,0.010281798117,0.999947140917
1525094111058448832,,,0,,1525094111,19959927,"""odom""","""base_link""",,,0.0799547510045,0.11791718232,0.0,,0.0,0.0,0.0100310970338,0.99994968728
1525094111161612134,,,0,,1525094111,120313883,"""odom""","""base_link""",,,0.0954051528021,0.129097372893,0.0,,0.0,0.0,0.0101223512971,0.99994876769
1525094111258374847,,,0,,1525094111,219942093,"""odom""","""base_link""",,,0.111072714149,0.129417243002,0.0,,0.0,0.0,0.0101680650191,0.999948303891
1525094111359372755,,,0,,1525094111,319889069,"""odom""","""base_link""",,,0.126718782697,0.129737367318,0.0,,0.0,0.0,0.0101855731979,0.999948125704
1525094111459167766,,,0,,1525094111,420092106,"""odom""","""base_link""",,,0.146266196258,0.130139521811,0.0,,0.0,0.0,0.0102313231239,0.999947658644
1525094111559190848,,,0,,1525094111,520169020,"""odom""","""base_link""",,,0.167727972787,0.130577058486,0.0,,0.0,0.0,0.0102587297797,0.999947377847
1525094111656490204,,,0,,1525094111,620471001,"""odom""","""base_link""",,,0.192962442129,0.131095003467,0.0,,0.0,0.0,0.0102671686199,0.999947291235
1525094111758991252,,,0,,1525094111,720329046,"""odom""","""base_link""",,,0.218231417505,0.131611932379,0.0,,0.0,0.0,0.01025335831,0.99994743294
1525094111858870812,,,0,,1525094111,820157051,"""odom""","""base_link""",,,0.247409349955,0.132209794618,0.0,,0.0,0.0,0.0102922801918,0.999947033081
1525094111959662645,,,0,,1525094111,920638084,"""odom""","""base_link""",,,0.278760677805,0.132852660467,0.0,,0.0,0.0,0.0102710452908,0.999947251423
1525094112059634120,,,0,,1525094112,20011902,"""odom""","""base_link""",,,0.312005439853,0.133535145335,0.0,,0.0,0.0,0.0102460134658,0.999947508226
1525094112161476950,,,0,,1525094112,120055914,"""odom""","""base_link""",,,0.325654928536,0.155077255398,0.0,,0.0,0.0,0.0102592262098,0.999947372754
1525094112259399938,,,0,,1525094112,220010996,"""odom""","""base_link""",,,0.360853015087,0.155798522742,0.0,,0.0,0.0,0.0102540470936,0.999947425877
1525094112359286453,,,0,,1525094112,320616961,"""odom""","""base_link""",,,0.396132551533,0.156519429267,0.0,,0.0,0.0,0.0103039718026,0.999946912673
1525094112459578330,,,0,,1525094112,420443058,"""odom""","""base_link""",,,0.434877500157,0.157314642836,0.0,,0.0,0.0,0.010273531002,0.999947225888
1525094112561066014,,,0,,1525094112,520240068,"""odom""","""base_link""",,,0.472022314039,0.158072747979,0.0,,0.0,0.0,0.0103333201585,0.999946609822
1525094112659249289,,,0,,1525094112,620274067,"""odom""","""base_link""",,,0.512911180986,0.158909144711,0.0,,0.0,0.0,0.0103726419773,0.999946202702
1525094112758006217,,,0,,1525094112,720169067,"""odom""","""base_link""",,,0.554295049865,0.159757688042,0.0,,0.0,0.0,0.0103633350911,0.999946299201
1525094112859470231,,,0,,1525094112,820303917,"""odom""","""base_link""",,,0.598917016269,0.160689115728,0.0,,0.0,0.0,0.0105415040949,0.999944436802
1525094112961092164,,,0,,1525094112,920164108,"""odom""","""base_link""",,,0.640246733604,0.161591364239,0.0,,0.0,0.0,0.0107931176754,0.999941752609
1525094113059307722,,,0,,1525094113,20132065,"""odom""","""base_link""",,,0.686992877577,0.162599082285,0.0,,0.0,0.0,0.010874461441,0.999940871296
1525094113161907300,,,0,,1525094113,120826960,"""odom""","""base_link""",,,0.658575305702,0.144937787471,0.0,,0.0,0.0,0.0109045528993,0.999940543596
1525094113260619439,,,0,,1525094113,219767094,"""odom""","""base_link""",,,0.707100855161,0.145985300552,0.0,,0.0,0.0,0.0109383223058,0.999940174763
1525094113360323925,,,0,,1525094113,320399046,"""odom""","""base_link""",,,0.757839448761,0.147078947207,0.0,,0.0,0.0,0.0109973182995,0.999939527667
1525094113460287951,,,0,,1525094113,419929028,"""odom""","""base_link""",,,0.808439037511,0.148172392757,0.0,,0.0,0.0,0.0109834886634,0.999939679669
1525094113560392620,,,0,,1525094113,520664930,"""odom""","""base_link""",,,0.859899146965,0.149281701969,0.0,,0.0,0.0,0.011014728356,0.99993933604
1525094113662504223,,,0,,1525094113,620367050,"""odom""","""base_link""",,,0.910240551237,0.150368896487,0.0,,0.0,0.0,0.0110260862853,0.999939210863
1525094113760067480,,,0,,1525094113,720614910,"""odom""","""base_link""",,,0.964548377058,0.151542932477,0.0,,0.0,0.0,0.0110142531694,0.999939341274
1525094113860400193,,,0,,1525094113,820118904,"""odom""","""base_link""",,,1.02310973232,0.152810460345,0.0,,0.0,0.0,0.0109789675325,0.99993972932
1525094113962490526,,,0,,1525094113,920768976,"""odom""","""base_link""",,,1.08037278036,0.154049035834,0.0,,0.0,0.0,0.0109435960001,0.99994011706
1525094114058975732,,,0,,1525094114,20066023,"""odom""","""base_link""",,,1.13342643744,0.155196012689,0.0,,0.0,0.0,0.0109046109233,0.999940542963
1525094114162664926,,,0,,1525094114,120429993,"""odom""","""base_link""",,,1.00971158053,0.111275865464,0.0,,0.0,0.0,0.0108905766865,0.999940695911
1525094114261764454,,,0,,1525094114,219811916,"""odom""","""base_link""",,,1.06979066788,0.112577052226,0.0,,0.0,0.0,0.0108263856139,0.99994139297
1525094114361369060,,,0,,1525094114,319746971,"""odom""","""base_link""",,,1.12866433227,0.113848454653,0.0,,0.0,0.0,0.0108224487429,0.999941435587
1525094114462729784,,,0,,1525094114,420233965,"""odom""","""base_link""",,,1.18386646115,0.115036266582,0.0,,0.0,0.0,0.0108762860736,0.999940851451
1525094114558692700,,,0,,1525094114,520474911,"""odom""","""base_link""",,,1.24039408817,0.116259818159,0.0,,0.0,0.0,0.0108199079964,0.999941463082
1525094114660913574,,,0,,1525094114,619900942,"""odom""","""base_link""",,,1.29668301139,0.117479179617,0.0,,0.0,0.0,0.0107441097166,0.999942280387
1525094114763321426,,,0,,1525094114,719899893,"""odom""","""base_link""",,,1.3513867138,0.11866264903,0.0,,0.0,0.0,0.0107052797151,0.999942696851
1525094114860282353,,,0,,1525094114,820327997,"""odom""","""base_link""",,,1.40606678003,0.119842181255,0.0,,0.0,0.0,0.0107265697691,0.999942468696
1525094114960834691,,,0,,1525094114,920125008,"""odom""","""base_link""",,,1.46078406775,0.121030281684,0.0,,0.0,0.0,0.0106047501404,0.999943768056
1525094115061889336,,,0,,1525094115,20559072,"""odom""","""base_link""",,,1.51565073913,0.122210560617,0.0,,0.0,0.0,0.0106919274794,0.99994283971
1525094115164600374,,,0,,1525094115,120232105,"""odom""","""base_link""",,,1.33784279895,0.119597890127,0.0,,0.0,0.0,0.0107023887051,0.999942727798
1525094115260729922,,,0,,1525094115,220103025,"""odom""","""base_link""",,,1.39251952649,0.120780738719,0.0,,0.0,0.0,0.0106411579883,0.999943381275
1525094115363230271,,,0,,1525094115,320137978,"""odom""","""base_link""",,,1.44545554399,0.121926766633,0.0,,0.0,0.0,0.010586696001,0.999943959364
1525094115462464873,,,0,,1525094115,420378923,"""odom""","""base_link""",,,1.49848201247,0.123072470193,0.0,,0.0,0.0,0.0105778015567,0.999944053492
1525094115560489584,,,0,,1525094115,520040989,"""odom""","""base_link""",,,1.55103492758,0.12420764056,0.0,,0.0,0.0,0.0105755662618,0.999944077135
1525094115660433345,,,0,,1525094115,620014906,"""odom""","""base_link""",,,1.60348454134,0.12533940018,0.0,,0.0,0.0,0.0105948299854,0.999943873214
1525094115762843897,,,0,,1525094115,719657898,"""odom""","""base_link""",,,1.65775122845,0.126510174285,0.0,,0.0,0.0,0.0106090032287,0.999943722942
1525094115860581368,,,0,,1525094115,820174932,"""odom""","""base_link""",,,1.71460083626,0.127737187566,0.0,,0.0,0.0,0.0106008153234,0.999943809779
1525094115962879606,,,0,,1525094115,920106888,"""odom""","""base_link""",,,1.76576395989,0.128843671434,0.0,,0.0,0.0,0.0105937157157,0.999943885019
1525094116060959583,,,0,,1525094116,20410061,"""odom""","""base_link""",,,1.82198564569,0.130054306903,0.0,,0.0,0.0,0.0106471931773,0.999943317032
1525094116167179682,,,0,,1525094116,119831085,"""odom""","""base_link""",,,1.66846397338,0.0991990237655,0.0,,0.0,0.0,0.0106306151513,0.999943493414
1525094116261024037,,,0,,1525094116,219795942,"""odom""","""base_link""",,,1.71754192378,0.100257065149,0.0,,0.0,0.0,0.0106775705659,0.999942993119
1525094116354640174,,,0,,1525094116,319674015,"""odom""","""base_link""",,,1.77001487608,0.101340883386,0.0,,0.0,0.0,0.0102015990287,0.999947962335
1525094116462426238,,,0,,1525094116,419888020,"""odom""","""base_link""",,,1.81905451687,0.102329845376,0.0,,0.0,0.0,0.0101881801707,0.999948099146
1525094116563752594,,,0,,1525094116,520421982,"""odom""","""base_link""",,,1.86976493939,0.103370949152,0.0,,0.0,0.0,0.010129239194,0.999948697941
1525094116655297868,,,0,,1525094116,623344898,"""odom""","""base_link""",,,1.92533489186,0.104508761159,0.0,,0.0,0.0,0.0101197044523,0.99994879448
1525094116764616246,,,0,,1525094116,720052004,"""odom""","""base_link""",,,1.97418111071,0.105512722128,0.0,,0.0,0.0,0.0100833923741,0.999949161307
1525094116865604960,,,0,,1525094116,820460081,"""odom""","""base_link""",,,2.02304567761,0.106515292806,0.0,,0.0,0.0,0.0100407375209,0.999949590524
1525094116962654775,,,0,,1525094116,920082092,"""odom""","""base_link""",,,2.06981412129,0.107473106294,0.0,,0.0,0.0,0.0100579803081,0.999949417237
1525094117063146828,,,0,,1525094117,19824982,"""odom""","""base_link""",,,2.11665665854,0.108434387651,0.0,,0.0,0.0,0.0100256974543,0.999949741432
1525094117165449034,,,0,,1525094117,120316982,"""odom""","""base_link""",,,1.94160105128,0.0830245462314,0.0,,0.0,0.0,0.0100421439879,0.999949576401
1525094117263079876,,,0,,1525094117,220257998,"""odom""","""base_link""",,,1.98623683165,0.083936247362,0.0,,0.0,0.0,0.0100993714498,0.999949000048
1525094117363472032,,,0,,1525094117,320223093,"""odom""","""base_link""",,,2.03105178095,0.0848546091508,0.0,,0.0,0.0,0.0100752015495,0.999949243869
1525094117463001434,,,0,,1525094117,420433998,"""odom""","""base_link""",,,2.07244123957,0.0857005704576,0.0,,0.0,0.0,0.0101359501707,0.999948629938
1525094117563220455,,,0,,1525094117,520226955,"""odom""","""base_link""",,,2.12059501388,0.0866892071661,0.0,,0.0,0.0,0.0100674611914,0.999949321828
1525094117662957424,,,0,,1525094117,620402098,"""odom""","""base_link""",,,2.1623109314,0.0875401190067,0.0,,0.0,0.0,0.0101660986756,0.999948323884
1525094117756126517,,,0,,1525094117,719913006,"""odom""","""base_link""",,,2.2029901735,0.0883745997166,0.0,,0.0,0.0,0.0101394328972,0.999948594629
1525094117865701674,,,0,,1525094117,819922924,"""odom""","""base_link""",,,2.24785068774,0.0892944668142,0.0,,0.0,0.0,0.010102736724,0.999948966053
1525094117964157748,,,0,,1525094117,920254946,"""odom""","""base_link""",,,2.28737638864,0.0901054070653,0.0,,0.0,0.0,0.0100720155762,0.999949275965
1525094118065979576,,,0,,1525094118,20407915,"""odom""","""base_link""",,,2.3358818986,0.0910948642565,0.0,,0.0,0.0,0.0101350266773,0.999948639298
1525094118167738335,,,0,,1525094118,120057106,"""odom""","""base_link""",,,2.11086223731,0.0889674408931,0.0,,0.0,0.0,0.0121044127436,0.999926738912
1525094118264104688,,,0,,1525094118,220278978,"""odom""","""base_link""",,,2.15782124246,0.0904832621043,0.0,,0.0,0.0,0.013598318575,0.999907538591
1525094118367783522,,,0,,1525094118,320950985,"""odom""","""base_link""",,,2.20476243986,0.0918390659694,0.0,,0.0,0.0,0.014191461953,0.999899296133
1525094118465285881,,,0,,1525094118,420537949,"""odom""","""base_link""",,,2.25736104811,0.0933591222527,0.0,,0.0,0.0,0.0144268571231,0.999895927481
1525094118566490952,,,0,,1525094118,520024061,"""odom""","""base_link""",,,2.31189192603,0.09495988602,0.0,,0.0,0.0,0.0144299580731,0.999895882735
1525094118666667802,,,0,,1525094118,620774984,"""odom""","""base_link""",,,2.36678936979,0.0965703856843,0.0,,0.0,0.0,0.0144919339662,0.999894986411
1525094118760089916,,,0,,1525094118,720427036,"""odom""","""base_link""",,,2.42883567505,0.0981994061459,0.0,,0.0,0.0,0.0135042660623,0.999908813242
1525094118859331940,,,0,,1525094118,819835901,"""odom""","""base_link""",,,2.48354691355,0.0996657235989,0.0,,0.0,0.0,0.0136613044201,0.999906680026
1525094118965765941,,,0,,1525094118,919857979,"""odom""","""base_link""",,,2.54452066866,0.101778450285,0.0,,0.0,0.0,0.0165901865704,0.999862373384
1525094119058738423,,,0,,1525094119,20036936,"""odom""","""base_link""",,,2.60694734374,0.104382438346,0.0,,0.0,0.0,0.0184087717573,0.999830544204
1525094119169673974,,,0,,1525094119,121104002,"""odom""","""base_link""",,,2.38934931542,0.102438040931,0.0,,0.0,0.0,0.019125135829,0.999817097863
1525094119265697908,,,0,,1525094119,219942093,"""odom""","""base_link""",,,2.44954330691,0.104775806285,0.0,,0.0,0.0,0.0196395109526,0.999807126205
1525094119367185295,,,0,,1525094119,320782900,"""odom""","""base_link""",,,2.51020700542,0.107839695164,0.0,,0.0,0.0,0.0227548975655,0.999741073797
1525094119466174006,,,0,,1525094119,419646025,"""odom""","""base_link""",,,2.57008644445,0.111066786232,0.0,,0.0,0.0,0.0252200693302,0.999681923465
1525094119566779451,,,0,,1525094119,520123959,"""odom""","""base_link""",,,2.63085181701,0.114295586932,0.0,,0.0,0.0,0.0261053814947,0.999659196455
1525094119667070706,,,0,,1525094119,620395899,"""odom""","""base_link""",,,2.69329111593,0.11761973626,0.0,,0.0,0.0,0.0259404430048,0.999663490089
1525094119767924677,,,0,,1525094119,719609022,"""odom""","""base_link""",,,2.75716358523,0.120963517311,0.0,,0.0,0.0,0.0264241289654,0.999650821741
1525094119865090518,,,0,,1525094119,820547104,"""odom""","""base_link""",,,2.81831425041,0.124529571161,0.0,,0.0,0.0,0.0282796245227,0.999600051439
1525094119967006283,,,0,,1525094119,919800997,"""odom""","""base_link""",,,2.88031029308,0.128604845709,0.0,,0.0,0.0,0.032228282705,0.999480533974
1525094120066467119,,,0,,1525094120,19782066,"""odom""","""base_link""",,,2.94486199277,0.133388368915,0.0,,0.0,0.0,0.0354684867368,0.999370795275
1525094120167540133,,,0,,1525094120,120134115,"""odom""","""base_link""",,,2.79057251953,0.151062670623,0.0,,0.0,0.0,0.0376676000488,0.999290324133
1525094120266551581,,,0,,1525094120,220197916,"""odom""","""base_link""",,,2.85291596536,0.155733656939,0.0,,0.0,0.0,0.0373892108023,0.999300779003
1525094120369664233,,,0,,1525094120,319964886,"""odom""","""base_link""",,,2.91518944573,0.160298695944,0.0,,0.0,0.0,0.0369619394957,0.999316674047
1525094120466539247,,,0,,1525094120,420067072,"""odom""","""base_link""",,,2.97960064717,0.165003605555,0.0,,0.0,0.0,0.036623581643,0.999329131602
1525094120567545167,,,0,,1525094120,520061970,"""odom""","""base_link""",,,3.04366125265,0.16984752886,0.0,,0.0,0.0,0.0370112763023,0.999314847997
1525094120666873651,,,0,,1525094120,620352983,"""odom""","""base_link""",,,3.10818079014,0.174748540054,0.0,,0.0,0.0,0.0378093228987,0.999284971918
1525094120769935980,,,0,,1525094120,720607996,"""odom""","""base_link""",,,3.172277601,0.179901458954,0.0,,0.0,0.0,0.039341947516,0.999225805895
1525094120866885280,,,0,,1525094120,819835901,"""odom""","""base_link""",,,3.23649683015,0.18527276152,0.0,,0.0,0.0,0.0415601552095,0.999136003505
1525094120966517749,,,0,,1525094120,920044899,"""odom""","""base_link""",,,3.30060241878,0.190996538141,0.0,,0.0,0.0,0.0433559958716,0.999059686716
1525094121066494971,,,0,,1525094121,20051003,"""odom""","""base_link""",,,3.36499545679,0.196806946475,0.0,,0.0,0.0,0.0444222050929,0.999012846611
1525094121168933420,,,0,,1525094121,120174885,"""odom""","""base_link""",,,3.12511653611,0.184759096902,0.0,,0.0,0.0,0.0434436382554,0.999055879466
1525094121266672432,,,0,,1525094121,219599962,"""odom""","""base_link""",,,3.18922967267,0.189975188033,0.0,,0.0,0.0,0.041502258705,0.999138410093
1525094121366876131,,,0,,1525094121,320041895,"""odom""","""base_link""",,,3.25360732779,0.195011226531,0.0,,0.0,0.0,0.0398575499696,0.999205372138
1525094121467007027,,,0,,1525094121,420013905,"""odom""","""base_link""",,,3.31797244294,0.199629416689,0.0,,0.0,0.0,0.0371640795807,0.999309176976
1525094121568098062,,,0,,1525094121,520754099,"""odom""","""base_link""",,,3.38235709504,0.204270040919,0.0,,0.0,0.0,0.0364725266309,0.999334656059
1525094121669902703,,,0,,1525094121,620039940,"""odom""","""base_link""",,,3.44445603855,0.208943712923,0.0,,0.0,0.0,0.0368113167218,0.999322233797
1525094121766764173,,,0,,1525094121,719574928,"""odom""","""base_link""",,,3.50671048693,0.213691277363,0.0,,0.0,0.0,0.0374907932194,0.999296973088
1525094121870671191,,,0,,1525094121,820295095,"""odom""","""base_link""",,,3.56919237743,0.218439321817,0.0,,0.0,0.0,0.0377095663143,0.99928874136
1525094121966019386,,,0,,1525094121,919804096,"""odom""","""base_link""",,,3.63135227907,0.223170937447,0.0,,0.0,0.0,0.0377722122878,0.999286375359
1525094122067330834,,,0,,1525094122,20118952,"""odom""","""base_link""",,,3.69954946371,0.228355076006,0.0,,0.0,0.0,0.0378749277857,0.999282487511
1525094122169498520,,,0,,1525094122,120260954,"""odom""","""base_link""",,,3.51395378806,0.201054312083,0.0,,0.0,0.0,0.0378217419311,0.99928450195
1525094122266394795,,,0,,1525094122,219897985,"""odom""","""base_link""",,,3.57620883326,0.205790913033,0.0,,0.0,0.0,0.0379170247629,0.999280891058
1525094122367286032,,,0,,1525094122,320077896,"""odom""","""base_link""",,,3.64055395286,0.210614035203,0.0,,0.0,0.0,0.0374920271446,0.999296926794
1525094122467291717,,,0,,1525094122,420599937,"""odom""","""base_link""",,,3.70855172312,0.215725530371,0.0,,0.0,0.0,0.0373625294376,0.999301776939
1525094122569576150,,,0,,1525094122,520567894,"""odom""","""base_link""",,,3.7711591683,0.220432542396,0.0,,0.0,0.0,0.0372513295699,0.999305928355
1525094122671239911,,,0,,1525094122,620158911,"""odom""","""base_link""",,,3.83928065112,0.225541976159,0.0,,0.0,0.0,0.0372911463053,0.999304443304
1525094122770126272,,,0,,1525094122,720360994,"""odom""","""base_link""",,,3.90939679865,0.230779542323,0.0,,0.0,0.0,0.0370876645422,0.999312015908
1525094122867878724,,,0,,1525094122,820070028,"""odom""","""base_link""",,,3.97726574037,0.235814081848,0.0,,0.0,0.0,0.0368476794997,0.999320893665
1525094122971419192,,,0,,1525094122,920104980,"""odom""","""base_link""",,,4.04410661336,0.240768946249,0.0,,0.0,0.0,0.036681411959,0.999327010551
1525094123071048904,,,0,,1525094123,20153999,"""odom""","""base_link""",,,4.11844108228,0.246257681059,0.0,,0.0,0.0,0.0367939496672,0.999322873384
1525094123173515533,,,0,,1525094123,120340109,"""odom""","""base_link""",,,3.94072332703,0.253066697319,0.0,,0.0,0.0,0.0363736031263,0.999338261549
1525094123270409374,,,0,,1525094123,219858885,"""odom""","""base_link""",,,4.01065046235,0.258174222098,0.0,,0.0,0.0,0.0361416172131,0.999346678338
1525094123371228045,,,0,,1525094123,320740938,"""odom""","""base_link""",,,4.08432151351,0.263487269069,0.0,,0.0,0.0,0.035973226323,0.99935275403
1525094123471487940,,,0,,1525094123,420048952,"""odom""","""base_link""",,,4.15664057585,0.268680012373,0.0,,0.0,0.0,0.035700597002,0.999362530503
1525094123567989233,,,0,,1525094123,520551920,"""odom""","""base_link""",,,4.22920791692,0.273899482116,0.0,,0.0,0.0,0.0355114006903,0.999369271301
1525094123672616281,,,0,,1525094123,620496035,"""odom""","""base_link""",,,4.30688169557,0.279441305756,0.0,,0.0,0.0,0.0353110014747,0.999376372132
1525094123770087046,,,0,,1525094123,720360994,"""odom""","""base_link""",,,4.3773016415,0.284392657428,0.0,,0.0,0.0,0.0351197312811,0.999383111962
1525094123872726802,,,0,,1525094123,819987059,"""odom""","""base_link""",,,4.45669746981,0.290010736849,0.0,,0.0,0.0,0.0349573611245,0.999388804672
1525094123971499485,,,0,,1525094123,920213938,"""odom""","""base_link""",,,4.53655032242,0.29563997383,0.0,,0.0,0.0,0.0350011473085,0.999387272126
1525094124072552051,,,0,,1525094124,20227909,"""odom""","""base_link""",,,4.62042394082,0.301526106441,0.0,,0.0,0.0,0.0348937535408,0.999391027558
1525094124173536259,,,0,,1525094124,120554924,"""odom""","""base_link""",,,4.46777607791,0.307207765472,0.0,,0.0,0.0,0.0345824893015,0.999401846823
1525094124270487303,,,0,,1525094124,219907999,"""odom""","""base_link""",,,4.54546560617,0.312583945494,0.0,,0.0,0.0,0.0342710052503,0.999412576566
1525094124371402893,,,0,,1525094124,320353031,"""odom""","""base_link""",,,4.62362802195,0.317902789349,0.0,,0.0,0.0,0.0340505105665,0.999420113231
1525094124471247273,,,0,,1525094124,419693947,"""odom""","""base_link""",,,4.70131579083,0.323220291379,0.0,,0.0,0.0,0.0339436736516,0.999423747476
1525094124573516888,,,0,,1525094124,519989014,"""odom""","""base_link""",,,4.77938335054,0.328551262655,0.0,,0.0,0.0,0.0340192465322,0.999421177915
1525094124671966368,,,0,,1525094124,620146036,"""odom""","""base_link""",,,4.85739823083,0.333884318008,0.0,,0.0,0.0,0.0340244034751,0.999421002365
1525094124774204208,,,0,,1525094124,719928980,"""odom""","""base_link""",,,4.93312823488,0.339066710542,0.0,,0.0,0.0,0.0339266724325,0.999424324748
1525094124871182024,,,0,,1525094124,819962025,"""odom""","""base_link""",,,5.00564721625,0.344028698804,0.0,,0.0,0.0,0.0339235419212,0.999424431012
1525094124974011032,,,0,,1525094124,920126915,"""odom""","""base_link""",,,5.0833177195,0.349329933896,0.0,,0.0,0.0,0.0340356547303,0.999420619263
1525094125074631311,,,0,,1525094125,20143986,"""odom""","""base_link""",,,5.15764183358,0.354397897295,0.0,,0.0,0.0,0.0336529529859,0.999433578961
1525094125173886902,,,0,,1525094125,120076895,"""odom""","""base_link""",,,4.85392971757,0.327606820043,0.0,,0.0,0.0,0.0334940065835,0.999438918355
1525094125274400701,,,0,,1525094125,220068932,"""odom""","""base_link""",,,4.92199632853,0.332177602441,0.0,,0.0,0.0,0.0335186741721,0.99943809137
1525094125370142845,,,0,,1525094125,320281982,"""odom""","""base_link""",,,4.99045640532,0.336785206018,0.0,,0.0,0.0,0.0335048972182,0.99943855332
1525094125471127270,,,0,,1525094125,419688940,"""odom""","""base_link""",,,5.05668676223,0.341241634027,0.0,,0.0,0.0,0.0334782466357,0.999439446391
1525094125572269590,,,0,,1525094125,520350933,"""odom""","""base_link""",,,5.12677568558,0.345954611303,0.0,,0.0,0.0,0.0334858837033,0.999439190543
1525094125671565314,,,0,,1525094125,620098114,"""odom""","""base_link""",,,5.19091747297,0.35072161927,0.0,,0.0,0.0,0.036774934496,0.99932357332
1525094125769589894,,,0,,1525094125,719815969,"""odom""","""base_link""",,,5.25319938013,0.355861282337,0.0,,0.0,0.0,0.039349258607,0.999225518012
1525094125875369520,,,0,,1525094125,819993973,"""odom""","""base_link""",,,5.31914547977,0.361619331665,0.0,,0.0,0.0,0.0417391784429,0.999128540771
1525094125974068217,,,0,,1525094125,920149088,"""odom""","""base_link""",,,5.38541149711,0.367092262293,0.0,,0.0,0.0,0.0416251870484,0.999133296314
1525094126074286852,,,0,,1525094126,20090103,"""odom""","""base_link""",,,5.44789550013,0.372252499872,0.0,,0.0,0.0,0.0414056834445,0.999142416965
1525094126176438729,,,0,,1525094126,119874954,"""odom""","""base_link""",,,5.17372812731,0.349066579131,0.0,,0.0,0.0,0.0415275113731,0.999137360826
1525094126273895004,,,0,,1525094126,219655991,"""odom""","""base_link""",,,5.23222224558,0.354389535761,0.0,,0.0,0.0,0.043679159392,0.999045610087
1525094126375045501,,,0,,1525094126,320291996,"""odom""","""base_link""",,,5.29446927276,0.359869146211,0.0,,0.0,0.0,0.0434006862469,0.999057746296
1525094126473309162,,,0,,1525094126,419954062,"""odom""","""base_link""",,,5.35291545957,0.364451614438,0.0,,0.0,0.0,0.0409460524264,0.999161358736
1525094126575412231,,,0,,1525094126,520292997,"""odom""","""base_link""",,,5.41140049513,0.368785976942,0.0,,0.0,0.0,0.0387147129616,0.999250304478
1525094126674674220,,,0,,1525094126,620208979,"""odom""","""base_link""",,,5.47343994552,0.373466098726,0.0,,0.0,0.0,0.0381128330607,0.999273442035
1525094126777353993,,,0,,1525094126,720206976,"""odom""","""base_link""",,,5.5357850763,0.378073477235,0.0,,0.0,0.0,0.0372179828459,0.99930717087
1525094126875101291,,,0,,1525094126,820689917,"""odom""","""base_link""",,,5.60182861101,0.382754851354,0.0,,0.0,0.0,0.0363196326999,0.999340224488
1525094126974581076,,,0,,1525094126,919755936,"""odom""","""base_link""",,,5.66420189668,0.387400419535,0.0,,0.0,0.0,0.0368989915327,0.999319000332
1525094127074987573,,,0,,1525094127,19956112,"""odom""","""base_link""",,,5.72873840545,0.392498396379,0.0,,0.0,0.0,0.0389769597334,0.999240109588
1525094127177191129,,,0,,1525094127,120238066,"""odom""","""base_link""",,,5.42175952849,0.366872756507,0.0,,0.0,0.0,0.0413037998942,0.99914663394
1525094127274607343,,,0,,1525094127,219825029,"""odom""","""base_link""",,,5.4838457122,0.372236866854,0.0,,0.0,0.0,0.0423691304862,0.999102025212
1525094127373727995,,,0,,1525094127,319931984,"""odom""","""base_link""",,,5.55351383431,0.378145117616,0.0,,0.0,0.0,0.0424096484866,0.999100306133
1525094127475237136,,,0,,1525094127,419926882,"""odom""","""base_link""",,,5.62039786772,0.383762710003,0.0,,0.0,0.0,0.0419613401275,0.999119235094
1525094127574544800,,,0,,1525094127,519881010,"""odom""","""base_link""",,,5.69558334544,0.389959053628,0.0,,0.0,0.0,0.0414466810763,0.99914071713
1525094127675609201,,,0,,1525094127,620107889,"""odom""","""base_link""",,,5.76974155236,0.396191187432,0.0,,0.0,0.0,0.0416373359564,0.999132790101
1525094127775712990,,,0,,1525094127,719876051,"""odom""","""base_link""",,,5.84352831096,0.402867300072,0.0,,0.0,0.0,0.0438295446138,0.999039023772
1525094127875264740,,,0,,1525094127,820189953,"""odom""","""base_link""",,,5.91759728179,0.410010676531,0.0,,0.0,0.0,0.0464953475489,0.998918506514
1525094127975418802,,,0,,1525094127,919930935,"""odom""","""base_link""",,,5.99514669735,0.417647794758,0.0,,0.0,0.0,0.0473258339933,0.998879504964
1525094128076234967,,,0,,1525094128,19911051,"""odom""","""base_link""",,,6.07307593256,0.424599205051,0.0,,0.0,0.0,0.0458786976618,0.998947018165
1525094128180586420,,,0,,1525094128,120141983,"""odom""","""base_link""",,,5.79813812072,0.398309352912,0.0,,0.0,0.0,0.0446498183064,0.999002699559
1525094128272416110,,,0,,1525094128,219973087,"""odom""","""base_link""",,,5.88281127865,0.406271713136,0.0,,0.0,0.0,0.0456443568209,0.998957753206
1525094128375809055,,,0,,1525094128,319983006,"""odom""","""base_link""",,,5.96568591674,0.41364880444,0.0,,0.0,0.0,0.0446935763321,0.99900074286
1525094128478125836,,,0,,1525094128,419740915,"""odom""","""base_link""",,,6.05060871775,0.420826584042,0.0,,0.0,0.0,0.0432201871187,0.999065571134
1525094128576659438,,,0,,1525094128,520030975,"""odom""","""base_link""",,,6.13579287541,0.428154951209,0.0,,0.0,0.0,0.0429555505371,0.99907698436
1525094128675847948,,,0,,1525094128,620533943,"""odom""","""base_link""",,,6.21870722664,0.434684968495,0.0,,0.0,0.0,0.040412090192,0.999183097819
1525094128778977806,,,0,,1525094128,720011950,"""odom""","""base_link""",,,6.3039623553,0.44115223324,0.0,,0.0,0.0,0.0383878593023,0.999262914482
1525094128877299803,,,0,,1525094128,820060015,"""odom""","""base_link""",,,6.39545374973,0.447243395385,0.0,,0.0,0.0,0.0352680369648,0.999377889273
1525094128978792414,,,0,,1525094128,920130014,"""odom""","""base_link""",,,6.48328890739,0.452984193488,0.0,,0.0,0.0,0.0335139963084,0.999438248243
1525094129076158029,,,0,,1525094129,20159960,"""odom""","""base_link""",,,6.57053288384,0.458521262515,0.0,,0.0,0.0,0.032658016204,0.999466584723
1525094129177974523,,,0,,1525094129,119894028,"""odom""","""base_link""",,,6.44263700029,0.446913020465,0.0,,0.0,0.0,0.0338237971507,0.999427811673
1525094129278722903,,,0,,1525094129,220144033,"""odom""","""base_link""",,,6.53191518033,0.452666406206,0.0,,0.0,0.0,0.0325604187688,0.999469768992
1525094129378915386,,,0,,1525094129,320528030,"""odom""","""base_link""",,,6.62376284593,0.458178582977,0.0,,0.0,0.0,0.0304536217729,0.999536180896
1525094129478644970,,,0,,1525094129,420033932,"""odom""","""base_link""",,,6.71095500718,0.463395607037,0.0,,0.0,0.0,0.0301256295336,0.999546120219
1525094129578408256,,,0,,1525094129,520100117,"""odom""","""base_link""",,,6.80266673346,0.468758356831,0.0,,0.0,0.0,0.0285302180818,0.999592930475
1525094129679489708,,,0,,1525094129,619982004,"""odom""","""base_link""",,,6.89214881198,0.473951627466,0.0,,0.0,0.0,0.0293088986727,0.999570401952
1525094129769824814,,,0,,1525094129,719924927,"""odom""","""base_link""",,,6.98414201162,0.479097797545,0.0,,0.0,0.0,0.0283273781183,0.999598699303
1525094129875257408,,,0,,1525094129,819791079,"""odom""","""base_link""",,,7.08338177265,0.484573510129,0.0,,0.0,0.0,0.0276484897421,0.999617707434
1525094129974900959,,,0,,1525094129,919990063,"""odom""","""base_link""",,,7.17002306901,0.489308306516,0.0,,0.0,0.0,0.0274063655281,0.999624375017
1525094130076650349,,,0,,1525094130,20229101,"""odom""","""base_link""",,,7.2611222428,0.494274673539,0.0,,0.0,0.0,0.0271291406393,0.999631937129
1525094130181210184,,,0,,1525094130,120271921,"""odom""","""base_link""",,,7.01988769337,0.462478652941,0.0,,0.0,0.0,0.0271507934296,0.999631349256
1525094130279774183,,,0,,1525094130,220089912,"""odom""","""base_link""",,,7.10024229887,0.466811732136,0.0,,0.0,0.0,0.0263353755933,0.999653163849
1525094130378921780,,,0,,1525094130,320410967,"""odom""","""base_link""",,,7.18233407923,0.470857437725,0.0,,0.0,0.0,0.025605403702,0.999672127901
1525094130480483045,,,0,,1525094130,419724941,"""odom""","""base_link""",,,7.26033286836,0.474925163624,0.0,,0.0,0.0,0.0258822937001,0.999664997323
1525094130579402627,,,0,,1525094130,520251989,"""odom""","""base_link""",,,7.33666377406,0.478779069414,0.0,,0.0,0.0,0.0251941369102,0.999682577354
1525094130679619611,,,0,,1525094130,620624065,"""odom""","""base_link""",,,7.41433805644,0.482648796996,0.0,,0.0,0.0,0.0250139973894,0.999687101014
1525094130779766527,,,0,,1525094130,719660044,"""odom""","""base_link""",,,7.48994964134,0.48644420139,0.0,,0.0,0.0,0.0251939195398,0.999682582832
1525094130880490095,,,0,,1525094130,820142031,"""odom""","""base_link""",,,7.56431448781,0.490688486175,0.0,,0.0,0.0,0.0274131535047,0.99962418889
1525094130978917084,,,0,,1525094130,920243025,"""odom""","""base_link""",,,7.64057279873,0.495641827499,0.0,,0.0,0.0,0.0299851267717,0.999550344991
1525094131078267199,,,0,,1525094131,20194054,"""odom""","""base_link""",,,7.7125742156,0.500262889446,0.0,,0.0,0.0,0.0310641518349,0.999517392781
1525094131179527166,,,0,,1525094131,120821953,"""odom""","""base_link""",,,7.36142856555,0.474111981351,0.0,,0.0,0.0,0.0306087178131,0.999531443424
1525094131281104727,,,0,,1525094131,220123053,"""odom""","""base_link""",,,7.43389243341,0.478306416569,0.0,,0.0,0.0,0.0294757680454,0.999565495152
1525094131379152701,,,0,,1525094131,320291996,"""odom""","""base_link""",,,7.50571917978,0.482344954372,0.0,,0.0,0.0,0.0287757956168,0.99958589105
1525094131478827167,,,0,,1525094131,420001984,"""odom""","""base_link""",,,7.57735313638,0.486653218505,0.0,,0.0,0.0,0.0291841409276,0.999574052243
1525094131579171411,,,0,,1525094131,520215988,"""odom""","""base_link""",,,7.65198988116,0.491115728482,0.0,,0.0,0.0,0.0294846847371,0.999565232171
1525094131679995164,,,0,,1525094131,620277882,"""odom""","""base_link""",,,7.72247548685,0.495304206147,0.0,,0.0,0.0,0.0295585997813,0.999563049126
1525094131781524733,,,0,,1525094131,719696045,"""odom""","""base_link""",,,7.79404415306,0.499561257876,0.0,,0.0,0.0,0.0295215125249,0.999564145164
1525094131879761205,,,0,,1525094131,820069075,"""odom""","""base_link""",,,7.86595320212,0.503829803799,0.0,,0.0,0.0,0.0296098705296,0.999561531656
1525094131980070433,,,0,,1525094131,920351982,"""odom""","""base_link""",,,7.93814445712,0.508068050563,0.0,,0.0,0.0,0.029207370391,0.999573373752
1525094132079721959,,,0,,1525094132,19917965,"""odom""","""base_link""",,,8.00849333156,0.512118293781,0.0,,0.0,0.0,0.0288241967094,0.99958449652
1525094132184979142,,,0,,1525094132,120225906,"""odom""","""base_link""",,,7.75348730783,0.502999810646,0.0,,0.0,0.0,0.0286324299531,0.999590007931
1525094132282643858,,,0,,1525094132,220213890,"""odom""","""base_link""",,,7.8275103335,0.507243977257,0.0,,0.0,0.0,0.0285062088806,0.999593615453
1525094132382624172,,,0,,1525094132,320329905,"""odom""","""base_link""",,,7.90019581156,0.511403965611,0.0,,0.0,0.0,0.0285109603579,0.99959347994
1525094132482928673,,,0,,1525094132,420267105,"""odom""","""base_link""",,,7.97054397412,0.515424429002,0.0,,0.0,0.0,0.0285660717991,0.999591906501
1525094132583185383,,,0,,1525094132,520013094,"""odom""","""base_link""",,,8.04071717264,0.519442846703,0.0,,0.0,0.0,0.0285153007864,0.999593356131
1525094132683350505,,,0,,1525094132,620487928,"""odom""","""base_link""",,,8.11406141779,0.523634498391,0.0,,0.0,0.0,0.028535844594,0.999592769868
1525094132782971642,,,0,,1525094132,720206022,"""odom""","""base_link""",,,8.18264719143,0.527565011344,0.0,,0.0,0.0,0.0284616487004,0.999594885218
1525094132882876286,,,0,,1525094132,820169926,"""odom""","""base_link""",,,8.25429833933,0.531659042368,0.0,,0.0,0.0,0.0285200247875,0.999593221359
1525094132982787731,,,0,,1525094132,920507908,"""odom""","""base_link""",,,8.32529255726,0.535719943673,0.0,,0.0,0.0,0.0285604764787,0.999592066387
1525094133083294445,,,0,,1525094133,19992113,"""odom""","""base_link""",,,8.39850073391,0.539902027296,0.0,,0.0,0.0,0.0286236558578,0.999590259219
1525094133185274229,,,0,,1525094133,120496988,"""odom""","""base_link""",,,8.1330668999,0.529896930585,0.0,,0.0,0.0,0.0285774619119,0.999591580932
1525094133282970217,,,0,,1525094133,220155001,"""odom""","""base_link""",,,8.20305182746,0.533904707284,0.0,,0.0,0.0,0.0285233791309,0.999593125648
1525094133383599450,,,0,,1525094133,320120096,"""odom""","""base_link""",,,8.27325214896,0.537919161323,0.0,,0.0,0.0,0.0285492984023,0.999592385706
1525094133483194171,,,0,,1525094133,420622110,"""odom""","""base_link""",,,8.34340887513,0.541936324121,0.0,,0.0,0.0,0.0285004005689,0.999593781077
1525094133584277240,,,0,,1525094133,520144939,"""odom""","""base_link""",,,8.41151391073,0.545831542592,0.0,,0.0,0.0,0.0285091955803,0.999593530275
1525094133684228801,,,0,,1525094133,619949102,"""odom""","""base_link""",,,8.48135745916,0.54982624714,0.0,,0.0,0.0,0.0285273223277,0.999593013121
1525094133784665033,,,0,,1525094133,720113993,"""odom""","""base_link""",,,8.55164431319,0.553844504837,0.0,,0.0,0.0,0.0285705591579,0.999591778252
1525094133885161227,,,0,,1525094133,820512056,"""odom""","""base_link""",,,8.61889553864,0.557695938295,0.0,,0.0,0.0,0.0285179815571,0.999593279653
1525094133983556668,,,0,,1525094133,920032978,"""odom""","""base_link""",,,8.68665729053,0.561571238663,0.0,,0.0,0.0,0.0285371352422,0.999592733023
1525094134084587450,,,0,,1525094134,20561934,"""odom""","""base_link""",,,8.75467134417,0.565462823933,0.0,,0.0,0.0,0.0285254592926,0.999593066289
1525094134185104581,,,0,,1525094134,119968891,"""odom""","""base_link""",,,8.38906821696,0.537831497889,0.0,,0.0,0.0,0.0285466180319,0.999592462256
1525094134283504368,,,0,,1525094134,220376968,"""odom""","""base_link""",,,8.4556608268,0.541640237121,0.0,,0.0,0.0,0.0285606468163,0.99959206152
1525094134383624130,,,0,,1525094134,320358038,"""odom""","""base_link""",,,8.52770374045,0.545762321771,0.0,,0.0,0.0,0.0285557466706,0.999592201516
1525094134483996969,,,0,,1525094134,420609951,"""odom""","""base_link""",,,8.59386859989,0.549547370599,0.0,,0.0,0.0,0.0285535481885,0.999592264319
1525094134583714663,,,0,,1525094134,520018101,"""odom""","""base_link""",,,8.66341856312,0.553530418328,0.0,,0.0,0.0,0.0284944070457,0.999593951946
1525094134683718927,,,0,,1525094134,620511055,"""odom""","""base_link""",,,8.72859248865,0.557256551585,0.0,,0.0,0.0,0.0285309699748,0.999592909015
1525094134783914992,,,0,,1525094134,720547915,"""odom""","""base_link""",,,8.79657569614,0.561142085363,0.0,,0.0,0.0,0.028584666867,0.999591374923
1525094134885939105,,,0,,1525094134,820317030,"""odom""","""base_link""",,,8.85912184878,0.564720951559,0.0,,0.0,0.0,0.0285736387669,0.999591690225
1525094134984616683,,,0,,1525094134,920119047,"""odom""","""base_link""",,,8.92866861639,0.568703227378,0.0,,0.0,0.0,0.0285171200774,0.999593304231
1525094135083477763,,,0,,1525094135,20299911,"""odom""","""base_link""",,,8.99157901175,0.572301041939,0.0,,0.0,0.0,0.0285427339814,0.99959257317
1525094135185838448,,,0,,1525094135,120251894,"""odom""","""base_link""",,,8.75536673819,0.562687393322,0.0,,0.0,0.0,0.0285384651753,0.999592695054
1525094135286063257,,,0,,1525094135,219985962,"""odom""","""base_link""",,,8.81831297012,0.566290928442,0.0,,0.0,0.0,0.0285059122882,0.999593623912
1525094135385560792,,,0,,1525094135,320203066,"""odom""","""base_link""",,,8.88287457174,0.570617563074,0.0,,0.0,0.0,0.0316094033861,0.999500297958
1525094135483865886,,,0,,1525094135,420068979,"""odom""","""base_link""",,,8.95043153568,0.575822086638,0.0,,0.0,0.0,0.0365965874403,0.999330120525
1525094135583474265,,,0,,1525094135,520076990,"""odom""","""base_link""",,,9.01307230017,0.581894194233,0.0,,0.0,0.0,0.0438014852214,0.99904025439
1525094135683588021,,,0,,1525094135,619831085,"""odom""","""base_link""",,,9.0772533604,0.588585140439,0.0,,0.0,0.0,0.0490633891675,0.998795666712
1525094135784279061,,,0,,1525094135,719958067,"""odom""","""base_link""",,,9.14115551109,0.595547508437,0.0,,0.0,0.0,0.051881066416,0.998653270634
1525094135886628299,,,0,,1525094135,820030928,"""odom""","""base_link""",,,9.20320847975,0.601979496171,0.0,,0.0,0.0,0.0515575037182,0.998670027492
1525094135986224105,,,0,,1525094135,920466900,"""odom""","""base_link""",,,9.27282509307,0.609156451396,0.0,,0.0,0.0,0.0514073742381,0.998677766787
1525094136085525445,,,0,,1525094136,20251036,"""odom""","""base_link""",,,9.33537649698,0.615566769162,0.0,,0.0,0.0,0.0509445108475,0.998701485337
1525094136186235792,,,0,,1525094136,120202065,"""odom""","""base_link""",,,9.08928869973,0.601015836397,0.0,,0.0,0.0,0.0522420471383,0.998634451895
1525094136284287426,,,0,,1525094136,220405102,"""odom""","""base_link""",,,9.15316215261,0.607988789731,0.0,,0.0,0.0,0.0531048307156,0.998588942936
1525094136386435138,,,0,,1525094136,320355892,"""odom""","""base_link""",,,9.21521002464,0.614900535271,0.0,,0.0,0.0,0.0551619228618,0.998477422011
1525094136484224738,,,0,,1525094136,420386076,"""odom""","""base_link""",,,9.28106005569,0.622615374308,0.0,,0.0,0.0,0.0575250080596,0.998344065665
1525094136584481050,,,0,,1525094136,520484924,"""odom""","""base_link""",,,9.3431372084,0.630042803106,0.0,,0.0,0.0,0.0588374458552,0.998267576838
1525094136687452361,,,0,,1525094136,619978905,"""odom""","""base_link""",,,9.40501359981,0.637428131599,0.0,,0.0,0.0,0.0593292763539,0.998238466984
1525094136780368687,,,0,,1525094136,720187902,"""odom""","""base_link""",,,9.47098028574,0.64493226955,0.0,,0.0,0.0,0.0570465895822,0.998371517331
1525094136884483166,,,0,,1525094136,820326090,"""odom""","""base_link""",,,9.53358182544,0.651538621738,0.0,,0.0,0.0,0.0548009117656,0.998497300983
1525094136986981377,,,0,,1525094136,920114040,"""odom""","""base_link""",,,9.59534128385,0.658182374847,0.0,,0.0,0.0,0.0539840097308,0.998541800173
1525094137084764341,,,0,,1525094137,20343065,"""odom""","""base_link""",,,9.65766413013,0.665137437138,0.0,,0.0,0.0,0.0549077434631,0.998491431965
1525094137189164175,,,0,,1525094137,120469093,"""odom""","""base_link""",,,9.3724685331,0.630762653683,0.0,,0.0,0.0,0.0578811863379,0.998323478772
1525094137284803375,,,0,,1525094137,220367908,"""odom""","""base_link""",,,9.43430859677,0.638428510134,0.0,,0.0,0.0,0.0599548656852,0.998201089
1525094137387087365,,,0,,1525094137,320497990,"""odom""","""base_link""",,,9.49660203938,0.645923879703,0.0,,0.0,0.0,0.0600001328388,0.998198369093
1525094137485334993,,,0,,1525094137,420034885,"""odom""","""base_link""",,,9.56058163679,0.653473589575,0.0,,0.0,0.0,0.059120665806,0.998250843663
1525094137587308593,,,0,,1525094137,520266056,"""odom""","""base_link""",,,9.62448207939,0.660891261974,0.0,,0.0,0.0,0.0583752920414,0.99829470863
1525094137687061196,,,0,,1525094137,619930983,"""odom""","""base_link""",,,9.68650771936,0.668264630586,0.0,,0.0,0.0,0.0588272899602,0.99826817537
1525094137786234378,,,0,,1525094137,720825911,"""odom""","""base_link""",,,9.74881581238,0.675914337815,0.0,,0.0,0.0,0.060562663667,0.998164397166
1525094137886705268,,,0,,1525094137,819974899,"""odom""","""base_link""",,,9.80684225947,0.683151892713,0.0,,0.0,0.0,0.0611673686364,0.998127523423
1525094137987415481,,,0,,1525094137,920469999,"""odom""","""base_link""",,,9.86529322673,0.690161217374,0.0,,0.0,0.0,0.0605862495559,0.998162965835
1525094138086819613,,,0,,1525094138,20227909,"""odom""","""base_link""",,,9.93051207041,0.698004263313,0.0,,0.0,0.0,0.0601892893693,0.998186981204
1525094138188865301,,,0,,1525094138,120518923,"""odom""","""base_link""",,,9.75129100474,0.68171498801,0.0,,0.0,0.0,0.0610297051927,0.998135950201
1525094138289196957,,,0,,1525094138,220361948,"""odom""","""base_link""",,,9.81321486436,0.689733325775,0.0,,0.0,0.0,0.0630867661125,0.99800804603
1525094138387629042,,,0,,1525094138,320579052,"""odom""","""base_link""",,,9.87153796113,0.697455224424,0.0,,0.0,0.0,0.0644897445231,0.997918369834
1525094138487543372,,,0,,1525094138,420079947,"""odom""","""base_link""",,,9.93088229569,0.705250277035,0.0,,0.0,0.0,0.0649163443095,0.997890709568
1525094138588063545,,,0,,1525094138,520035982,"""odom""","""base_link""",,,9.99116315196,0.713131155771,0.0,,0.0,0.0,0.0650596751973,0.997881375046
1525094138688171675,,,0,,1525094138,620157003,"""odom""","""base_link""",,,10.0529193961,0.721228192302,0.0,,0.0,0.0,0.065119555481,0.997877469178
1525094138787750341,,,0,,1525094138,719865084,"""odom""","""base_link""",,,10.112814283,0.729103729347,0.0,,0.0,0.0,0.0651440798272,0.997875868464
1525094138888422650,,,0,,1525094138,819879055,"""odom""","""base_link""",,,10.1730396857,0.736986807421,0.0,,0.0,0.0,0.0652066775239,0.997871779943
1525094138987478584,,,0,,1525094138,919996977,"""odom""","""base_link""",,,10.2350344847,0.745123383059,0.0,,0.0,0.0,0.0651884946253,0.997872967952
1525094139087467998,,,0,,1525094139,20167112,"""odom""","""base_link""",,,10.2969600566,0.753250604999,0.0,,0.0,0.0,0.0651669352571,0.997874376136
1525094139190659221,,,0,,1525094139,119982958,"""odom""","""base_link""",,,9.94950562666,0.720363890557,0.0,,0.0,0.0,0.0651832667254,0.997873309463
1525094139288952260,,,0,,1525094139,220016956,"""odom""","""base_link""",,,10.0132228399,0.728711690603,0.0,,0.0,0.0,0.0651895652808,0.997872898008
1525094139390504998,,,0,,1525094139,319971085,"""odom""","""base_link""",,,10.075224738,0.736847540305,0.0,,0.0,0.0,0.0651916227228,0.997872763596
1525094139488647557,,,0,,1525094139,419784069,"""odom""","""base_link""",,,10.137174068,0.744979059229,0.0,,0.0,0.0,0.0651483683242,0.99787558849
1525094139590308285,,,0,,1525094139,519993067,"""odom""","""base_link""",,,10.1994309745,0.753152193595,0.0,,0.0,0.0,0.0651114275236,0.99787799956
1525094139691084025,,,0,,1525094139,619836092,"""odom""","""base_link""",,,10.2568656112,0.760701349775,0.0,,0.0,0.0,0.0651265471359,0.997877012892
1525094139790197430,,,0,,1525094139,719901085,"""odom""","""base_link""",,,10.3152424062,0.76834996456,0.0,,0.0,0.0,0.0650940533,0.997879133074
1525094139890641076,,,0,,1525094139,819963932,"""odom""","""base_link""",,,10.3772881002,0.776495041084,0.0,,0.0,0.0,0.0650402353692,0.99788264229
1525094139990391422,,,0,,1525094139,919948101,"""odom""","""base_link""",,,10.4390359402,0.784592565698,0.0,,0.0,0.0,0.0651128868743,0.997877904336
1525094140091254000,,,0,,1525094140,20085096,"""odom""","""base_link""",,,10.5011363951,0.792739917502,0.0,,0.0,0.0,0.0651491444599,0.997875537818
1525094140192258981,,,0,,1525094140,120011091,"""odom""","""base_link""",,,10.1614258856,0.760168040076,0.0,,0.0,0.0,0.0652202233037,0.997870894691
1525094140287144718,,,0,,1525094140,219990969,"""odom""","""base_link""",,,10.2215715655,0.768069998993,0.0,,0.0,0.0,0.0651537123406,0.997875239581
1525094140391612133,,,0,,1525094140,320024967,"""odom""","""base_link""",,,10.2832122201,0.776158020145,0.0,,0.0,0.0,0.0651557343772,0.997875107555
1525094140488741301,,,0,,1525094140,420063019,"""odom""","""base_link""",,,10.3416879241,0.783836070297,0.0,,0.0,0.0,0.0650969256243,0.997878945701
1525094140591749553,,,0,,1525094140,520458937,"""odom""","""base_link""",,,10.4035404716,0.791952724597,0.0,,0.0,0.0,0.0650889548063,0.997879465648
1525094140691542988,,,0,,1525094140,620116949,"""odom""","""base_link""",,,10.4674564918,0.800334946227,0.0,,0.0,0.0,0.0651189262261,0.997877510242
1525094140791344855,,,0,,1525094140,720036983,"""odom""","""base_link""",,,10.5311069757,0.808690258695,0.0,,0.0,0.0,0.0651177383053,0.997877587762
1525094140890587125,,,0,,1525094140,820038080,"""odom""","""base_link""",,,10.5908589371,0.816531001484,0.0,,0.0,0.0,0.0651641785066,0.997874556164
1525094140990980607,,,0,,1525094140,920013905,"""odom""","""base_link""",,,10.6523741173,0.824604285388,0.0,,0.0,0.0,0.0651420961694,0.997875997961
1525094141091662796,,,0,,1525094141,19864082,"""odom""","""base_link""",,,10.7128718183,0.832542973061,0.0,,0.0,0.0,0.0651173986948,0.997877609924
1525094141194923459,,,0,,1525094141,120301962,"""odom""","""base_link""",,,10.3736274982,0.799416362938,0.0,,0.0,0.0,0.0652298046262,0.997870268416
1525094141288005834,,,0,,1525094141,220242023,"""odom""","""base_link""",,,10.4355061556,0.807539775764,0.0,,0.0,0.0,0.0651781496403,0.997873643709
1525094141391198264,,,0,,1525094141,319919109,"""odom""","""base_link""",,,10.4973126301,0.815651559224,0.0,,0.0,0.0,0.0651591191986,0.997874886539
1525094141493695970,,,0,,1525094141,469578981,"""odom""","""base_link""",,,10.5902085788,0.827845348838,0.0,,0.0,0.0,0.065152810431,0.997875298468
1525094141591985959,,,0,,1525094141,569531918,"""odom""","""base_link""",,,10.6521460162,0.83597611329,0.0,,0.0,0.0,0.0651043267459,0.99787846286
1525094141692459036,,,0,,1525094141,669392109,"""odom""","""base_link""",,,10.713902805,0.844078555478,0.0,,0.0,0.0,0.065130231437,0.997876772429
1525094141783727767,,,0,,1525094141,720325947,"""odom""","""base_link""",,,10.7454247567,0.848212575854,0.0,,0.0,0.0,0.0651371765053,0.997876319108
1525094141893164477,,,0,,1525094141,869545937,"""odom""","""base_link""",,,10.8439479969,0.861142287751,0.0,,0.0,0.0,0.0651181205602,0.997877562818
1525094141987782788,,,0,,1525094141,920418024,"""odom""","""base_link""",,,10.8732172477,0.864981474082,0.0,,0.0,0.0,0.0651404837615,0.997876103219
1525094142095822380,,,0,,1525094142,69621086,"""odom""","""base_link""",,,10.9753955352,0.878393126132,0.0,,0.0,0.0,0.0650848980575,0.997879730251
1525094142191911287,,,0,,1525094142,169681072,"""odom""","""base_link""",,,10.607983384,0.841268257373,0.0,,0.0,0.0,0.0651483138186,0.997875592049
1525094142292155883,,,0,,1525094142,269998074,"""odom""","""base_link""",,,10.6720156696,0.849668827155,0.0,,0.0,0.0,0.065111332837,0.997878005738
1525094142389856043,,,0,,1525094142,369642973,"""odom""","""base_link""",,,10.7357277097,0.858034970668,0.0,,0.0,0.0,0.0650944638089,0.997879106296
1525094142492161051,,,0,,1525094142,469615936,"""odom""","""base_link""",,,10.8070298758,0.867393359921,0.0,,0.0,0.0,0.0650370800527,0.997882847943
1525094142597582260,,,0,,1525094142,570411921,"""odom""","""base_link""",,,10.869487696,0.875585981356,0.0,,0.0,0.0,0.0650653211958,0.997881006923
1525094142692283823,,,0,,1525094142,670417070,"""odom""","""base_link""",,,10.9353019248,0.884220606673,0.0,,0.0,0.0,0.0650970907806,0.997878934927
1525094142791557737,,,0,,1525094142,770272017,"""odom""","""base_link""",,,11.0010276968,0.892844058756,0.0,,0.0,0.0,0.0651200066721,0.997877439734
1525094142892006142,,,0,,1525094142,870137930,"""odom""","""base_link""",,,11.0667031244,0.901466179474,0.0,,0.0,0.0,0.0650676117239,0.99788085757
1525094142992978643,,,0,,1525094142,970506907,"""odom""","""base_link""",,,11.1341720058,0.910319633332,0.0,,0.0,0.0,0.0650789950561,0.997880115246
1525094143092570501,,,0,,1525094143,70255041,"""odom""","""base_link""",,,11.2020921614,0.919228488026,0.0,,0.0,0.0,0.0651311200597,0.997876714429
1525094143194754199,,,0,,1525094143,170788050,"""odom""","""base_link""",,,10.923628054,0.884654649744,0.0,,0.0,0.0,0.0651248499346,0.997877123659
1525094143292302659,,,0,,1525094143,270353079,"""odom""","""base_link""",,,10.9928705848,0.893745613546,0.0,,0.0,0.0,0.0650515652573,0.997881903763
1525094143391733347,,,0,,1525094143,370064020,"""odom""","""base_link""",,,11.0625761002,0.902894278414,0.0,,0.0,0.0,0.0650314969473,0.997883211806
1525094143491546403,,,0,,1525094143,470542908,"""odom""","""base_link""",,,11.1323694564,0.912049610196,0.0,,0.0,0.0,0.0650825919498,0.99787988066
1525094143591837224,,,0,,1525094143,570604086,"""odom""","""base_link""",,,11.1998061096,0.920897169762,0.0,,0.0,0.0,0.0651260216207,0.99787704719
1525094143692409164,,,0,,1525094143,670068026,"""odom""","""base_link""",,,11.2677045274,0.929807045034,0.0,,0.0,0.0,0.0651197183817,0.997877458548
1525094143793283198,,,0,,1525094143,770153999,"""odom""","""base_link""",,,11.335967202,0.938762650418,0.0,,0.0,0.0,0.0651450704775,0.997875803791
1525094143892203987,,,0,,1525094143,870733976,"""odom""","""base_link""",,,11.4035269331,0.947634075581,0.0,,0.0,0.0,0.0650760930322,0.997880304503
1525094143992682175,,,0,,1525094143,971127033,"""odom""","""base_link""",,,11.4710402235,0.956491038873,0.0,,0.0,0.0,0.0651234929107,0.997877212222
1525094144091569327,,,0,,1525094144,70511103,"""odom""","""base_link""",,,11.5406840395,0.965627133086,0.0,,0.0,0.0,0.06516600756,0.99787443672
1525094144196636523,,,0,,1525094144,170777082,"""odom""","""base_link""",,,11.180073325,0.924717071979,0.0,,0.0,0.0,0.0652023752468,0.997872061069
1525094144291078034,,,0,,1525094144,270427942,"""odom""","""base_link""",,,11.251378361,0.934080601846,0.0,,0.0,0.0,0.0651273370746,0.997876961336
1525094144393905296,,,0,,1525094144,370186090,"""odom""","""base_link""",,,11.3209739457,0.943212624719,0.0,,0.0,0.0,0.0651417792862,0.997876018647
1525094144494539559,,,0,,1525094144,470506907,"""odom""","""base_link""",,,11.3907146143,0.952363056831,0.0,,0.0,0.0,0.0651657056815,0.997874456434
1525094144594356575,,,0,,1525094144,570796013,"""odom""","""base_link""",,,11.4625315191,0.961784818752,0.0,,0.0,0.0,0.0651935806986,0.997872635678
1525094144692993205,,,0,,1525094144,669887066,"""odom""","""base_link""",,,11.5321199418,0.970916961649,0.0,,0.0,0.0,0.0651912536771,0.997872787706
1525094144791691284,,,0,,1525094144,770827055,"""odom""","""base_link""",,,11.6020915693,0.980102644955,0.0,,0.0,0.0,0.065146041052,0.997875740428
1525094144892686670,,,0,,1525094144,869817972,"""odom""","""base_link""",,,11.6742421467,0.989573872782,0.0,,0.0,0.0,0.0651085185863,0.997878189364
1525094144994541823,,,0,,1525094144,970145941,"""odom""","""base_link""",,,11.746309672,0.999030564035,0.0,,0.0,0.0,0.0651126298829,0.997877921105
1525094145091205509,,,0,,1525094145,70033073,"""odom""","""base_link""",,,11.8204155975,1.00875283338,0.0,,0.0,0.0,0.0651328140911,0.997876603859
1525094145197193726,,,0,,1525094145,170743942,"""odom""","""base_link""",,,11.5466469564,0.972330975013,0.0,,0.0,0.0,0.0650769975598,0.997880245515
1525094145293709348,,,0,,1525094145,270710945,"""odom""","""base_link""",,,11.6227903557,0.982318956195,0.0,,0.0,0.0,0.0651014143393,0.997878652869
1525094145393708186,,,0,,1525094145,370130062,"""odom""","""base_link""",,,11.6943948572,0.991713361044,0.0,,0.0,0.0,0.065143418555,0.997875911634
1525094145494976457,,,0,,1525094145,470293999,"""odom""","""base_link""",,,11.7670555984,1.00124735492,0.0,,0.0,0.0,0.0651723240074,0.997874024205
1525094145591814845,,,0,,1525094145,570426941,"""odom""","""base_link""",,,11.8412933368,1.01099167548,0.0,,0.0,0.0,0.0651200614826,0.997877436158
1525094145691720366,,,0,,1525094145,670598984,"""odom""","""base_link""",,,11.9149859611,1.02066207837,0.0,,0.0,0.0,0.0651227031741,0.997877263761
1525094145792014655,,,0,,1525094145,770323038,"""odom""","""base_link""",,,11.9883001957,1.03028152559,0.0,,0.0,0.0,0.0651441632725,0.997875863017
1525094145895066719,,,0,,1525094145,870660067,"""odom""","""base_link""",,,12.0636138522,1.04017203249,0.0,,0.0,0.0,0.0650541174307,0.997881737384
1525094145991851097,,,0,,1525094145,970343113,"""odom""","""base_link""",,,12.1393207661,1.0501044081,0.0,,0.0,0.0,0.0650822164241,0.997879905152
1525094146092077568,,,0,,1525094146,70297003,"""odom""","""base_link""",,,12.215202421,1.06006259741,0.0,,0.0,0.0,0.0650757618674,0.9978803261
1525094146196570253,,,0,,1525094146,170919895,"""odom""","""base_link""",,,11.8320859008,1.01792892509,0.0,,0.0,0.0,0.0651645874919,0.997874529456
1525094146293498916,,,0,,1525094146,270359993,"""odom""","""base_link""",,,11.9069482161,1.02775314109,0.0,,0.0,0.0,0.0651732527919,0.997873963545
1525094146394525837,,,0,,1525094146,370008945,"""odom""","""base_link""",,,11.9841173848,1.03788154979,0.0,,0.0,0.0,0.0651499421977,0.997875485735
1525094146494840424,,,0,,1525094146,470963001,"""odom""","""base_link""",,,12.0617861632,1.0480769329,0.0,,0.0,0.0,0.0651113407013,0.997878005225
1525094146592174613,,,0,,1525094146,571021080,"""odom""","""base_link""",,,12.1392666338,1.05824061734,0.0,,0.0,0.0,0.0651633949111,0.997874607335
1525094146693729408,,,0,,1525094146,670141935,"""odom""","""base_link""",,,12.2164638168,1.06837459134,0.0,,0.0,0.0,0.065117663257,0.99787759266
1525094146788629046,,,0,,1525094146,770381927,"""odom""","""base_link""",,,12.2961224273,1.0788282105,0.0,,0.0,0.0,0.065106670008,0.997878309976
1525094146893523085,,,0,,1525094146,870194912,"""odom""","""base_link""",,,12.3767040812,1.08940404216,0.0,,0.0,0.0,0.0650984126103,0.997878848696
1525094146994179606,,,0,,1525094146,970453024,"""odom""","""base_link""",,,12.457960406,1.10006502044,0.0,,0.0,0.0,0.0651266057404,0.997877009067
1525094147093212816,,,0,,1525094147,70977926,"""odom""","""base_link""",,,12.5342916127,1.11007781185,0.0,,0.0,0.0,0.0651785787458,0.997873615681
1525094147196418413,,,0,,1525094147,170767069,"""odom""","""base_link""",,,12.1733577728,1.07156038803,0.0,,0.0,0.0,0.0652389245652,0.997869672213
1525094147294968982,,,0,,1525094147,270912886,"""odom""","""base_link""",,,12.2507608367,1.08172451244,0.0,,0.0,0.0,0.0651553812674,0.997875130611
1525094147395759803,,,0,,1525094147,370625973,"""odom""","""base_link""",,,12.3281080421,1.09187534001,0.0,,0.0,0.0,0.0651462319708,0.997875727964
1525094147494060286,,,0,,1525094147,470601082,"""odom""","""base_link""",,,12.4055274756,1.1020043016,0.0,,0.0,0.0,0.0649752905674,0.997886873155
1525094147595527044,,,0,,1525094147,570641041,"""odom""","""base_link""",,,12.4942360203,1.11351540951,0.0,,0.0,0.0,0.0647134269702,0.997903889345
1525094147695852702,,,0,,1525094147,670043945,"""odom""","""base_link""",,,12.5720488845,1.12364026182,0.0,,0.0,0.0,0.0646433213933,0.997908433174
1525094147795317783,,,0,,1525094147,770361900,"""odom""","""base_link""",,,12.6540929988,1.1343243057,0.0,,0.0,0.0,0.0645356184274,0.997915404207
1525094147895330095,,,0,,1525094147,870357037,"""odom""","""base_link""",,,12.7347745828,1.14481390971,0.0,,0.0,0.0,0.0645930910396,0.997911685767
1525094147995119690,,,0,,1525094147,970705986,"""odom""","""base_link""",,,12.8182361208,1.15567530627,0.0,,0.0,0.0,0.0645563224498,0.997914065054
1525094148094301407,,,0,,1525094148,70681095,"""odom""","""base_link""",,,12.8973890954,1.16597478072,0.0,,0.0,0.0,0.0645293482568,0.997915809682
1525094148197790808,,,0,,1525094148,170551062,"""odom""","""base_link""",,,12.5155524266,1.12339769957,0.0,,0.0,0.0,0.0646149407059,0.997910271236
1525094148287957583,,,0,,1525094148,270941019,"""odom""","""base_link""",,,12.5973315257,1.13403941175,0.0,,0.0,0.0,0.0645851814046,0.997912197712
1525094148395393239,,,0,,1525094148,370465040,"""odom""","""base_link""",,,12.6800214678,1.1448276627,0.0,,0.0,0.0,0.0647859874272,0.997899181197
1525094148494722018,,,0,,1525094148,470307112,"""odom""","""base_link""",,,12.7670540865,1.15620928898,0.0,,0.0,0.0,0.0646736670444,0.997906466955
1525094148594040651,,,0,,1525094148,570337057,"""odom""","""base_link""",,,12.848822245,1.16685307797,0.0,,0.0,0.0,0.0646455797451,0.997908286878
1525094148695507592,,,0,,1525094148,670325994,"""odom""","""base_link""",,,12.9338541697,1.17791767991,0.0,,0.0,0.0,0.0646226727338,0.997909770555
1525094148795476482,,,0,,1525094148,770613909,"""odom""","""base_link""",,,13.01545732,1.18853465375,0.0,,0.0,0.0,0.0646164821518,0.997910171425
1525094148895271027,,,0,,1525094148,871087074,"""odom""","""base_link""",,,13.1021840059,1.19981918776,0.0,,0.0,0.0,0.0645943717315,0.997911602869
1525094148995100531,,,0,,1525094148,969986916,"""odom""","""base_link""",,,13.190992964,1.21137280157,0.0,,0.0,0.0,0.0645919595359,0.997911759006
1525094149095366800,,,0,,1525094149,70770979,"""odom""","""base_link""",,,13.2766039164,1.22251436799,0.0,,0.0,0.0,0.0645458194543,0.99791474445
1525094149198705901,,,0,,1525094149,170211077,"""odom""","""base_link""",,,12.9206632275,1.18413609051,0.0,,0.0,0.0,0.0645329015573,0.997915579905
1525094149291914663,,,0,,1525094149,269716024,"""odom""","""base_link""",,,13.0059379249,1.19522720653,0.0,,0.0,0.0,0.0645738071201,0.997912933794
1525094149396238319,,,0,,1525094149,370651960,"""odom""","""base_link""",,,13.091506499,1.20635418765,0.0,,0.0,0.0,0.0646387806383,0.997908727308
1525094149495315672,,,0,,1525094149,470607996,"""odom""","""base_link""",,,13.17513847,1.21723680138,0.0,,0.0,0.0,0.0646084621029,0.997910690706
1525094149595338975,,,0,,1525094149,570939064,"""odom""","""base_link""",,,13.2605714216,1.22835025694,0.0,,0.0,0.0,0.0646205707668,0.997909906672
1525094149695372431,,,0,,1525094149,670957088,"""odom""","""base_link""",,,13.34574922,1.23943395843,0.0,,0.0,0.0,0.0645940863417,0.997911621342
1525094149798566208,,,0,,1525094149,770745039,"""odom""","""base_link""",,,13.4309136392,1.25051281332,0.0,,0.0,0.0,0.0646031173161,0.997911036733
1525094149897871151,,,0,,1525094149,870119095,"""odom""","""base_link""",,,13.5180736987,1.26186077958,0.0,,0.0,0.0,0.0645007913602,0.997917655878
1525094149995266343,,,0,,1525094149,970072985,"""odom""","""base_link""",,,13.603430925,1.27296284801,0.0,,0.0,0.0,0.0645277243687,0.997915914688
1525094150096490553,,,0,,1525094150,70476055,"""odom""","""base_link""",,,13.6885240791,1.28402600621,0.0,,0.0,0.0,0.0646133265844,0.997910375749
1525094150198700355,,,0,,1525094150,170469046,"""odom""","""base_link""",,,13.2999044881,1.24012999856,0.0,,0.0,0.0,0.0646649103812,0.99790703443
1525094150298066071,,,0,,1525094150,270160913,"""odom""","""base_link""",,,13.3849088112,1.2512002074,0.0,,0.0,0.0,0.0645407795231,0.997915070424
1525094150398262285,,,0,,1525094150,370146990,"""odom""","""base_link""",,,13.4700375878,1.26227640872,0.0,,0.0,0.0,0.0645276277662,0.997915920935
1525094150497827073,,,0,,1525094150,470254898,"""odom""","""base_link""",,,13.5568644829,1.27291079249,0.0,,0.0,0.0,0.0621550127137,0.998066508002
1525094150598964564,,,0,,1525094150,571096897,"""odom""","""base_link""",,,13.6445645457,1.28356950632,0.0,,0.0,0.0,0.0612298626262,0.998123691695
1525094150698175659,,,0,,1525094150,670311928,"""odom""","""base_link""",,,13.7371847962,1.29491750258,0.0,,0.0,0.0,0.0609078070141,0.998143396033
1525094150797825219,,,0,,1525094150,770216942,"""odom""","""base_link""",,,13.8242848188,1.30559101794,0.0,,0.0,0.0,0.0610278202746,0.99813606545
1525094150898666612,,,0,,1525094150,870600939,"""odom""","""base_link""",,,13.9095611772,1.31614148889,0.0,,0.0,0.0,0.0611759818158,0.998126995552
1525094150998230923,,,0,,1525094150,970055103,"""odom""","""base_link""",,,13.9985174083,1.32695906632,0.0,,0.0,0.0,0.0601234847128,0.998190946957
1525094151097956856,,,0,,1525094151,69953918,"""odom""","""base_link""",,,14.0840889988,1.33653443023,0.0,,0.0,0.0,0.0579949233317,0.998316877984
1525094151199703048,,,0,,1525094151,170449018,"""odom""","""base_link""",,,13.8036205829,1.299899429,0.0,,0.0,0.0,0.055969222033,0.998432494556
1525094151298614128,,,0,,1525094151,270364046,"""odom""","""base_link""",,,13.8890977905,1.30859714453,0.0,,0.0,0.0,0.0530425125119,0.99859225506
1525094151397087519,,,0,,1525094151,370744944,"""odom""","""base_link""",,,13.9746650176,1.31716668046,0.0,,0.0,0.0,0.0511119801726,0.998692928523
1525094151498708101,,,0,,1525094151,470861912,"""odom""","""base_link""",,,14.0631479785,1.3257097039,0.0,,0.0,0.0,0.0493732985972,0.998780394975
1525094151599165268,,,0,,1525094151,570218086,"""odom""","""base_link""",,,14.1488073017,1.33367327469,0.0,,0.0,0.0,0.0469117047765,0.998899039921
1525094151698599095,,,0,,1525094151,670463085,"""odom""","""base_link""",,,14.2366813744,1.34145912344,0.0,,0.0,0.0,0.0457186234095,0.998954357052
1525094151798873681,,,0,,1525094151,770275116,"""odom""","""base_link""",,,14.3224033232,1.34928243047,0.0,,0.0,0.0,0.044922355463,0.998990481426
1525094151898698115,,,0,,1525094151,870342970,"""odom""","""base_link""",,,14.4100444691,1.35698553229,0.0,,0.0,0.0,0.0442496222885,0.999020505759
1525094151998398011,,,0,,1525094151,970468044,"""odom""","""base_link""",,,14.4937769706,1.36430531858,0.0,,0.0,0.0,0.043563685361,0.999050652028
1525094152098059278,,,0,,1525094152,70322990,"""odom""","""base_link""",,,14.5827083647,1.37207567617,0.0,,0.0,0.0,0.0437375227624,0.999043056681
1525094152201361934,,,0,,1525094152,170469046,"""odom""","""base_link""",,,14.2792202831,1.32787572057,0.0,,0.0,0.0,0.043052081964,0.999072829297
1525094152298097497,,,0,,1525094152,270324945,"""odom""","""base_link""",,,14.3648937771,1.33507835457,0.0,,0.0,0.0,0.0428691493451,0.999080695457
1525094152399933828,,,0,,1525094152,370435953,"""odom""","""base_link""",,,14.4542475799,1.34213432163,0.0,,0.0,0.0,0.0402964111179,0.999187769767
1525094152496579201,,,0,,1525094152,471086025,"""odom""","""base_link""",,,14.5458039392,1.34900180926,0.0,,0.0,0.0,0.0388064851927,0.999246744657
1525094152599283750,,,0,,1525094152,570516109,"""odom""","""base_link""",,,14.6350678571,1.35513298979,0.0,,0.0,0.0,0.0360987747345,0.999348226827
1525094152702050868,,,0,,1525094152,670352936,"""odom""","""base_link""",,,14.7226368276,1.36124229238,0.0,,0.0,0.0,0.0351387804117,0.999382442367
1525094152800455720,,,0,,1525094152,770883083,"""odom""","""base_link""",,,14.8087757274,1.3667232087,0.0,,0.0,0.0,0.0327190720943,0.999464587828
1525094152900892924,,,0,,1525094152,869920015,"""odom""","""base_link""",,,14.8942825167,1.37195506459,0.0,,0.0,0.0,0.0312798793003,0.999510664851
1525094152998383540,,,0,,1525094152,969912052,"""odom""","""base_link""",,,14.9823409293,1.37714956164,0.0,,0.0,0.0,0.029646176653,0.999560455505
1525094153099650932,,,0,,1525094153,70413113,"""odom""","""base_link""",,,15.0685411493,1.38200570159,0.0,,0.0,0.0,0.028883408176,0.999582787333
1525094153202812417,,,0,,1525094153,170618057,"""odom""","""base_link""",,,14.7019322847,1.33133526043,0.0,,0.0,0.0,0.02847745547,0.999594435024
1525094153299628237,,,0,,1525094153,270488024,"""odom""","""base_link""",,,14.7860195778,1.3361823454,0.0,,0.0,0.0,0.0284956497821,0.99959391652
1525094153399492926,,,0,,1525094153,370399952,"""odom""","""base_link""",,,14.8807710342,1.34158376572,0.0,,0.0,0.0,0.0285326590072,0.999592860804
1525094153500350228,,,0,,1525094153,470463991,"""odom""","""base_link""",,,14.9654649114,1.34645392261,0.0,,0.0,0.0,0.0284771059198,0.999594444982
1525094153601933720,,,0,,1525094153,570416927,"""odom""","""base_link""",,,15.0511502592,1.35134982367,0.0,,0.0,0.0,0.0285595526288,0.999592092783
1525094153701644475,,,0,,1525094153,669600964,"""odom""","""base_link""",,,15.1365475263,1.35624235001,0.0,,0.0,0.0,0.0285498206088,0.999592370791
1525094153798536023,,,0,,1525094153,770131111,"""odom""","""base_link""",,,15.2227303722,1.36116726881,0.0,,0.0,0.0,0.0285621932009,0.999592017335
1525094153899896354,,,0,,1525094153,870038986,"""odom""","""base_link""",,,15.3083431808,1.36607281933,0.0,,0.0,0.0,0.0284923950741,0.999594009297
1525094153999042965,,,0,,1525094153,970343113,"""odom""","""base_link""",,,15.3957410658,1.37105209886,0.0,,0.0,0.0,0.0285503532476,0.999592355578
1525094154099519018,,,0,,1525094154,70749044,"""odom""","""base_link""",,,15.481551382,1.37596294293,0.0,,0.0,0.0,0.0285463853972,0.9995924689
1525094154199579011,,,0,,1525094154,169935942,"""odom""","""base_link""",,,15.1663172788,1.32952603038,0.0,,0.0,0.0,0.0283599686789,0.999597775196
1525094154297112968,,,0,,1525094154,270179033,"""odom""","""base_link""",,,15.2522654614,1.33443365393,0.0,,0.0,0.0,0.0284751655218,0.999594500259
1525094154399882054,,,0,,1525094154,370681047,"""odom""","""base_link""",,,15.3402254285,1.33947010753,0.0,,0.0,0.0,0.0285745453182,0.999591664311
1525094154500073189,,,0,,1525094154,469641924,"""odom""","""base_link""",,,15.4313107775,1.34467387954,0.0,,0.0,0.0,0.0285673986271,0.999591868582
1525094154601884477,,,0,,1525094154,570209026,"""odom""","""base_link""",,,15.5153763826,1.34948761639,0.0,,0.0,0.0,0.0283996594617,0.999596648325
1525094154699075627,,,0,,1525094154,669672012,"""odom""","""base_link""",,,15.600724537,1.35436317787,0.0,,0.0,0.0,0.028535867746,0.999592769208
1525094154802044900,,,0,,1525094154,771006107,"""odom""","""base_link""",,,15.690848888,1.35951639506,0.0,,0.0,0.0,0.0285592417661,0.999592101664
1525094154902468967,,,0,,1525094154,870300055,"""odom""","""base_link""",,,15.776753922,1.36443607034,0.0,,0.0,0.0,0.0285209901212,0.999593193816
1525094155000823909,,,0,,1525094154,970236063,"""odom""","""base_link""",,,15.8646212267,1.36947043649,0.0,,0.0,0.0,0.0285217495181,0.999593172148
1525094155100099591,,,0,,1525094155,70204973,"""odom""","""base_link""",,,15.9527783702,1.37452230429,0.0,,0.0,0.0,0.0284847457002,0.999594227305
1525094155204409747,,,0,,1525094155,170522928,"""odom""","""base_link""",,,15.5470352981,1.31796715948,0.0,,0.0,0.0,0.0282711226163,0.99960029193
1525094155302030788,,,0,,1525094155,270366907,"""odom""","""base_link""",,,15.6309059049,1.32274096824,0.0,,0.0,0.0,0.0285029395839,0.999593708681
1525094155400628745,,,0,,1525094155,369940042,"""odom""","""base_link""",,,15.714912375,1.32755307203,0.0,,0.0,0.0,0.0284950973735,0.999593932267
1525094155502288956,,,0,,1525094155,470866919,"""odom""","""base_link""",,,15.7973938012,1.33226840538,0.0,,0.0,0.0,0.0285221879934,0.999593159636
1525094155603577708,,,0,,1525094155,570940018,"""odom""","""base_link""",,,15.8808945866,1.33703615579,0.0,,0.0,0.0,0.0285986467057,0.999590975053
1525094155698920314,,,0,,1525094155,670232058,"""odom""","""base_link""",,,15.9664402786,1.34193344353,0.0,,0.0,0.0,0.0285748013858,0.999591656991
1525094155803011775,,,0,,1525094155,770694971,"""odom""","""base_link""",,,16.0515158684,1.34680539849,0.0,,0.0,0.0,0.028618728961,0.99959040029
1525094155902293081,,,0,,1525094155,870208025,"""odom""","""base_link""",,,16.1387121733,1.35188798271,0.0,,0.0,0.0,0.0295130002447,0.999564396533
1525094156002112741,,,0,,1525094155,970341921,"""odom""","""base_link""",,,16.2260439426,1.35722955347,0.0,,0.0,0.0,0.0308769205543,0.999523194217
1525094156103097921,,,0,,1525094156,70318937,"""odom""","""base_link""",,,16.3117340981,1.36276694402,0.0,,0.0,0.0,0.0329031049005,0.999458546258
1525094156205043576,,,0,,1525094156,170830965,"""odom""","""base_link""",,,15.9903096392,1.3229656268,0.0,,0.0,0.0,0.0359456080893,0.999353747809
1525094156299985577,,,0,,1525094156,270538092,"""odom""","""base_link""",,,16.0797813986,1.32976223362,0.0,,0.0,0.0,0.0396982728487,0.999211712868
1525094156401764357,,,0,,1525094156,370635986,"""odom""","""base_link""",,,16.1695232611,1.33732356797,0.0,,0.0,0.0,0.0434439810219,0.999055864561
1525094156503080006,,,0,,1525094156,470972061,"""odom""","""base_link""",,,16.2592168934,1.34551236749,0.0,,0.0,0.0,0.0471713191781,0.998886813732
1525094156603027634,,,0,,1525094156,570669889,"""odom""","""base_link""",,,16.3507298199,1.35445468891,0.0,,0.0,0.0,0.0509561130816,0.998700893431
1525094156701230094,,,0,,1525094156,670972109,"""odom""","""base_link""",,,16.4403761805,1.36410077836,0.0,,0.0,0.0,0.0549928799427,0.99848674661
1525094156800763595,,,0,,1525094156,770052910,"""odom""","""base_link""",,,16.5328429496,1.37474559763,0.0,,0.0,0.0,0.0590485526787,0.998255111896
1525094156900727250,,,0,,1525094156,869894981,"""odom""","""base_link""",,,16.625757945,1.38623724071,0.0,,0.0,0.0,0.0632494080811,0.99799775169
1525094157002165453,,,0,,1525094156,970160961,"""odom""","""base_link""",,,16.7165930057,1.39840295644,0.0,,0.0,0.0,0.0675373476033,0.997716746717
1525094157102790711,,,0,,1525094157,70734978,"""odom""","""base_link""",,,16.8151001883,1.41209584588,0.0,,0.0,0.0,0.0704067058054,0.997518368642
1525094157202494055,,,0,,1525094157,170046091,"""odom""","""base_link""",,,16.3670825283,1.35303795647,0.0,,0.0,0.0,0.0725792242149,0.997362650299
1525094157300387724,,,0,,1525094157,270533085,"""odom""","""base_link""",,,16.4632778795,1.36653296695,0.0,,0.0,0.0,0.0729918638301,0.997332536226
1525094157400622529,,,0,,1525094157,370089054,"""odom""","""base_link""",,,16.5563340055,1.37913058607,0.0,,0.0,0.0,0.0714493036781,0.997444232528
1525094157501585052,,,0,,1525094157,469945908,"""odom""","""base_link""",,,16.6511871683,1.39259774016,0.0,,0.0,0.0,0.0736562028175,0.997283692731
1525094157603385867,,,0,,1525094157,570816994,"""odom""","""base_link""",,,16.7495701752,1.40705813046,0.0,,0.0,0.0,0.0748059119989,0.997198112478
1525094157705124555,,,0,,1525094157,670154095,"""odom""","""base_link""",,,16.8423206661,1.4203791832,0.0,,0.0,0.0,0.0753241366352,0.997159101869
1525094157802738473,,,0,,1525094157,770245075,"""odom""","""base_link""",,,16.938759519,1.43472401813,0.0,,0.0,0.0,0.0763765074845,0.997079048574
1525094157903188479,,,0,,1525094157,870460987,"""odom""","""base_link""",,,17.0354221471,1.44925527104,0.0,,0.0,0.0,0.077198723279,0.997015725615
1525094158005277789,,,0,,1525094157,970407009,"""odom""","""base_link""",,,17.1319252235,1.46371692526,0.0,,0.0,0.0,0.0774880829509,0.996993278313
1525094158103250401,,,0,,1525094158,70622921,"""odom""","""base_link""",,,17.2286031723,1.47844294511,0.0,,0.0,0.0,0.078337132909,0.996926924909
1525094158208227149,,,0,,1525094158,170896053,"""odom""","""base_link""",,,16.9011814093,1.43099961477,0.0,,0.0,0.0,0.0784740724871,0.996916154923
1525094158300052558,,,0,,1525094158,270428896,"""odom""","""base_link""",,,16.9977868375,1.44573178059,0.0,,0.0,0.0,0.0788429380639,0.996887050331
1525094158403656644,,,0,,1525094158,370274067,"""odom""","""base_link""",,,17.0943928173,1.46012170331,0.0,,0.0,0.0,0.0768466281278,0.997042925729
1525094158503815235,,,0,,1525094158,470495939,"""odom""","""base_link""",,,17.196797818,1.47503168088,0.0,,0.0,0.0,0.0759289890266,0.997113227585
1525094158603576539,,,0,,1525094158,569878101,"""odom""","""base_link""",,,17.2936127679,1.4888743506,0.0,,0.0,0.0,0.073726190995,0.997278521157
1525094158703172581,,,0,,1525094158,670170069,"""odom""","""base_link""",,,17.3940630062,1.50315020876,0.0,,0.0,0.0,0.0736131995793,0.997286867881
1525094158796254748,,,0,,1525094158,769886971,"""odom""","""base_link""",,,17.4964232248,1.51806316562,0.0,,0.0,0.0,0.0735565650023,0.997291046658
1525094158902675445,,,0,,1525094158,870970964,"""odom""","""base_link""",,,17.5954980702,1.53263562608,0.0,,0.0,0.0,0.0741331168637,0.997248354716
1525094159001122672,,,0,,1525094158,970458031,"""odom""","""base_link""",,,17.697108877,1.54775556222,0.0,,0.0,0.0,0.0748749504032,0.997192931083
1525094159103232368,,,0,,1525094159,70163012,"""odom""","""base_link""",,,17.7996741461,1.56305377782,0.0,,0.0,0.0,0.075186113136,0.997169518383
1525094159205090483,,,0,,1525094159,170316935,"""odom""","""base_link""",,,17.4231491451,1.45555811766,0.0,,0.0,0.0,0.0743185950836,0.997234549354
1525094159302792545,,,0,,1525094159,270246983,"""odom""","""base_link""",,,17.5272993582,1.47038377311,0.0,,0.0,0.0,0.0731730477527,0.997319259356
1525094159402953206,,,0,,1525094159,370146036,"""odom""","""base_link""",,,17.6264436637,1.48448120148,0.0,,0.0,0.0,0.0725666377906,0.997363566148
1525094159503751694,,,0,,1525094159,470618010,"""odom""","""base_link""",,,17.7322269705,1.49962200387,0.0,,0.0,0.0,0.0726222274,0.997359519976
1525094159604090758,,,0,,1525094159,570331097,"""odom""","""base_link""",,,17.832903577,1.51416613072,0.0,,0.0,0.0,0.0726694102745,0.997356083257
1525094159704933760,,,0,,1525094159,670234919,"""odom""","""base_link""",,,17.9392094714,1.52871353462,0.0,,0.0,0.0,0.0705124710839,0.997510897896
1525094159803819560,,,0,,1525094159,770288944,"""odom""","""base_link""",,,18.0439109688,1.54257821081,0.0,,0.0,0.0,0.0686644568652,0.997639810935
1525094159906031706,,,0,,1525094159,870878935,"""odom""","""base_link""",,,18.1464823739,1.55647962086,0.0,,0.0,0.0,0.0685311724307,0.997648975545
1525094160004593492,,,0,,1525094159,970594883,"""odom""","""base_link""",,,18.2507275855,1.57050744929,0.0,,0.0,0.0,0.0680487745694,0.997681995568
1525094160103554824,,,0,,1525094160,70157051,"""odom""","""base_link""",,,18.3572190404,1.58473766019,0.0,,0.0,0.0,0.067032850032,0.997750768988
1525094160205409857,,,0,,1525094160,171060085,"""odom""","""base_link""",,,17.9963055896,1.44679175158,0.0,,0.0,0.0,0.0653385054078,0.997863156806
1525094160303450920,,,0,,1525094160,270436049,"""odom""","""base_link""",,,18.1004442155,1.45998599396,0.0,,0.0,0.0,0.064299913563,0.99793061939
1525094160402914398,,,0,,1525094160,369836092,"""odom""","""base_link""",,,18.2070800654,1.47376555825,0.0,,0.0,0.0,0.0642084056624,0.997936511328
1525094160504557016,,,0,,1525094160,470153093,"""odom""","""base_link""",,,18.3083166652,1.48692351692,0.0,,0.0,0.0,0.0642113211941,0.997936323735
1525094160606509157,,,0,,1525094160,570044994,"""odom""","""base_link""",,,18.4199049921,1.50097428773,0.0,,0.0,0.0,0.0629150687643,0.998018884652
1525094160706153993,,,0,,1525094160,670281887,"""odom""","""base_link""",,,18.5266521164,1.51395537909,0.0,,0.0,0.0,0.0609958699807,0.998138018435
1525094160807099800,,,0,,1525094160,770307064,"""odom""","""base_link""",,,18.6336580281,1.52644426961,0.0,,0.0,0.0,0.0587491830488,0.998272775093
1525094160906663957,,,0,,1525094160,870177031,"""odom""","""base_link""",,,18.7384335032,1.53829654972,0.0,,0.0,0.0,0.055926434783,0.998434892165
1525094161005748277,,,0,,1525094160,970165968,"""odom""","""base_link""",,,18.8470586103,1.54896024968,0.0,,0.0,0.0,0.0510959906763,0.99869374672
1525094161106340734,,,0,,1525094161,70204973,"""odom""","""base_link""",,,18.9523326955,1.55915277603,0.0,,0.0,0.0,0.0474038607643,0.998875805085
1525094161208493746,,,0,,1525094161,170463085,"""odom""","""base_link""",,,18.5878708049,1.40194319435,0.0,,0.0,0.0,0.0426067710928,0.999091919223
1525094161306375358,,,0,,1525094161,270121098,"""odom""","""base_link""",,,18.6935135265,1.40993621643,0.0,,0.0,0.0,0.0379193229246,0.999280803853
1525094161406130800,,,0,,1525094161,370352030,"""odom""","""base_link""",,,18.8025841319,1.41766516854,0.0,,0.0,0.0,0.0340831351359,0.99941900117
1525094161505146336,,,0,,1525094161,470181942,"""odom""","""base_link""",,,18.9131452921,1.42448455156,0.0,,0.0,0.0,0.0298734648835,0.999553688451
1525094161606701329,,,0,,1525094161,570071936,"""odom""","""base_link""",,,19.0209632815,1.43034291888,0.0,,0.0,0.0,0.025485649779,0.999675188076
1525094161708295538,,,0,,1525094161,670288086,"""odom""","""base_link""",,,19.1302094124,1.43532407814,0.0,,0.0,0.0,0.0212862069365,0.999773423029
1525094161807036915,,,0,,1525094161,770183086,"""odom""","""base_link""",,,19.2393557186,1.43949988343,0.0,,0.0,0.0,0.0167948205974,0.999858957054
1525094161907276468,,,0,,1525094161,870469093,"""odom""","""base_link""",,,19.3526488028,1.44267328975,0.0,,0.0,0.0,0.0123144592425,0.999924174172
1525094162005786224,,,0,,1525094161,970107079,"""odom""","""base_link""",,,19.4620397978,1.44466422262,0.0,,0.0,0.0,0.00787673654955,0.999968978029
1525094162106722500,,,0,,1525094162,70525885,"""odom""","""base_link""",,,19.5752213189,1.44560164444,0.0,,0.0,0.0,0.00347149772987,0.999993974334
1525094162210570227,,,0,,1525094162,170185089,"""odom""","""base_link""",,,19.2606319977,1.29074432568,0.0,,0.0,0.0,-0.00194689737589,0.999998104794
1525094162306643287,,,0,,1525094162,270194054,"""odom""","""base_link""",,,19.3737020521,1.28974542878,0.0,,0.0,0.0,-0.00579543873067,0.999983206304
1525094162407506380,,,0,,1525094162,370398998,"""odom""","""base_link""",,,19.4846754229,1.28759429256,0.0,,0.0,0.0,-0.00995965771482,0.999950401379
1525094162509478180,,,0,,1525094162,470244884,"""odom""","""base_link""",,,19.5974914022,1.28496019866,0.0,,0.0,0.0,-0.0139515587518,0.999902672268
1525094162606870077,,,0,,1525094162,570512056,"""odom""","""base_link""",,,19.7116434873,1.2815399836,0.0,,0.0,0.0,-0.0180036134955,0.999837921816
1525094162707001331,,,0,,1525094162,669996023,"""odom""","""base_link""",,,19.8239821833,1.27704703803,0.0,,0.0,0.0,-0.0223490043482,0.99975022981
1525094162809427232,,,0,,1525094162,769803047,"""odom""","""base_link""",,,19.939157375,1.27139722681,0.0,,0.0,0.0,-0.0266480477382,0.99964487772
1525094162907132784,,,0,,1525094162,870413065,"""odom""","""base_link""",,,20.0512473261,1.26479208427,0.0,,0.0,0.0,-0.030976516055,0.999520112581
1525094163003900498,,,0,,1525094162,970410109,"""odom""","""base_link""",,,20.1669853592,1.25657437503,0.0,,0.0,0.0,-0.0351061025676,0.999383590801
1525094163099675743,,,0,,1525094163,69720030,"""odom""","""base_link""",,,20.2782931634,1.24835340847,0.0,,0.0,0.0,-0.0395239246151,0.999218624418
1525094163211717792,,,0,,1525094163,169820070,"""odom""","""base_link""",,,19.8712813014,1.00524440168,0.0,,0.0,0.0,-0.0437427874169,0.999042826184
1525094163306755710,,,0,,1525094163,270087957,"""odom""","""base_link""",,,19.9831475249,0.996408132698,0.0,,0.0,0.0,-0.0438095091644,0.99903990256
1525094163406937558,,,0,,1525094163,370316029,"""odom""","""base_link""",,,20.0972518887,0.98697159336,0.0,,0.0,0.0,-0.0432073897174,0.999066124675
1525094163499750452,,,0,,1525094163,470398903,"""odom""","""base_link""",,,20.2063530978,0.97904538869,0.0,,0.0,0.0,-0.0409958486726,0.999159316822
1525094163606062780,,,0,,1525094163,569999933,"""odom""","""base_link""",,,20.3191854615,0.971386778021,0.0,,0.0,0.0,-0.0381817337653,0.999270811746
1525094163707470881,,,0,,1525094163,670192003,"""odom""","""base_link""",,,20.4285422775,0.964176769813,0.0,,0.0,0.0,-0.0361992915809,0.999344590864
1525094163807237086,,,0,,1525094163,770731926,"""odom""","""base_link""",,,20.5379853875,0.95681506484,0.0,,0.0,0.0,-0.0353393768829,0.999375369139
1525094163908415501,,,0,,1525094163,869967937,"""odom""","""base_link""",,,20.6465596391,0.949515466612,0.0,,0.0,0.0,-0.0343735319614,0.999409055543
1525094164007812726,,,0,,1525094163,970813036,"""odom""","""base_link""",,,20.7562181527,0.942305315456,0.0,,0.0,0.0,-0.0345623841387,0.999402542323
1525094164104102457,,,0,,1525094164,70470095,"""odom""","""base_link""",,,20.8652092426,0.934837380802,0.0,,0.0,0.0,-0.0350991484468,0.99938383506
1525094164210055320,,,0,,1525094164,170459986,"""odom""","""base_link""",,,20.5332713389,0.754331766209,0.0,,0.0,0.0,-0.0348868519603,0.999391268503
1525094164307658712,,,0,,1525094164,270395041,"""odom""","""base_link""",,,20.6460819924,0.747436203189,0.0,,0.0,0.0,-0.0324769459827,0.999472484854
1525094164410103229,,,0,,1525094164,370174885,"""odom""","""base_link""",,,20.7570017369,0.740755670311,0.0,,0.0,0.0,-0.0310300601405,0.999518451739
1525094164510204492,,,0,,1525094164,470117092,"""odom""","""base_link""",,,20.8684383902,0.734511354797,0.0,,0.0,0.0,-0.0292030447377,0.999573500138
1525094164607846508,,,0,,1525094164,570517063,"""odom""","""base_link""",,,20.9801740958,0.72881936281,0.0,,0.0,0.0,-0.0269753609333,0.999636098739
1525094164709650433,,,0,,1525094164,670320988,"""odom""","""base_link""",,,21.0908963985,0.724432469744,0.0,,0.0,0.0,-0.0237147379602,0.999718766055
1525094164810297185,,,0,,1525094164,770162106,"""odom""","""base_link""",,,21.200193807,0.720048743886,0.0,,0.0,0.0,-0.021637860544,0.999765874088
1525094164909804277,,,0,,1525094164,869924068,"""odom""","""base_link""",,,21.3116196325,0.71620628435,0.0,,0.0,0.0,-0.0192443772443,0.999814809825
1525094165007415777,,,0,,1525094164,969973087,"""odom""","""base_link""",,,21.4227512752,0.712208244219,0.0,,0.0,0.0,-0.0182409402186,0.999833620209
1525094165107581812,,,0,,1525094165,69703102,"""odom""","""base_link""",,,21.5319553847,0.708501381542,0.0,,0.0,0.0,-0.017617630739,0.9998447975
1525094165209473105,,,0,,1525094165,170380116,"""odom""","""base_link""",,,21.2267541636,0.558713555175,0.0,,0.0,0.0,-0.0200216179785,0.999799547316
1525094165309763351,,,0,,1525094165,270596981,"""odom""","""base_link""",,,21.3398330445,0.554162053102,0.0,,0.0,0.0,-0.019939778516,0.999801182852
1525094165408833906,,,0,,1525094165,370212078,"""odom""","""base_link""",,,21.4490649391,0.549259985134,0.0,,0.0,0.0,-0.0218674869576,0.999760877917
1525094165510395704,,,0,,1525094165,469829082,"""odom""","""base_link""",,,21.559673646,0.543915504143,0.0,,0.0,0.0,-0.023878078437,0.999714878038
1525094165610428485,,,0,,1525094165,570375919,"""odom""","""base_link""",,,21.6699826402,0.538388739513,0.0,,0.0,0.0,-0.0254800749624,0.999675330185
1525094165711428012,,,0,,1525094165,670804024,"""odom""","""base_link""",,,21.7809605041,0.532134167119,0.0,,0.0,0.0,-0.0284554317209,0.999595062215
1525094165808999772,,,0,,1525094165,770020962,"""odom""","""base_link""",,,21.886168603,0.525968965533,0.0,,0.0,0.0,-0.0312082152126,0.999512905021
1525094165910746956,,,0,,1525094165,870312929,"""odom""","""base_link""",,,21.9928712123,0.519010353536,0.0,,0.0,0.0,-0.0341850581714,0.999415520091
1525094166010098419,,,0,,1525094165,969844103,"""odom""","""base_link""",,,22.1015710779,0.511026524786,0.0,,0.0,0.0,-0.0382746963976,0.99926725535
1525094166112128372,,,0,,1525094166,70174932,"""odom""","""base_link""",,,22.209286146,0.502072443569,0.0,,0.0,0.0,-0.0429649600774,0.99907657975
1525094166212273018,,,0,,1525094166,170164108,"""odom""","""base_link""",,,21.705949391,0.142553446526,0.0,,0.0,0.0,-0.050046908517,0.998746868304
1525094166311302341,,,0,,1525094166,269768000,"""odom""","""base_link""",,,21.8084480599,0.131976458204,0.0,,0.0,0.0,-0.0532849962469,0.998579345458
1525094166410532025,,,0,,1525094166,370287895,"""odom""","""base_link""",,,21.9132904187,0.120304781784,0.0,,0.0,0.0,-0.0573903965408,0.998351812932
1525094166513101368,,,0,,1525094166,470005035,"""odom""","""base_link""",,,22.015723464,0.107668189747,0.0,,0.0,0.0,-0.0621049511482,0.998069624346
1525094166612072967,,,0,,1525094166,570065975,"""odom""","""base_link""",,,22.1185637303,0.0944254517606,0.0,,0.0,0.0,-0.0662512072084,0.997802975313
1525094166710988883,,,0,,1525094166,670718908,"""odom""","""base_link""",,,22.2218499606,0.0800378713193,0.0,,0.0,0.0,-0.0712563886381,0.99745803274
1525094166813140465,,,0,,1525094166,770451069,"""odom""","""base_link""",,,22.3199343352,0.0653631445517,0.0,,0.0,0.0,-0.0756123680984,0.997137287333
1525094166910529723,,,0,,1525094166,870187044,"""odom""","""base_link""",,,22.4214516187,0.0495462483718,0.0,,0.0,0.0,-0.0786090372711,0.996905521732
1525094167011035840,,,0,,1525094166,970076084,"""odom""","""base_link""",,,22.522424241,0.034374280359,0.0,,0.0,0.0,-0.0795702345039,0.996829262101
1525094167113085415,,,0,,1525094167,70595980,"""odom""","""base_link""",,,22.6209625489,0.0186055437732,0.0,,0.0,0.0,-0.081305515569,0.996689225957
1525094167213775942,,,0,,1525094167,170059919,"""odom""","""base_link""",,,22.0246888311,-0.407907319405,0.0,,0.0,0.0,-0.0851669300674,0.996366696565
1525094167310835028,,,0,,1525094167,270615101,"""odom""","""base_link""",,,22.1272530996,-0.42439733031,0.0,,0.0,0.0,-0.0834993602127,0.996507830799
1525094167410719926,,,0,,1525094167,370223045,"""odom""","""base_link""",,,22.2258785765,-0.439873888576,0.0,,0.0,0.0,-0.0816425935316,0.996661671241
1525094167510955512,,,0,,1525094167,470379114,"""odom""","""base_link""",,,22.3241253417,-0.455122547657,0.0,,0.0,0.0,-0.0796116599036,0.996825954521
1525094167611540893,,,0,,1525094167,570020914,"""odom""","""base_link""",,,22.4203911332,-0.46987839061,0.0,,0.0,0.0,-0.0794905329298,0.99683562094
1525094167713656397,,,0,,1525094167,669780016,"""odom""","""base_link""",,,22.5202357797,-0.485907644749,0.0,,0.0,0.0,-0.0812525151359,0.99669354808
1525094167810936979,,,0,,1525094167,770499945,"""odom""","""base_link""",,,22.6186417624,-0.502451820535,0.0,,0.0,0.0,-0.083832666928,0.996479846237
1525094167911347656,,,0,,1525094167,870683908,"""odom""","""base_link""",,,22.7134509957,-0.518038099029,0.0,,0.0,0.0,-0.0829178297605,0.99655638752
1525094168010815800,,,0,,1525094167,970006943,"""odom""","""base_link""",,,22.8073145889,-0.533358747882,0.0,,0.0,0.0,-0.0832903915385,0.996525318633
1525094168111073634,,,0,,1525094168,70113897,"""odom""","""base_link""",,,22.9055863657,-0.549493107624,0.0,,0.0,0.0,-0.0822530242355,0.996611478965
1525094168213942364,,,0,,1525094168,170289040,"""odom""","""base_link""",,,22.5016832837,-0.783629047675,0.0,,0.0,0.0,-0.0818097172326,0.996647967021
1525094168313193396,,,0,,1525094168,270384073,"""odom""","""base_link""",,,22.5981427002,-0.797833772186,0.0,,0.0,0.0,-0.0771899561277,0.997016404415
1525094168410802355,,,0,,1525094168,370170116,"""odom""","""base_link""",,,22.6925673798,-0.811215207175,0.0,,0.0,0.0,-0.0730693807492,0.99732685996
1525094168511265403,,,0,,1525094168,469811916,"""odom""","""base_link""",,,22.7932583739,-0.82464192676,0.0,,0.0,0.0,-0.0691564209468,0.997605828693
1525094168610572920,,,0,,1525094168,570005894,"""odom""","""base_link""",,,22.8943558415,-0.837170651029,0.0,,0.0,0.0,-0.0639265772455,0.99795460454
1525094168711621029,,,0,,1525094168,670267105,"""odom""","""base_link""",,,23.0004039653,-0.849399788231,0.0,,0.0,0.0,-0.0601837245487,0.998187316739
1525094168811058732,,,0,,1525094168,770807028,"""odom""","""base_link""",,,23.1017603767,-0.860441713821,0.0,,0.0,0.0,-0.0564467523147,0.998405611038
1525094168910069471,,,0,,1525094168,870609045,"""odom""","""base_link""",,,23.1989185281,-0.87113105708,0.0,,0.0,0.0,-0.0549660805417,0.998488222259
1525094169014451793,,,0,,1525094168,970473051,"""odom""","""base_link""",,,23.2975897208,-0.881312296639,0.0,,0.0,0.0,-0.0522650181878,0.998633249934
1525094169111978498,,,0,,1525094169,70430994,"""odom""","""base_link""",,,23.3948180866,-0.890792310131,0.0,,0.0,0.0,-0.0493305792428,0.99878250583
1525094169216594940,,,0,,1525094169,170833111,"""odom""","""base_link""",,,22.9225762779,-1.32995784546,0.0,,0.0,0.0,-0.0492053790677,0.998788681689
1525094169313242545,,,0,,1525094169,270073891,"""odom""","""base_link""",,,23.0222291598,-1.33906181113,0.0,,0.0,0.0,-0.0444355689116,0.999012252285
1525094169413389845,,,0,,1525094169,370078087,"""odom""","""base_link""",,,23.1235384093,-1.34696097075,0.0,,0.0,0.0,-0.0394828212797,0.999220249406
1525094169514164262,,,0,,1525094169,470061064,"""odom""","""base_link""",,,23.2247412243,-1.35420155625,0.0,,0.0,0.0,-0.035488232941,0.999370094271
1525094169614632900,,,0,,1525094169,570305109,"""odom""","""base_link""",,,23.3262499995,-1.36088128744,0.0,,0.0,0.0,-0.0315858704204,0.999501041915
1525094169714382546,,,0,,1525094169,670269966,"""odom""","""base_link""",,,23.4312752621,-1.36690838602,0.0,,0.0,0.0,-0.0275021089616,0.999621745463
1525094169815007421,,,0,,1525094169,770133018,"""odom""","""base_link""",,,23.5335026681,-1.37226613677,0.0,,0.0,0.0,-0.0233318773804,0.999727774696
1525094169914778242,,,0,,1525094169,869987965,"""odom""","""base_link""",,,23.6343525008,-1.37644511655,0.0,,0.0,0.0,-0.0200045630476,0.999799888706
1525094170011326703,,,0,,1525094169,969626904,"""odom""","""base_link""",,,23.7391634824,-1.38062188363,0.0,,0.0,0.0,-0.0164314693369,0.999864994294
1525094170113559001,,,0,,1525094170,69796085,"""odom""","""base_link""",,,23.8395883651,-1.38360958076,0.0,,0.0,0.0,-0.0124949412653,0.999921935174
1525094170217212826,,,0,,1525094170,169698954,"""odom""","""base_link""",,,23.1605493764,-2.05601698232,0.0,,0.0,0.0,-0.0119211687378,0.999928940343
1525094170314201665,,,0,,1525094170,270087957,"""odom""","""base_link""",,,23.2586898583,-2.05759599124,0.0,,0.0,0.0,-0.00580245116907,0.999983165639
1525094170416354744,,,0,,1525094170,370795012,"""odom""","""base_link""",,,23.3582953452,-2.0583799266,0.0,,0.0,0.0,-0.00140149446995,0.999999017906
1525094170512570486,,,0,,1525094170,470223904,"""odom""","""base_link""",,,23.4503662461,-2.05837824599,0.0,,0.0,0.0,0.00343559591442,0.999994098323
1525094170615398867,,,0,,1525094170,570261002,"""odom""","""base_link""",,,23.5383190799,-2.0572864462,0.0,,0.0,0.0,0.00773896684519,0.999970053748
1525094170716524776,,,0,,1525094170,669835091,"""odom""","""base_link""",,,23.6212201528,-2.0561519839,0.0,,0.0,0.0,0.00904767289758,0.99995906897
1525094170815000657,,,0,,1525094170,770229101,"""odom""","""base_link""",,,23.6958901156,-2.05482172276,0.0,,0.0,0.0,0.0121055070558,0.999926725665
1525094170916667956,,,0,,1525094170,870819092,"""odom""","""base_link""",,,23.7643201098,-2.05289733346,0.0,,0.0,0.0,0.0155985485485,0.99987833524
1525094171006573236,,,0,,1525094170,969657898,"""odom""","""base_link""",,,23.8304914208,-2.05077116385,0.0,,0.0,0.0,0.0189459622429,0.999820509149
1525094171115608004,,,0,,1525094171,70045948,"""odom""","""base_link""",,,23.8912189772,-2.04808266023,0.0,,0.0,0.0,0.0225524878781,0.999745660301
1525094171217363023,,,0,,1525094171,170327902,"""odom""","""base_link""",,,23.0870679214,-2.80877358875,0.0,,0.0,0.0,0.02334528757,0.999727461636
1525094171314543692,,,0,,1525094171,270132065,"""odom""","""base_link""",,,23.1355004854,-2.80631014566,0.0,,0.0,0.0,0.0270106080442,0.999635146968
1525094171417338727,,,0,,1525094171,370313883,"""odom""","""base_link""",,,23.1861498538,-2.80339408952,0.0,,0.0,0.0,0.0301762340078,0.999544593753
1525094171515107611,,,0,,1525094171,469640970,"""odom""","""base_link""",,,23.2270803733,-2.80072071179,0.0,,0.0,0.0,0.0329188052408,0.999458029265
1525094171614345646,,,0,,1525094171,570409060,"""odom""","""base_link""",,,23.2662016137,-2.79803327334,0.0,,0.0,0.0,0.0352943493145,0.999376960364
1525094171715557329,,,0,,1525094171,670032978,"""odom""","""base_link""",,,23.3029285791,-2.79533839746,0.0,,0.0,0.0,0.0374987106359,0.999296676018
1525094171817664332,,,0,,1525094171,769953966,"""odom""","""base_link""",,,23.337978706,-2.79266514709,0.0,,0.0,0.0,0.0393374938524,0.999225981236
1525094171916562380,,,0,,1525094171,870074987,"""odom""","""base_link""",,,23.369364946,-2.79015635539,0.0,,0.0,0.0,0.04132991352,0.999145554085
1525094172017352857,,,0,,1525094171,969774961,"""odom""","""base_link""",,,23.3945933898,-2.78797530924,0.0,,0.0,0.0,0.0429182355209,0.99907858803
1525094172115206636,,,0,,1525094172,70102930,"""odom""","""base_link""",,,23.4216212005,-2.78564812069,0.0,,0.0,0.0,0.0443362207578,0.999016666292
1525094172217963050,,,0,,1525094172,170176029,"""odom""","""base_link""",,,22.8238473923,-3.31129520053,0.0,,0.0,0.0,0.0451888021037,0.998978464315
1525094172317371481,,,0,,1525094172,270056963,"""odom""","""base_link""",,,22.8427424088,-3.30945134764,0.0,,0.0,0.0,0.0467874823564,0.998904866088
1525094172414884289,,,0,,1525094172,370105028,"""odom""","""base_link""",,,22.858327987,-3.30802408623,0.0,,0.0,0.0,0.0477502761716,0.99885930497
1525094172514831801,,,0,,1525094172,470021009,"""odom""","""base_link""",,,22.8738316995,-3.30657493445,0.0,,0.0,0.0,0.0486097664357,0.99881784656
1525094172614408319,,,0,,1525094172,569957972,"""odom""","""base_link""",,,22.8872038321,-3.30523484118,0.0,,0.0,0.0,0.0494959043484,0.998774326589
1525094172714547856,,,0,,1525094172,670103073,"""odom""","""base_link""",,,22.8988934452,-3.30410151921,0.0,,0.0,0.0,0.0501365088116,0.998742374431
1525094172815278151,,,0,,1525094172,769985914,"""odom""","""base_link""",,,22.9090490896,-3.30315579111,0.0,,0.0,0.0,0.0507560965499,0.998711078672
1525094172918544076,,,0,,1525094172,870187044,"""odom""","""base_link""",,,22.9148423696,-3.30253890179,0.0,,0.0,0.0,0.0509615969872,0.998700613614
1525094173010060133,,,0,,1525094172,970150948,"""odom""","""base_link""",,,22.9202340931,-3.30197686239,0.0,,0.0,0.0,0.0509482154755,0.998701296354
1525094173116040443,,,0,,1525094173,70429087,"""odom""","""base_link""",,,22.9263561255,-3.30141651623,0.0,,0.0,0.0,0.0508394490758,0.998706839076
1525094173217829562,,,0,,1525094173,170677900,"""odom""","""base_link""",,,22.0949268436,-4.09663090606,0.0,,0.0,0.0,0.0506251370262,0.998717725637
1525094173318332161,,,0,,1525094173,269805908,"""odom""","""base_link""",,,22.0949351297,-4.09666630695,0.0,,0.0,0.0,0.0506841991082,0.998714730021
1525094173418008195,,,0,,1525094173,370452881,"""odom""","""base_link""",,,22.0948943074,-4.09670497045,0.0,,0.0,0.0,0.0506989903251,0.998713979265
1525094173516388693,,,0,,1525094173,470007896,"""odom""","""base_link""",,,22.0948741237,-4.09673250261,0.0,,0.0,0.0,0.0506313650083,0.99871740992
1525094173609668490,,,0,,1525094173,569824934,"""odom""","""base_link""",,,22.0948471019,-4.09675816424,0.0,,0.0,0.0,0.0507031331545,0.998713768949
1525094173709400189,,,0,,1525094173,669688940,"""odom""","""base_link""",,,22.0948237823,-4.09677958016,0.0,,0.0,0.0,0.0507377124192,0.998712012814
